"region","year","Technology_detailed","value","Technology","Units","scenario","Trade","ReactorCost","FuelCost"
"USA",2021,"Nuclear - Legacy",811.5533,"Nuclear - Legacy","TWh","100% Domestic","100% Domestic","Reactor - Mod.","Fuel - Mod."
"USA",2025,"Nuclear - Large - PWR",18.3333333333333,"Nuclear - Large - PWR","TWh","100% Domestic","100% Domestic","Reactor - Mod.","Fuel - Mod."
"USA",2025,"Nuclear - Legacy",808.465805555556,"Nuclear - Legacy","TWh","100% Domestic","100% Domestic","Reactor - Mod.","Fuel - Mod."
"USA",2030,"Nuclear - Large - PWR",31.0991388888889,"Nuclear - Large - PWR","TWh","100% Domestic","100% Domestic","Reactor - Mod.","Fuel - Mod."
"USA",2030,"Nuclear - Legacy",808.346944444444,"Nuclear - Legacy","TWh","100% Domestic","100% Domestic","Reactor - Mod.","Fuel - Mod."
"USA",2035,"Nuclear - Large - PWR",51.4495555555556,"Nuclear - Large - PWR","TWh","100% Domestic","100% Domestic","Reactor - Mod.","Fuel - Mod."
"USA",2035,"Nuclear - Legacy",787.563888888889,"Nuclear - Legacy","TWh","100% Domestic","100% Domestic","Reactor - Mod.","Fuel - Mod."
"USA",2035,"Nuclear - SMR - BWR",3.32636111111111,"Nuclear - SMR - BWR","TWh","100% Domestic","100% Domestic","Reactor - Mod.","Fuel - Mod."
"USA",2035,"Nuclear - SMR - HTGR",2.76725833333333,"Nuclear - SMR - HTGR","TWh","100% Domestic","100% Domestic","Reactor - Mod.","Fuel - Mod."
"USA",2035,"Nuclear - SMR - MSR",1.30322222222222,"Nuclear - SMR - MSR","TWh","100% Domestic","100% Domestic","Reactor - Mod.","Fuel - Mod."
"USA",2035,"Nuclear - SMR - PWR modular",2.46266666666667,"Nuclear - SMR - PWR modular","TWh","100% Domestic","100% Domestic","Reactor - Mod.","Fuel - Mod."
"USA",2035,"Nuclear - SMR - SFR",2.57246388888889,"Nuclear - SMR - SFR","TWh","100% Domestic","100% Domestic","Reactor - Mod.","Fuel - Mod."
"USA",2040,"Nuclear - Large - PWR",88.4078611111111,"Nuclear - Large - PWR","TWh","100% Domestic","100% Domestic","Reactor - Mod.","Fuel - Mod."
"USA",2040,"Nuclear - Legacy",785.573888888889,"Nuclear - Legacy","TWh","100% Domestic","100% Domestic","Reactor - Mod.","Fuel - Mod."
"USA",2040,"Nuclear - SMR - BWR",9.68375,"Nuclear - SMR - BWR","TWh","100% Domestic","100% Domestic","Reactor - Mod.","Fuel - Mod."
"USA",2040,"Nuclear - SMR - HTGR",7.19078888888889,"Nuclear - SMR - HTGR","TWh","100% Domestic","100% Domestic","Reactor - Mod.","Fuel - Mod."
"USA",2040,"Nuclear - SMR - MSR",3.101525,"Nuclear - SMR - MSR","TWh","100% Domestic","100% Domestic","Reactor - Mod.","Fuel - Mod."
"USA",2040,"Nuclear - SMR - PWR modular",5.90764166666667,"Nuclear - SMR - PWR modular","TWh","100% Domestic","100% Domestic","Reactor - Mod.","Fuel - Mod."
"USA",2040,"Nuclear - SMR - SFR",6.26495833333333,"Nuclear - SMR - SFR","TWh","100% Domestic","100% Domestic","Reactor - Mod.","Fuel - Mod."
"USA",2045,"Nuclear - Large - PWR",128.67225,"Nuclear - Large - PWR","TWh","100% Domestic","100% Domestic","Reactor - Mod.","Fuel - Mod."
"USA",2045,"Nuclear - Legacy",783.656722222222,"Nuclear - Legacy","TWh","100% Domestic","100% Domestic","Reactor - Mod.","Fuel - Mod."
"USA",2045,"Nuclear - SMR - BWR",19.2548888888889,"Nuclear - SMR - BWR","TWh","100% Domestic","100% Domestic","Reactor - Mod.","Fuel - Mod."
"USA",2045,"Nuclear - SMR - HTGR",13.2678111111111,"Nuclear - SMR - HTGR","TWh","100% Domestic","100% Domestic","Reactor - Mod.","Fuel - Mod."
"USA",2045,"Nuclear - SMR - MSR",4.96255833333333,"Nuclear - SMR - MSR","TWh","100% Domestic","100% Domestic","Reactor - Mod.","Fuel - Mod."
"USA",2045,"Nuclear - SMR - PWR modular",9.21633055555555,"Nuclear - SMR - PWR modular","TWh","100% Domestic","100% Domestic","Reactor - Mod.","Fuel - Mod."
"USA",2045,"Nuclear - SMR - SFR",10.7052861111111,"Nuclear - SMR - SFR","TWh","100% Domestic","100% Domestic","Reactor - Mod.","Fuel - Mod."
"USA",2050,"Nuclear - Large - PWR",202.556611111111,"Nuclear - Large - PWR","TWh","100% Domestic","100% Domestic","Reactor - Mod.","Fuel - Mod."
"USA",2050,"Nuclear - Legacy",754.411638888889,"Nuclear - Legacy","TWh","100% Domestic","100% Domestic","Reactor - Mod.","Fuel - Mod."
"USA",2050,"Nuclear - SMR - BWR",40.6114444444444,"Nuclear - SMR - BWR","TWh","100% Domestic","100% Domestic","Reactor - Mod.","Fuel - Mod."
"USA",2050,"Nuclear - SMR - HTGR",26.0887388888889,"Nuclear - SMR - HTGR","TWh","100% Domestic","100% Domestic","Reactor - Mod.","Fuel - Mod."
"USA",2050,"Nuclear - SMR - MSR",8.41328888888889,"Nuclear - SMR - MSR","TWh","100% Domestic","100% Domestic","Reactor - Mod.","Fuel - Mod."
"USA",2050,"Nuclear - SMR - PWR modular",15.3054611111111,"Nuclear - SMR - PWR modular","TWh","100% Domestic","100% Domestic","Reactor - Mod.","Fuel - Mod."
"USA",2050,"Nuclear - SMR - SFR",19.3387722222222,"Nuclear - SMR - SFR","TWh","100% Domestic","100% Domestic","Reactor - Mod.","Fuel - Mod."
"USA",2055,"Nuclear - Large - PWR",274.789805555556,"Nuclear - Large - PWR","TWh","100% Domestic","100% Domestic","Reactor - Mod.","Fuel - Mod."
"USA",2055,"Nuclear - Legacy",537.34875,"Nuclear - Legacy","TWh","100% Domestic","100% Domestic","Reactor - Mod.","Fuel - Mod."
"USA",2055,"Nuclear - SMR - BWR",64.9988333333333,"Nuclear - SMR - BWR","TWh","100% Domestic","100% Domestic","Reactor - Mod.","Fuel - Mod."
"USA",2055,"Nuclear - SMR - HTGR",40.0495805555556,"Nuclear - SMR - HTGR","TWh","100% Domestic","100% Domestic","Reactor - Mod.","Fuel - Mod."
"USA",2055,"Nuclear - SMR - MSR",11.7203166666667,"Nuclear - SMR - MSR","TWh","100% Domestic","100% Domestic","Reactor - Mod.","Fuel - Mod."
"USA",2055,"Nuclear - SMR - PWR modular",21.3390777777778,"Nuclear - SMR - PWR modular","TWh","100% Domestic","100% Domestic","Reactor - Mod.","Fuel - Mod."
"USA",2055,"Nuclear - SMR - SFR",28.2399361111111,"Nuclear - SMR - SFR","TWh","100% Domestic","100% Domestic","Reactor - Mod.","Fuel - Mod."
"USA",2060,"Nuclear - Large - PWR",340.964333333333,"Nuclear - Large - PWR","TWh","100% Domestic","100% Domestic","Reactor - Mod.","Fuel - Mod."
"USA",2060,"Nuclear - Legacy",418.538888888889,"Nuclear - Legacy","TWh","100% Domestic","100% Domestic","Reactor - Mod.","Fuel - Mod."
"USA",2060,"Nuclear - SMR - BWR",90.1037222222222,"Nuclear - SMR - BWR","TWh","100% Domestic","100% Domestic","Reactor - Mod.","Fuel - Mod."
"USA",2060,"Nuclear - SMR - HTGR",53.9756833333333,"Nuclear - SMR - HTGR","TWh","100% Domestic","100% Domestic","Reactor - Mod.","Fuel - Mod."
"USA",2060,"Nuclear - SMR - MSR",14.5862,"Nuclear - SMR - MSR","TWh","100% Domestic","100% Domestic","Reactor - Mod.","Fuel - Mod."
"USA",2060,"Nuclear - SMR - PWR modular",26.9227805555556,"Nuclear - SMR - PWR modular","TWh","100% Domestic","100% Domestic","Reactor - Mod.","Fuel - Mod."
"USA",2060,"Nuclear - SMR - SFR",36.7074083333333,"Nuclear - SMR - SFR","TWh","100% Domestic","100% Domestic","Reactor - Mod.","Fuel - Mod."
"USA",2065,"Nuclear - Large - PWR",414.009,"Nuclear - Large - PWR","TWh","100% Domestic","100% Domestic","Reactor - Mod.","Fuel - Mod."
"USA",2065,"Nuclear - Legacy",239.534722222222,"Nuclear - Legacy","TWh","100% Domestic","100% Domestic","Reactor - Mod.","Fuel - Mod."
"USA",2065,"Nuclear - SMR - BWR",119.578777777778,"Nuclear - SMR - BWR","TWh","100% Domestic","100% Domestic","Reactor - Mod.","Fuel - Mod."
"USA",2065,"Nuclear - SMR - HTGR",70.0398111111111,"Nuclear - SMR - HTGR","TWh","100% Domestic","100% Domestic","Reactor - Mod.","Fuel - Mod."
"USA",2065,"Nuclear - SMR - MSR",17.8019361111111,"Nuclear - SMR - MSR","TWh","100% Domestic","100% Domestic","Reactor - Mod.","Fuel - Mod."
"USA",2065,"Nuclear - SMR - PWR modular",33.1270888888889,"Nuclear - SMR - PWR modular","TWh","100% Domestic","100% Domestic","Reactor - Mod.","Fuel - Mod."
"USA",2065,"Nuclear - SMR - SFR",46.2218972222222,"Nuclear - SMR - SFR","TWh","100% Domestic","100% Domestic","Reactor - Mod.","Fuel - Mod."
"USA",2070,"Nuclear - Large - PWR",491.251944444444,"Nuclear - Large - PWR","TWh","100% Domestic","100% Domestic","Reactor - Mod.","Fuel - Mod."
"USA",2070,"Nuclear - Legacy",46.3697777777778,"Nuclear - Legacy","TWh","100% Domestic","100% Domestic","Reactor - Mod.","Fuel - Mod."
"USA",2070,"Nuclear - SMR - BWR",152.352944444444,"Nuclear - SMR - BWR","TWh","100% Domestic","100% Domestic","Reactor - Mod.","Fuel - Mod."
"USA",2070,"Nuclear - SMR - HTGR",87.6571888888889,"Nuclear - SMR - HTGR","TWh","100% Domestic","100% Domestic","Reactor - Mod.","Fuel - Mod."
"USA",2070,"Nuclear - SMR - MSR",21.2265694444444,"Nuclear - SMR - MSR","TWh","100% Domestic","100% Domestic","Reactor - Mod.","Fuel - Mod."
"USA",2070,"Nuclear - SMR - PWR modular",39.7334944444444,"Nuclear - SMR - PWR modular","TWh","100% Domestic","100% Domestic","Reactor - Mod.","Fuel - Mod."
"USA",2070,"Nuclear - SMR - SFR",56.4405083333333,"Nuclear - SMR - SFR","TWh","100% Domestic","100% Domestic","Reactor - Mod.","Fuel - Mod."
"USA",2075,"Nuclear - Large - PWR",569.026027777778,"Nuclear - Large - PWR","TWh","100% Domestic","100% Domestic","Reactor - Mod.","Fuel - Mod."
"USA",2075,"Nuclear - Legacy",18.1411666666667,"Nuclear - Legacy","TWh","100% Domestic","100% Domestic","Reactor - Mod.","Fuel - Mod."
"USA",2075,"Nuclear - SMR - BWR",186.447611111111,"Nuclear - SMR - BWR","TWh","100% Domestic","100% Domestic","Reactor - Mod.","Fuel - Mod."
"USA",2075,"Nuclear - SMR - HTGR",105.820716666667,"Nuclear - SMR - HTGR","TWh","100% Domestic","100% Domestic","Reactor - Mod.","Fuel - Mod."
"USA",2075,"Nuclear - SMR - MSR",24.752675,"Nuclear - SMR - MSR","TWh","100% Domestic","100% Domestic","Reactor - Mod.","Fuel - Mod."
"USA",2075,"Nuclear - SMR - PWR modular",46.4352111111111,"Nuclear - SMR - PWR modular","TWh","100% Domestic","100% Domestic","Reactor - Mod.","Fuel - Mod."
"USA",2075,"Nuclear - SMR - SFR",66.8531333333333,"Nuclear - SMR - SFR","TWh","100% Domestic","100% Domestic","Reactor - Mod.","Fuel - Mod."
"USA",2080,"Nuclear - Large - PWR",669.628638888889,"Nuclear - Large - PWR","TWh","100% Domestic","100% Domestic","Reactor - Mod.","Fuel - Mod."
"USA",2080,"Nuclear - Legacy",9.26186111111111,"Nuclear - Legacy","TWh","100% Domestic","100% Domestic","Reactor - Mod.","Fuel - Mod."
"USA",2080,"Nuclear - SMR - BWR",231.795638888889,"Nuclear - SMR - BWR","TWh","100% Domestic","100% Domestic","Reactor - Mod.","Fuel - Mod."
"USA",2080,"Nuclear - SMR - HTGR",129.811941666667,"Nuclear - SMR - HTGR","TWh","100% Domestic","100% Domestic","Reactor - Mod.","Fuel - Mod."
"USA",2080,"Nuclear - SMR - MSR",29.3727861111111,"Nuclear - SMR - MSR","TWh","100% Domestic","100% Domestic","Reactor - Mod.","Fuel - Mod."
"USA",2080,"Nuclear - SMR - PWR modular",55.1671472222222,"Nuclear - SMR - PWR modular","TWh","100% Domestic","100% Domestic","Reactor - Mod.","Fuel - Mod."
"USA",2080,"Nuclear - SMR - SFR",80.4769194444444,"Nuclear - SMR - SFR","TWh","100% Domestic","100% Domestic","Reactor - Mod.","Fuel - Mod."
"USA",2085,"Nuclear - Large - PWR",744.245416666667,"Nuclear - Large - PWR","TWh","100% Domestic","100% Domestic","Reactor - Mod.","Fuel - Mod."
"USA",2085,"Nuclear - Legacy",9.25622222222222,"Nuclear - Legacy","TWh","100% Domestic","100% Domestic","Reactor - Mod.","Fuel - Mod."
"USA",2085,"Nuclear - SMR - BWR",267.376777777778,"Nuclear - SMR - BWR","TWh","100% Domestic","100% Domestic","Reactor - Mod.","Fuel - Mod."
"USA",2085,"Nuclear - SMR - HTGR",148.407161111111,"Nuclear - SMR - HTGR","TWh","100% Domestic","100% Domestic","Reactor - Mod.","Fuel - Mod."
"USA",2085,"Nuclear - SMR - MSR",32.4827111111111,"Nuclear - SMR - MSR","TWh","100% Domestic","100% Domestic","Reactor - Mod.","Fuel - Mod."
"USA",2085,"Nuclear - SMR - PWR modular",61.7192,"Nuclear - SMR - PWR modular","TWh","100% Domestic","100% Domestic","Reactor - Mod.","Fuel - Mod."
"USA",2085,"Nuclear - SMR - SFR",90.8285555555556,"Nuclear - SMR - SFR","TWh","100% Domestic","100% Domestic","Reactor - Mod.","Fuel - Mod."
"USA",2090,"Nuclear - Large - PWR",794.652194444444,"Nuclear - Large - PWR","TWh","100% Domestic","100% Domestic","Reactor - Mod.","Fuel - Mod."
"USA",2090,"Nuclear - Legacy",9.24438888888889,"Nuclear - Legacy","TWh","100% Domestic","100% Domestic","Reactor - Mod.","Fuel - Mod."
"USA",2090,"Nuclear - SMR - BWR",298.369666666667,"Nuclear - SMR - BWR","TWh","100% Domestic","100% Domestic","Reactor - Mod.","Fuel - Mod."
"USA",2090,"Nuclear - SMR - HTGR",164.491702777778,"Nuclear - SMR - HTGR","TWh","100% Domestic","100% Domestic","Reactor - Mod.","Fuel - Mod."
"USA",2090,"Nuclear - SMR - MSR",34.9448611111111,"Nuclear - SMR - MSR","TWh","100% Domestic","100% Domestic","Reactor - Mod.","Fuel - Mod."
"USA",2090,"Nuclear - SMR - PWR modular",67.2918916666667,"Nuclear - SMR - PWR modular","TWh","100% Domestic","100% Domestic","Reactor - Mod.","Fuel - Mod."
"USA",2090,"Nuclear - SMR - SFR",99.6945111111111,"Nuclear - SMR - SFR","TWh","100% Domestic","100% Domestic","Reactor - Mod.","Fuel - Mod."
"USA",2095,"Nuclear - Large - PWR",845.531111111111,"Nuclear - Large - PWR","TWh","100% Domestic","100% Domestic","Reactor - Mod.","Fuel - Mod."
"USA",2095,"Nuclear - Legacy",9.22888888888889,"Nuclear - Legacy","TWh","100% Domestic","100% Domestic","Reactor - Mod.","Fuel - Mod."
"USA",2095,"Nuclear - SMR - BWR",330.435027777778,"Nuclear - SMR - BWR","TWh","100% Domestic","100% Domestic","Reactor - Mod.","Fuel - Mod."
"USA",2095,"Nuclear - SMR - HTGR",180.056138888889,"Nuclear - SMR - HTGR","TWh","100% Domestic","100% Domestic","Reactor - Mod.","Fuel - Mod."
"USA",2095,"Nuclear - SMR - MSR",36.543525,"Nuclear - SMR - MSR","TWh","100% Domestic","100% Domestic","Reactor - Mod.","Fuel - Mod."
"USA",2095,"Nuclear - SMR - PWR modular",71.2134166666667,"Nuclear - SMR - PWR modular","TWh","100% Domestic","100% Domestic","Reactor - Mod.","Fuel - Mod."
"USA",2095,"Nuclear - SMR - SFR",107.242888888889,"Nuclear - SMR - SFR","TWh","100% Domestic","100% Domestic","Reactor - Mod.","Fuel - Mod."
"USA",2100,"Nuclear - Large - PWR",875.5675,"Nuclear - Large - PWR","TWh","100% Domestic","100% Domestic","Reactor - Mod.","Fuel - Mod."
"USA",2100,"Nuclear - SMR - BWR",357.84525,"Nuclear - SMR - BWR","TWh","100% Domestic","100% Domestic","Reactor - Mod.","Fuel - Mod."
"USA",2100,"Nuclear - SMR - HTGR",193.052722222222,"Nuclear - SMR - HTGR","TWh","100% Domestic","100% Domestic","Reactor - Mod.","Fuel - Mod."
"USA",2100,"Nuclear - SMR - MSR",37.4064944444444,"Nuclear - SMR - MSR","TWh","100% Domestic","100% Domestic","Reactor - Mod.","Fuel - Mod."
"USA",2100,"Nuclear - SMR - PWR modular",73.8065,"Nuclear - SMR - PWR modular","TWh","100% Domestic","100% Domestic","Reactor - Mod.","Fuel - Mod."
"USA",2100,"Nuclear - SMR - SFR",113.135472222222,"Nuclear - SMR - SFR","TWh","100% Domestic","100% Domestic","Reactor - Mod.","Fuel - Mod."
"USA",2021,"Nuclear - Legacy",811.5533,"Nuclear - Legacy","TWh","100% Domestic - Adv. Fuel","100% Domestic","Reactor - Mod.","Fuel - Adv."
"USA",2025,"Nuclear - Large - PWR",18.3333333333333,"Nuclear - Large - PWR","TWh","100% Domestic - Adv. Fuel","100% Domestic","Reactor - Mod.","Fuel - Adv."
"USA",2025,"Nuclear - Legacy",808.465777777778,"Nuclear - Legacy","TWh","100% Domestic - Adv. Fuel","100% Domestic","Reactor - Mod.","Fuel - Adv."
"USA",2030,"Nuclear - Large - PWR",31.1405555555556,"Nuclear - Large - PWR","TWh","100% Domestic - Adv. Fuel","100% Domestic","Reactor - Mod.","Fuel - Adv."
"USA",2030,"Nuclear - Legacy",808.359805555556,"Nuclear - Legacy","TWh","100% Domestic - Adv. Fuel","100% Domestic","Reactor - Mod.","Fuel - Adv."
"USA",2035,"Nuclear - Large - PWR",53.0031944444444,"Nuclear - Large - PWR","TWh","100% Domestic - Adv. Fuel","100% Domestic","Reactor - Mod.","Fuel - Adv."
"USA",2035,"Nuclear - Legacy",788.163,"Nuclear - Legacy","TWh","100% Domestic - Adv. Fuel","100% Domestic","Reactor - Mod.","Fuel - Adv."
"USA",2035,"Nuclear - SMR - BWR",3.39322222222222,"Nuclear - SMR - BWR","TWh","100% Domestic - Adv. Fuel","100% Domestic","Reactor - Mod.","Fuel - Adv."
"USA",2035,"Nuclear - SMR - HTGR",2.88775,"Nuclear - SMR - HTGR","TWh","100% Domestic - Adv. Fuel","100% Domestic","Reactor - Mod.","Fuel - Adv."
"USA",2035,"Nuclear - SMR - MSR",1.48325,"Nuclear - SMR - MSR","TWh","100% Domestic - Adv. Fuel","100% Domestic","Reactor - Mod.","Fuel - Adv."
"USA",2035,"Nuclear - SMR - PWR modular",2.64998611111111,"Nuclear - SMR - PWR modular","TWh","100% Domestic - Adv. Fuel","100% Domestic","Reactor - Mod.","Fuel - Adv."
"USA",2035,"Nuclear - SMR - SFR",2.72891111111111,"Nuclear - SMR - SFR","TWh","100% Domestic - Adv. Fuel","100% Domestic","Reactor - Mod.","Fuel - Adv."
"USA",2040,"Nuclear - Large - PWR",96.8283888888889,"Nuclear - Large - PWR","TWh","100% Domestic - Adv. Fuel","100% Domestic","Reactor - Mod.","Fuel - Adv."
"USA",2040,"Nuclear - Legacy",787.713777777778,"Nuclear - Legacy","TWh","100% Domestic - Adv. Fuel","100% Domestic","Reactor - Mod.","Fuel - Adv."
"USA",2040,"Nuclear - SMR - BWR",10.1456944444444,"Nuclear - SMR - BWR","TWh","100% Domestic - Adv. Fuel","100% Domestic","Reactor - Mod.","Fuel - Adv."
"USA",2040,"Nuclear - SMR - HTGR",7.825,"Nuclear - SMR - HTGR","TWh","100% Domestic - Adv. Fuel","100% Domestic","Reactor - Mod.","Fuel - Adv."
"USA",2040,"Nuclear - SMR - MSR",3.79884444444444,"Nuclear - SMR - MSR","TWh","100% Domestic - Adv. Fuel","100% Domestic","Reactor - Mod.","Fuel - Adv."
"USA",2040,"Nuclear - SMR - PWR modular",6.66993055555556,"Nuclear - SMR - PWR modular","TWh","100% Domestic - Adv. Fuel","100% Domestic","Reactor - Mod.","Fuel - Adv."
"USA",2040,"Nuclear - SMR - SFR",6.91308333333333,"Nuclear - SMR - SFR","TWh","100% Domestic - Adv. Fuel","100% Domestic","Reactor - Mod.","Fuel - Adv."
"USA",2045,"Nuclear - Large - PWR",148.483111111111,"Nuclear - Large - PWR","TWh","100% Domestic - Adv. Fuel","100% Domestic","Reactor - Mod.","Fuel - Adv."
"USA",2045,"Nuclear - Legacy",787.364388888889,"Nuclear - Legacy","TWh","100% Domestic - Adv. Fuel","100% Domestic","Reactor - Mod.","Fuel - Adv."
"USA",2045,"Nuclear - SMR - BWR",20.5423055555556,"Nuclear - SMR - BWR","TWh","100% Domestic - Adv. Fuel","100% Domestic","Reactor - Mod.","Fuel - Adv."
"USA",2045,"Nuclear - SMR - HTGR",14.9068333333333,"Nuclear - SMR - HTGR","TWh","100% Domestic - Adv. Fuel","100% Domestic","Reactor - Mod.","Fuel - Adv."
"USA",2045,"Nuclear - SMR - MSR",6.74759444444445,"Nuclear - SMR - MSR","TWh","100% Domestic - Adv. Fuel","100% Domestic","Reactor - Mod.","Fuel - Adv."
"USA",2045,"Nuclear - SMR - PWR modular",10.9653472222222,"Nuclear - SMR - PWR modular","TWh","100% Domestic - Adv. Fuel","100% Domestic","Reactor - Mod.","Fuel - Adv."
"USA",2045,"Nuclear - SMR - SFR",12.4265083333333,"Nuclear - SMR - SFR","TWh","100% Domestic - Adv. Fuel","100% Domestic","Reactor - Mod.","Fuel - Adv."
"USA",2050,"Nuclear - Large - PWR",247.992083333333,"Nuclear - Large - PWR","TWh","100% Domestic - Adv. Fuel","100% Domestic","Reactor - Mod.","Fuel - Adv."
"USA",2050,"Nuclear - Legacy",759.862444444444,"Nuclear - Legacy","TWh","100% Domestic - Adv. Fuel","100% Domestic","Reactor - Mod.","Fuel - Adv."
"USA",2050,"Nuclear - SMR - BWR",44.1487222222222,"Nuclear - SMR - BWR","TWh","100% Domestic - Adv. Fuel","100% Domestic","Reactor - Mod.","Fuel - Adv."
"USA",2050,"Nuclear - SMR - HTGR",30.379,"Nuclear - SMR - HTGR","TWh","100% Domestic - Adv. Fuel","100% Domestic","Reactor - Mod.","Fuel - Adv."
"USA",2050,"Nuclear - SMR - MSR",12.7957777777778,"Nuclear - SMR - MSR","TWh","100% Domestic - Adv. Fuel","100% Domestic","Reactor - Mod.","Fuel - Adv."
"USA",2050,"Nuclear - SMR - PWR modular",19.3158277777778,"Nuclear - SMR - PWR modular","TWh","100% Domestic - Adv. Fuel","100% Domestic","Reactor - Mod.","Fuel - Adv."
"USA",2050,"Nuclear - SMR - SFR",23.7280388888889,"Nuclear - SMR - SFR","TWh","100% Domestic - Adv. Fuel","100% Domestic","Reactor - Mod.","Fuel - Adv."
"USA",2055,"Nuclear - Large - PWR",347.726416666667,"Nuclear - Large - PWR","TWh","100% Domestic - Adv. Fuel","100% Domestic","Reactor - Mod.","Fuel - Adv."
"USA",2055,"Nuclear - Legacy",541.030055555555,"Nuclear - Legacy","TWh","100% Domestic - Adv. Fuel","100% Domestic","Reactor - Mod.","Fuel - Adv."
"USA",2055,"Nuclear - SMR - BWR",71.3614166666667,"Nuclear - SMR - BWR","TWh","100% Domestic - Adv. Fuel","100% Domestic","Reactor - Mod.","Fuel - Adv."
"USA",2055,"Nuclear - SMR - HTGR",47.7151944444444,"Nuclear - SMR - HTGR","TWh","100% Domestic - Adv. Fuel","100% Domestic","Reactor - Mod.","Fuel - Adv."
"USA",2055,"Nuclear - SMR - MSR",19.2237583333333,"Nuclear - SMR - MSR","TWh","100% Domestic - Adv. Fuel","100% Domestic","Reactor - Mod.","Fuel - Adv."
"USA",2055,"Nuclear - SMR - PWR modular",27.8520111111111,"Nuclear - SMR - PWR modular","TWh","100% Domestic - Adv. Fuel","100% Domestic","Reactor - Mod.","Fuel - Adv."
"USA",2055,"Nuclear - SMR - SFR",35.755975,"Nuclear - SMR - SFR","TWh","100% Domestic - Adv. Fuel","100% Domestic","Reactor - Mod.","Fuel - Adv."
"USA",2060,"Nuclear - Large - PWR",442.702833333333,"Nuclear - Large - PWR","TWh","100% Domestic - Adv. Fuel","100% Domestic","Reactor - Mod.","Fuel - Adv."
"USA",2060,"Nuclear - Legacy",422.101777777778,"Nuclear - Legacy","TWh","100% Domestic - Adv. Fuel","100% Domestic","Reactor - Mod.","Fuel - Adv."
"USA",2060,"Nuclear - SMR - BWR",99.4620833333333,"Nuclear - SMR - BWR","TWh","100% Domestic - Adv. Fuel","100% Domestic","Reactor - Mod.","Fuel - Adv."
"USA",2060,"Nuclear - SMR - HTGR",65.4410555555556,"Nuclear - SMR - HTGR","TWh","100% Domestic - Adv. Fuel","100% Domestic","Reactor - Mod.","Fuel - Adv."
"USA",2060,"Nuclear - SMR - MSR",25.6758222222222,"Nuclear - SMR - MSR","TWh","100% Domestic - Adv. Fuel","100% Domestic","Reactor - Mod.","Fuel - Adv."
"USA",2060,"Nuclear - SMR - PWR modular",36.1004916666667,"Nuclear - SMR - PWR modular","TWh","100% Domestic - Adv. Fuel","100% Domestic","Reactor - Mod.","Fuel - Adv."
"USA",2060,"Nuclear - SMR - SFR",47.61995,"Nuclear - SMR - SFR","TWh","100% Domestic - Adv. Fuel","100% Domestic","Reactor - Mod.","Fuel - Adv."
"USA",2065,"Nuclear - Large - PWR",549.211083333333,"Nuclear - Large - PWR","TWh","100% Domestic - Adv. Fuel","100% Domestic","Reactor - Mod.","Fuel - Adv."
"USA",2065,"Nuclear - Legacy",241.780694444444,"Nuclear - Legacy","TWh","100% Domestic - Adv. Fuel","100% Domestic","Reactor - Mod.","Fuel - Adv."
"USA",2065,"Nuclear - SMR - BWR",132.602611111111,"Nuclear - SMR - BWR","TWh","100% Domestic - Adv. Fuel","100% Domestic","Reactor - Mod.","Fuel - Adv."
"USA",2065,"Nuclear - SMR - HTGR",86.3118333333333,"Nuclear - SMR - HTGR","TWh","100% Domestic - Adv. Fuel","100% Domestic","Reactor - Mod.","Fuel - Adv."
"USA",2065,"Nuclear - SMR - MSR",33.3133194444444,"Nuclear - SMR - MSR","TWh","100% Domestic - Adv. Fuel","100% Domestic","Reactor - Mod.","Fuel - Adv."
"USA",2065,"Nuclear - SMR - PWR modular",45.4318277777778,"Nuclear - SMR - PWR modular","TWh","100% Domestic - Adv. Fuel","100% Domestic","Reactor - Mod.","Fuel - Adv."
"USA",2065,"Nuclear - SMR - SFR",61.1876194444444,"Nuclear - SMR - SFR","TWh","100% Domestic - Adv. Fuel","100% Domestic","Reactor - Mod.","Fuel - Adv."
"USA",2070,"Nuclear - Large - PWR",661.776861111111,"Nuclear - Large - PWR","TWh","100% Domestic - Adv. Fuel","100% Domestic","Reactor - Mod.","Fuel - Adv."
"USA",2070,"Nuclear - Legacy",46.8125,"Nuclear - Legacy","TWh","100% Domestic - Adv. Fuel","100% Domestic","Reactor - Mod.","Fuel - Adv."
"USA",2070,"Nuclear - SMR - BWR",169.218916666667,"Nuclear - SMR - BWR","TWh","100% Domestic - Adv. Fuel","100% Domestic","Reactor - Mod.","Fuel - Adv."
"USA",2070,"Nuclear - SMR - HTGR",109.398055555556,"Nuclear - SMR - HTGR","TWh","100% Domestic - Adv. Fuel","100% Domestic","Reactor - Mod.","Fuel - Adv."
"USA",2070,"Nuclear - SMR - MSR",41.8207888888889,"Nuclear - SMR - MSR","TWh","100% Domestic - Adv. Fuel","100% Domestic","Reactor - Mod.","Fuel - Adv."
"USA",2070,"Nuclear - SMR - PWR modular",55.3681,"Nuclear - SMR - PWR modular","TWh","100% Domestic - Adv. Fuel","100% Domestic","Reactor - Mod.","Fuel - Adv."
"USA",2070,"Nuclear - SMR - SFR",75.74995,"Nuclear - SMR - SFR","TWh","100% Domestic - Adv. Fuel","100% Domestic","Reactor - Mod.","Fuel - Adv."
"USA",2075,"Nuclear - Large - PWR",773.869416666667,"Nuclear - Large - PWR","TWh","100% Domestic - Adv. Fuel","100% Domestic","Reactor - Mod.","Fuel - Adv."
"USA",2075,"Nuclear - Legacy",18.3045,"Nuclear - Legacy","TWh","100% Domestic - Adv. Fuel","100% Domestic","Reactor - Mod.","Fuel - Adv."
"USA",2075,"Nuclear - SMR - BWR",206.899138888889,"Nuclear - SMR - BWR","TWh","100% Domestic - Adv. Fuel","100% Domestic","Reactor - Mod.","Fuel - Adv."
"USA",2075,"Nuclear - SMR - HTGR",133.277222222222,"Nuclear - SMR - HTGR","TWh","100% Domestic - Adv. Fuel","100% Domestic","Reactor - Mod.","Fuel - Adv."
"USA",2075,"Nuclear - SMR - MSR",50.7728888888889,"Nuclear - SMR - MSR","TWh","100% Domestic - Adv. Fuel","100% Domestic","Reactor - Mod.","Fuel - Adv."
"USA",2075,"Nuclear - SMR - PWR modular",65.3196305555556,"Nuclear - SMR - PWR modular","TWh","100% Domestic - Adv. Fuel","100% Domestic","Reactor - Mod.","Fuel - Adv."
"USA",2075,"Nuclear - SMR - SFR",90.413725,"Nuclear - SMR - SFR","TWh","100% Domestic - Adv. Fuel","100% Domestic","Reactor - Mod.","Fuel - Adv."
"USA",2080,"Nuclear - Large - PWR",916.624444444444,"Nuclear - Large - PWR","TWh","100% Domestic - Adv. Fuel","100% Domestic","Reactor - Mod.","Fuel - Adv."
"USA",2080,"Nuclear - Legacy",9.34036111111111,"Nuclear - Legacy","TWh","100% Domestic - Adv. Fuel","100% Domestic","Reactor - Mod.","Fuel - Adv."
"USA",2080,"Nuclear - SMR - BWR",256.039777777778,"Nuclear - SMR - BWR","TWh","100% Domestic - Adv. Fuel","100% Domestic","Reactor - Mod.","Fuel - Adv."
"USA",2080,"Nuclear - SMR - HTGR",164.657083333333,"Nuclear - SMR - HTGR","TWh","100% Domestic - Adv. Fuel","100% Domestic","Reactor - Mod.","Fuel - Adv."
"USA",2080,"Nuclear - SMR - MSR",62.813,"Nuclear - SMR - MSR","TWh","100% Domestic - Adv. Fuel","100% Domestic","Reactor - Mod.","Fuel - Adv."
"USA",2080,"Nuclear - SMR - PWR modular",78.0463694444444,"Nuclear - SMR - PWR modular","TWh","100% Domestic - Adv. Fuel","100% Domestic","Reactor - Mod.","Fuel - Adv."
"USA",2080,"Nuclear - SMR - SFR",109.229477777778,"Nuclear - SMR - SFR","TWh","100% Domestic - Adv. Fuel","100% Domestic","Reactor - Mod.","Fuel - Adv."
"USA",2085,"Nuclear - Large - PWR",1023.87702777778,"Nuclear - Large - PWR","TWh","100% Domestic - Adv. Fuel","100% Domestic","Reactor - Mod.","Fuel - Adv."
"USA",2085,"Nuclear - Legacy",9.33855555555555,"Nuclear - Legacy","TWh","100% Domestic - Adv. Fuel","100% Domestic","Reactor - Mod.","Fuel - Adv."
"USA",2085,"Nuclear - SMR - BWR",294.08875,"Nuclear - SMR - BWR","TWh","100% Domestic - Adv. Fuel","100% Domestic","Reactor - Mod.","Fuel - Adv."
"USA",2085,"Nuclear - SMR - HTGR",189.16625,"Nuclear - SMR - HTGR","TWh","100% Domestic - Adv. Fuel","100% Domestic","Reactor - Mod.","Fuel - Adv."
"USA",2085,"Nuclear - SMR - MSR",72.3980388888889,"Nuclear - SMR - MSR","TWh","100% Domestic - Adv. Fuel","100% Domestic","Reactor - Mod.","Fuel - Adv."
"USA",2085,"Nuclear - SMR - PWR modular",87.6844583333333,"Nuclear - SMR - PWR modular","TWh","100% Domestic - Adv. Fuel","100% Domestic","Reactor - Mod.","Fuel - Adv."
"USA",2085,"Nuclear - SMR - SFR",123.5327,"Nuclear - SMR - SFR","TWh","100% Domestic - Adv. Fuel","100% Domestic","Reactor - Mod.","Fuel - Adv."
"USA",2090,"Nuclear - Large - PWR",1100.12438888889,"Nuclear - Large - PWR","TWh","100% Domestic - Adv. Fuel","100% Domestic","Reactor - Mod.","Fuel - Adv."
"USA",2090,"Nuclear - Legacy",9.33536111111111,"Nuclear - Legacy","TWh","100% Domestic - Adv. Fuel","100% Domestic","Reactor - Mod.","Fuel - Adv."
"USA",2090,"Nuclear - SMR - BWR",326.149305555556,"Nuclear - SMR - BWR","TWh","100% Domestic - Adv. Fuel","100% Domestic","Reactor - Mod.","Fuel - Adv."
"USA",2090,"Nuclear - SMR - HTGR",210.045194444444,"Nuclear - SMR - HTGR","TWh","100% Domestic - Adv. Fuel","100% Domestic","Reactor - Mod.","Fuel - Adv."
"USA",2090,"Nuclear - SMR - MSR",80.8340472222222,"Nuclear - SMR - MSR","TWh","100% Domestic - Adv. Fuel","100% Domestic","Reactor - Mod.","Fuel - Adv."
"USA",2090,"Nuclear - SMR - PWR modular",95.7131,"Nuclear - SMR - PWR modular","TWh","100% Domestic - Adv. Fuel","100% Domestic","Reactor - Mod.","Fuel - Adv."
"USA",2090,"Nuclear - SMR - SFR",135.462858333333,"Nuclear - SMR - SFR","TWh","100% Domestic - Adv. Fuel","100% Domestic","Reactor - Mod.","Fuel - Adv."
"USA",2095,"Nuclear - Large - PWR",1177.71138888889,"Nuclear - Large - PWR","TWh","100% Domestic - Adv. Fuel","100% Domestic","Reactor - Mod.","Fuel - Adv."
"USA",2095,"Nuclear - Legacy",9.33136111111111,"Nuclear - Legacy","TWh","100% Domestic - Adv. Fuel","100% Domestic","Reactor - Mod.","Fuel - Adv."
"USA",2095,"Nuclear - SMR - BWR",358.746277777778,"Nuclear - SMR - BWR","TWh","100% Domestic - Adv. Fuel","100% Domestic","Reactor - Mod.","Fuel - Adv."
"USA",2095,"Nuclear - SMR - HTGR",230.890944444444,"Nuclear - SMR - HTGR","TWh","100% Domestic - Adv. Fuel","100% Domestic","Reactor - Mod.","Fuel - Adv."
"USA",2095,"Nuclear - SMR - MSR",89.3492916666667,"Nuclear - SMR - MSR","TWh","100% Domestic - Adv. Fuel","100% Domestic","Reactor - Mod.","Fuel - Adv."
"USA",2095,"Nuclear - SMR - PWR modular",102.053055555556,"Nuclear - SMR - PWR modular","TWh","100% Domestic - Adv. Fuel","100% Domestic","Reactor - Mod.","Fuel - Adv."
"USA",2095,"Nuclear - SMR - SFR",146.079722222222,"Nuclear - SMR - SFR","TWh","100% Domestic - Adv. Fuel","100% Domestic","Reactor - Mod.","Fuel - Adv."
"USA",2100,"Nuclear - Large - PWR",1228.86083333333,"Nuclear - Large - PWR","TWh","100% Domestic - Adv. Fuel","100% Domestic","Reactor - Mod.","Fuel - Adv."
"USA",2100,"Nuclear - SMR - BWR",386.466194444444,"Nuclear - SMR - BWR","TWh","100% Domestic - Adv. Fuel","100% Domestic","Reactor - Mod.","Fuel - Adv."
"USA",2100,"Nuclear - SMR - HTGR",248.987972222222,"Nuclear - SMR - HTGR","TWh","100% Domestic - Adv. Fuel","100% Domestic","Reactor - Mod.","Fuel - Adv."
"USA",2100,"Nuclear - SMR - MSR",97.1513888888889,"Nuclear - SMR - MSR","TWh","100% Domestic - Adv. Fuel","100% Domestic","Reactor - Mod.","Fuel - Adv."
"USA",2100,"Nuclear - SMR - PWR modular",106.618194444444,"Nuclear - SMR - PWR modular","TWh","100% Domestic - Adv. Fuel","100% Domestic","Reactor - Mod.","Fuel - Adv."
"USA",2100,"Nuclear - SMR - SFR",154.631777777778,"Nuclear - SMR - SFR","TWh","100% Domestic - Adv. Fuel","100% Domestic","Reactor - Mod.","Fuel - Adv."
"USA",2021,"Nuclear - Legacy",811.5533,"Nuclear - Legacy","TWh","100% Domestic - Adv. Nuc","100% Domestic","Reactor - Adv.","Fuel - Adv."
"USA",2025,"Nuclear - Large - PWR",18.3333333333333,"Nuclear - Large - PWR","TWh","100% Domestic - Adv. Nuc","100% Domestic","Reactor - Adv.","Fuel - Adv."
"USA",2025,"Nuclear - Legacy",808.465777777778,"Nuclear - Legacy","TWh","100% Domestic - Adv. Nuc","100% Domestic","Reactor - Adv.","Fuel - Adv."
"USA",2030,"Nuclear - Large - PWR",31.1404444444444,"Nuclear - Large - PWR","TWh","100% Domestic - Adv. Nuc","100% Domestic","Reactor - Adv.","Fuel - Adv."
"USA",2030,"Nuclear - Legacy",808.359805555556,"Nuclear - Legacy","TWh","100% Domestic - Adv. Nuc","100% Domestic","Reactor - Adv.","Fuel - Adv."
"USA",2035,"Nuclear - Large - PWR",54.2159722222222,"Nuclear - Large - PWR","TWh","100% Domestic - Adv. Nuc","100% Domestic","Reactor - Adv.","Fuel - Adv."
"USA",2035,"Nuclear - Legacy",788.152222222222,"Nuclear - Legacy","TWh","100% Domestic - Adv. Nuc","100% Domestic","Reactor - Adv.","Fuel - Adv."
"USA",2035,"Nuclear - SMR - BWR",3.40027777777778,"Nuclear - SMR - BWR","TWh","100% Domestic - Adv. Nuc","100% Domestic","Reactor - Adv.","Fuel - Adv."
"USA",2035,"Nuclear - SMR - HTGR",2.89325,"Nuclear - SMR - HTGR","TWh","100% Domestic - Adv. Nuc","100% Domestic","Reactor - Adv.","Fuel - Adv."
"USA",2035,"Nuclear - SMR - MSR",1.48501388888889,"Nuclear - SMR - MSR","TWh","100% Domestic - Adv. Nuc","100% Domestic","Reactor - Adv.","Fuel - Adv."
"USA",2035,"Nuclear - SMR - PWR modular",2.65275277777778,"Nuclear - SMR - PWR modular","TWh","100% Domestic - Adv. Nuc","100% Domestic","Reactor - Adv.","Fuel - Adv."
"USA",2035,"Nuclear - SMR - SFR",2.73245277777778,"Nuclear - SMR - SFR","TWh","100% Domestic - Adv. Nuc","100% Domestic","Reactor - Adv.","Fuel - Adv."
"USA",2040,"Nuclear - Large - PWR",108.127277777778,"Nuclear - Large - PWR","TWh","100% Domestic - Adv. Nuc","100% Domestic","Reactor - Adv.","Fuel - Adv."
"USA",2040,"Nuclear - Legacy",787.671777777778,"Nuclear - Legacy","TWh","100% Domestic - Adv. Nuc","100% Domestic","Reactor - Adv.","Fuel - Adv."
"USA",2040,"Nuclear - SMR - BWR",11.072,"Nuclear - SMR - BWR","TWh","100% Domestic - Adv. Nuc","100% Domestic","Reactor - Adv.","Fuel - Adv."
"USA",2040,"Nuclear - SMR - HTGR",7.99919444444444,"Nuclear - SMR - HTGR","TWh","100% Domestic - Adv. Nuc","100% Domestic","Reactor - Adv.","Fuel - Adv."
"USA",2040,"Nuclear - SMR - MSR",3.77394166666667,"Nuclear - SMR - MSR","TWh","100% Domestic - Adv. Nuc","100% Domestic","Reactor - Adv.","Fuel - Adv."
"USA",2040,"Nuclear - SMR - PWR modular",6.62729722222222,"Nuclear - SMR - PWR modular","TWh","100% Domestic - Adv. Nuc","100% Domestic","Reactor - Adv.","Fuel - Adv."
"USA",2040,"Nuclear - SMR - SFR",6.87073055555556,"Nuclear - SMR - SFR","TWh","100% Domestic - Adv. Nuc","100% Domestic","Reactor - Adv.","Fuel - Adv."
"USA",2045,"Nuclear - Large - PWR",178.872444444444,"Nuclear - Large - PWR","TWh","100% Domestic - Adv. Nuc","100% Domestic","Reactor - Adv.","Fuel - Adv."
"USA",2045,"Nuclear - Legacy",787.233944444444,"Nuclear - Legacy","TWh","100% Domestic - Adv. Nuc","100% Domestic","Reactor - Adv.","Fuel - Adv."
"USA",2045,"Nuclear - SMR - BWR",27.0589722222222,"Nuclear - SMR - BWR","TWh","100% Domestic - Adv. Nuc","100% Domestic","Reactor - Adv.","Fuel - Adv."
"USA",2045,"Nuclear - SMR - HTGR",16.9631111111111,"Nuclear - SMR - HTGR","TWh","100% Domestic - Adv. Nuc","100% Domestic","Reactor - Adv.","Fuel - Adv."
"USA",2045,"Nuclear - SMR - MSR",6.9968,"Nuclear - SMR - MSR","TWh","100% Domestic - Adv. Nuc","100% Domestic","Reactor - Adv.","Fuel - Adv."
"USA",2045,"Nuclear - SMR - PWR modular",10.9535611111111,"Nuclear - SMR - PWR modular","TWh","100% Domestic - Adv. Nuc","100% Domestic","Reactor - Adv.","Fuel - Adv."
"USA",2045,"Nuclear - SMR - SFR",13.1404305555556,"Nuclear - SMR - SFR","TWh","100% Domestic - Adv. Nuc","100% Domestic","Reactor - Adv.","Fuel - Adv."
"USA",2050,"Nuclear - Large - PWR",318.730333333333,"Nuclear - Large - PWR","TWh","100% Domestic - Adv. Nuc","100% Domestic","Reactor - Adv.","Fuel - Adv."
"USA",2050,"Nuclear - Legacy",759.599388888889,"Nuclear - Legacy","TWh","100% Domestic - Adv. Nuc","100% Domestic","Reactor - Adv.","Fuel - Adv."
"USA",2050,"Nuclear - SMR - BWR",71.9905277777778,"Nuclear - SMR - BWR","TWh","100% Domestic - Adv. Nuc","100% Domestic","Reactor - Adv.","Fuel - Adv."
"USA",2050,"Nuclear - SMR - HTGR",39.2122777777778,"Nuclear - SMR - HTGR","TWh","100% Domestic - Adv. Nuc","100% Domestic","Reactor - Adv.","Fuel - Adv."
"USA",2050,"Nuclear - SMR - MSR",13.7578333333333,"Nuclear - SMR - MSR","TWh","100% Domestic - Adv. Nuc","100% Domestic","Reactor - Adv.","Fuel - Adv."
"USA",2050,"Nuclear - SMR - PWR modular",19.3182472222222,"Nuclear - SMR - PWR modular","TWh","100% Domestic - Adv. Nuc","100% Domestic","Reactor - Adv.","Fuel - Adv."
"USA",2050,"Nuclear - SMR - SFR",26.8919888888889,"Nuclear - SMR - SFR","TWh","100% Domestic - Adv. Nuc","100% Domestic","Reactor - Adv.","Fuel - Adv."
"USA",2055,"Nuclear - Large - PWR",466.059472222222,"Nuclear - Large - PWR","TWh","100% Domestic - Adv. Nuc","100% Domestic","Reactor - Adv.","Fuel - Adv."
"USA",2055,"Nuclear - Legacy",540.690416666667,"Nuclear - Legacy","TWh","100% Domestic - Adv. Nuc","100% Domestic","Reactor - Adv.","Fuel - Adv."
"USA",2055,"Nuclear - SMR - BWR",137.226277777778,"Nuclear - SMR - BWR","TWh","100% Domestic - Adv. Nuc","100% Domestic","Reactor - Adv.","Fuel - Adv."
"USA",2055,"Nuclear - SMR - HTGR",68.4556111111111,"Nuclear - SMR - HTGR","TWh","100% Domestic - Adv. Nuc","100% Domestic","Reactor - Adv.","Fuel - Adv."
"USA",2055,"Nuclear - SMR - MSR",21.2530611111111,"Nuclear - SMR - MSR","TWh","100% Domestic - Adv. Nuc","100% Domestic","Reactor - Adv.","Fuel - Adv."
"USA",2055,"Nuclear - SMR - PWR modular",28.1016222222222,"Nuclear - SMR - PWR modular","TWh","100% Domestic - Adv. Nuc","100% Domestic","Reactor - Adv.","Fuel - Adv."
"USA",2055,"Nuclear - SMR - SFR",43.0071277777778,"Nuclear - SMR - SFR","TWh","100% Domestic - Adv. Nuc","100% Domestic","Reactor - Adv.","Fuel - Adv."
"USA",2060,"Nuclear - Large - PWR",604.791222222222,"Nuclear - Large - PWR","TWh","100% Domestic - Adv. Nuc","100% Domestic","Reactor - Adv.","Fuel - Adv."
"USA",2060,"Nuclear - Legacy",421.651444444444,"Nuclear - Legacy","TWh","100% Domestic - Adv. Nuc","100% Domestic","Reactor - Adv.","Fuel - Adv."
"USA",2060,"Nuclear - SMR - BWR",211.820333333333,"Nuclear - SMR - BWR","TWh","100% Domestic - Adv. Nuc","100% Domestic","Reactor - Adv.","Fuel - Adv."
"USA",2060,"Nuclear - SMR - HTGR",100.406611111111,"Nuclear - SMR - HTGR","TWh","100% Domestic - Adv. Nuc","100% Domestic","Reactor - Adv.","Fuel - Adv."
"USA",2060,"Nuclear - SMR - MSR",28.6419722222222,"Nuclear - SMR - MSR","TWh","100% Domestic - Adv. Nuc","100% Domestic","Reactor - Adv.","Fuel - Adv."
"USA",2060,"Nuclear - SMR - PWR modular",36.4197083333333,"Nuclear - SMR - PWR modular","TWh","100% Domestic - Adv. Nuc","100% Domestic","Reactor - Adv.","Fuel - Adv."
"USA",2060,"Nuclear - SMR - SFR",59.2329666666667,"Nuclear - SMR - SFR","TWh","100% Domestic - Adv. Nuc","100% Domestic","Reactor - Adv.","Fuel - Adv."
"USA",2065,"Nuclear - Large - PWR",757.115222222222,"Nuclear - Large - PWR","TWh","100% Domestic - Adv. Nuc","100% Domestic","Reactor - Adv.","Fuel - Adv."
"USA",2065,"Nuclear - Legacy",241.439305555556,"Nuclear - Legacy","TWh","100% Domestic - Adv. Nuc","100% Domestic","Reactor - Adv.","Fuel - Adv."
"USA",2065,"Nuclear - SMR - BWR",294.253333333333,"Nuclear - SMR - BWR","TWh","100% Domestic - Adv. Nuc","100% Domestic","Reactor - Adv.","Fuel - Adv."
"USA",2065,"Nuclear - SMR - HTGR",139.735444444444,"Nuclear - SMR - HTGR","TWh","100% Domestic - Adv. Nuc","100% Domestic","Reactor - Adv.","Fuel - Adv."
"USA",2065,"Nuclear - SMR - MSR",37.3618972222222,"Nuclear - SMR - MSR","TWh","100% Domestic - Adv. Nuc","100% Domestic","Reactor - Adv.","Fuel - Adv."
"USA",2065,"Nuclear - SMR - PWR modular",45.7572527777778,"Nuclear - SMR - PWR modular","TWh","100% Domestic - Adv. Nuc","100% Domestic","Reactor - Adv.","Fuel - Adv."
"USA",2065,"Nuclear - SMR - SFR",78.0459638888889,"Nuclear - SMR - SFR","TWh","100% Domestic - Adv. Nuc","100% Domestic","Reactor - Adv.","Fuel - Adv."
"USA",2070,"Nuclear - Large - PWR",914.348166666667,"Nuclear - Large - PWR","TWh","100% Domestic - Adv. Nuc","100% Domestic","Reactor - Adv.","Fuel - Adv."
"USA",2070,"Nuclear - Legacy",46.7436666666667,"Nuclear - Legacy","TWh","100% Domestic - Adv. Nuc","100% Domestic","Reactor - Adv.","Fuel - Adv."
"USA",2070,"Nuclear - SMR - BWR",369.548416666667,"Nuclear - SMR - BWR","TWh","100% Domestic - Adv. Nuc","100% Domestic","Reactor - Adv.","Fuel - Adv."
"USA",2070,"Nuclear - SMR - HTGR",186.249555555556,"Nuclear - SMR - HTGR","TWh","100% Domestic - Adv. Nuc","100% Domestic","Reactor - Adv.","Fuel - Adv."
"USA",2070,"Nuclear - SMR - MSR",47.4698305555556,"Nuclear - SMR - MSR","TWh","100% Domestic - Adv. Nuc","100% Domestic","Reactor - Adv.","Fuel - Adv."
"USA",2070,"Nuclear - SMR - PWR modular",56.0304027777778,"Nuclear - SMR - PWR modular","TWh","100% Domestic - Adv. Nuc","100% Domestic","Reactor - Adv.","Fuel - Adv."
"USA",2070,"Nuclear - SMR - SFR",99.1933388888889,"Nuclear - SMR - SFR","TWh","100% Domestic - Adv. Nuc","100% Domestic","Reactor - Adv.","Fuel - Adv."
"USA",2075,"Nuclear - Large - PWR",1064.96166666667,"Nuclear - Large - PWR","TWh","100% Domestic - Adv. Nuc","100% Domestic","Reactor - Adv.","Fuel - Adv."
"USA",2075,"Nuclear - Legacy",18.2783611111111,"Nuclear - Legacy","TWh","100% Domestic - Adv. Nuc","100% Domestic","Reactor - Adv.","Fuel - Adv."
"USA",2075,"Nuclear - SMR - BWR",436.413083333333,"Nuclear - SMR - BWR","TWh","100% Domestic - Adv. Nuc","100% Domestic","Reactor - Adv.","Fuel - Adv."
"USA",2075,"Nuclear - SMR - HTGR",237.745583333333,"Nuclear - SMR - HTGR","TWh","100% Domestic - Adv. Nuc","100% Domestic","Reactor - Adv.","Fuel - Adv."
"USA",2075,"Nuclear - SMR - MSR",58.6452666666667,"Nuclear - SMR - MSR","TWh","100% Domestic - Adv. Nuc","100% Domestic","Reactor - Adv.","Fuel - Adv."
"USA",2075,"Nuclear - SMR - PWR modular",66.7717861111111,"Nuclear - SMR - PWR modular","TWh","100% Domestic - Adv. Nuc","100% Domestic","Reactor - Adv.","Fuel - Adv."
"USA",2075,"Nuclear - SMR - SFR",121.623708333333,"Nuclear - SMR - SFR","TWh","100% Domestic - Adv. Nuc","100% Domestic","Reactor - Adv.","Fuel - Adv."
"USA",2080,"Nuclear - Large - PWR",1248.04519444444,"Nuclear - Large - PWR","TWh","100% Domestic - Adv. Nuc","100% Domestic","Reactor - Adv.","Fuel - Adv."
"USA",2080,"Nuclear - Legacy",9.32777777777778,"Nuclear - Legacy","TWh","100% Domestic - Adv. Nuc","100% Domestic","Reactor - Adv.","Fuel - Adv."
"USA",2080,"Nuclear - SMR - BWR",513.948472222222,"Nuclear - SMR - BWR","TWh","100% Domestic - Adv. Nuc","100% Domestic","Reactor - Adv.","Fuel - Adv."
"USA",2080,"Nuclear - SMR - HTGR",299.379638888889,"Nuclear - SMR - HTGR","TWh","100% Domestic - Adv. Nuc","100% Domestic","Reactor - Adv.","Fuel - Adv."
"USA",2080,"Nuclear - SMR - MSR",74.432375,"Nuclear - SMR - MSR","TWh","100% Domestic - Adv. Nuc","100% Domestic","Reactor - Adv.","Fuel - Adv."
"USA",2080,"Nuclear - SMR - PWR modular",81.0942027777778,"Nuclear - SMR - PWR modular","TWh","100% Domestic - Adv. Nuc","100% Domestic","Reactor - Adv.","Fuel - Adv."
"USA",2080,"Nuclear - SMR - SFR",151.791894444444,"Nuclear - SMR - SFR","TWh","100% Domestic - Adv. Nuc","100% Domestic","Reactor - Adv.","Fuel - Adv."
"USA",2085,"Nuclear - Large - PWR",1379.13422222222,"Nuclear - Large - PWR","TWh","100% Domestic - Adv. Nuc","100% Domestic","Reactor - Adv.","Fuel - Adv."
"USA",2085,"Nuclear - Legacy",9.32641666666667,"Nuclear - Legacy","TWh","100% Domestic - Adv. Nuc","100% Domestic","Reactor - Adv.","Fuel - Adv."
"USA",2085,"Nuclear - SMR - BWR",567.289888888889,"Nuclear - SMR - BWR","TWh","100% Domestic - Adv. Nuc","100% Domestic","Reactor - Adv.","Fuel - Adv."
"USA",2085,"Nuclear - SMR - HTGR",342.345972222222,"Nuclear - SMR - HTGR","TWh","100% Domestic - Adv. Nuc","100% Domestic","Reactor - Adv.","Fuel - Adv."
"USA",2085,"Nuclear - SMR - MSR",87.7656944444444,"Nuclear - SMR - MSR","TWh","100% Domestic - Adv. Nuc","100% Domestic","Reactor - Adv.","Fuel - Adv."
"USA",2085,"Nuclear - SMR - PWR modular",92.5133888888889,"Nuclear - SMR - PWR modular","TWh","100% Domestic - Adv. Nuc","100% Domestic","Reactor - Adv.","Fuel - Adv."
"USA",2085,"Nuclear - SMR - SFR",176.020655555556,"Nuclear - SMR - SFR","TWh","100% Domestic - Adv. Nuc","100% Domestic","Reactor - Adv.","Fuel - Adv."
"USA",2090,"Nuclear - Large - PWR",1469.86308333333,"Nuclear - Large - PWR","TWh","100% Domestic - Adv. Nuc","100% Domestic","Reactor - Adv.","Fuel - Adv."
"USA",2090,"Nuclear - Legacy",9.32327777777778,"Nuclear - Legacy","TWh","100% Domestic - Adv. Nuc","100% Domestic","Reactor - Adv.","Fuel - Adv."
"USA",2090,"Nuclear - SMR - BWR",608.035055555556,"Nuclear - SMR - BWR","TWh","100% Domestic - Adv. Nuc","100% Domestic","Reactor - Adv.","Fuel - Adv."
"USA",2090,"Nuclear - SMR - HTGR",375.64525,"Nuclear - SMR - HTGR","TWh","100% Domestic - Adv. Nuc","100% Domestic","Reactor - Adv.","Fuel - Adv."
"USA",2090,"Nuclear - SMR - MSR",99.8262583333333,"Nuclear - SMR - MSR","TWh","100% Domestic - Adv. Nuc","100% Domestic","Reactor - Adv.","Fuel - Adv."
"USA",2090,"Nuclear - SMR - PWR modular",102.180902777778,"Nuclear - SMR - PWR modular","TWh","100% Domestic - Adv. Nuc","100% Domestic","Reactor - Adv.","Fuel - Adv."
"USA",2090,"Nuclear - SMR - SFR",196.582394444444,"Nuclear - SMR - SFR","TWh","100% Domestic - Adv. Nuc","100% Domestic","Reactor - Adv.","Fuel - Adv."
"USA",2095,"Nuclear - Large - PWR",1559.46527777778,"Nuclear - Large - PWR","TWh","100% Domestic - Adv. Nuc","100% Domestic","Reactor - Adv.","Fuel - Adv."
"USA",2095,"Nuclear - Legacy",9.31911111111111,"Nuclear - Legacy","TWh","100% Domestic - Adv. Nuc","100% Domestic","Reactor - Adv.","Fuel - Adv."
"USA",2095,"Nuclear - SMR - BWR",647.583583333333,"Nuclear - SMR - BWR","TWh","100% Domestic - Adv. Nuc","100% Domestic","Reactor - Adv.","Fuel - Adv."
"USA",2095,"Nuclear - SMR - HTGR",408.383777777778,"Nuclear - SMR - HTGR","TWh","100% Domestic - Adv. Nuc","100% Domestic","Reactor - Adv.","Fuel - Adv."
"USA",2095,"Nuclear - SMR - MSR",113.145991666667,"Nuclear - SMR - MSR","TWh","100% Domestic - Adv. Nuc","100% Domestic","Reactor - Adv.","Fuel - Adv."
"USA",2095,"Nuclear - SMR - PWR modular",110.602111111111,"Nuclear - SMR - PWR modular","TWh","100% Domestic - Adv. Nuc","100% Domestic","Reactor - Adv.","Fuel - Adv."
"USA",2095,"Nuclear - SMR - SFR",217.376638888889,"Nuclear - SMR - SFR","TWh","100% Domestic - Adv. Nuc","100% Domestic","Reactor - Adv.","Fuel - Adv."
"USA",2100,"Nuclear - Large - PWR",1613.14833333333,"Nuclear - Large - PWR","TWh","100% Domestic - Adv. Nuc","100% Domestic","Reactor - Adv.","Fuel - Adv."
"USA",2100,"Nuclear - SMR - BWR",679.771694444444,"Nuclear - SMR - BWR","TWh","100% Domestic - Adv. Nuc","100% Domestic","Reactor - Adv.","Fuel - Adv."
"USA",2100,"Nuclear - SMR - HTGR",436.834444444444,"Nuclear - SMR - HTGR","TWh","100% Domestic - Adv. Nuc","100% Domestic","Reactor - Adv.","Fuel - Adv."
"USA",2100,"Nuclear - SMR - MSR",126.801083333333,"Nuclear - SMR - MSR","TWh","100% Domestic - Adv. Nuc","100% Domestic","Reactor - Adv.","Fuel - Adv."
"USA",2100,"Nuclear - SMR - PWR modular",117.782722222222,"Nuclear - SMR - PWR modular","TWh","100% Domestic - Adv. Nuc","100% Domestic","Reactor - Adv.","Fuel - Adv."
"USA",2100,"Nuclear - SMR - SFR",235.705083333333,"Nuclear - SMR - SFR","TWh","100% Domestic - Adv. Nuc","100% Domestic","Reactor - Adv.","Fuel - Adv."
"USA",2021,"Nuclear - Legacy",811.5533,"Nuclear - Legacy","TWh","100% Domestic - Adv. Reactor","100% Domestic","Reactor - Adv.","Fuel - Mod."
"USA",2025,"Nuclear - Large - PWR",18.3333333333333,"Nuclear - Large - PWR","TWh","100% Domestic - Adv. Reactor","100% Domestic","Reactor - Adv.","Fuel - Mod."
"USA",2025,"Nuclear - Legacy",808.465805555556,"Nuclear - Legacy","TWh","100% Domestic - Adv. Reactor","100% Domestic","Reactor - Adv.","Fuel - Mod."
"USA",2030,"Nuclear - Large - PWR",31.0990277777778,"Nuclear - Large - PWR","TWh","100% Domestic - Adv. Reactor","100% Domestic","Reactor - Adv.","Fuel - Mod."
"USA",2030,"Nuclear - Legacy",808.346916666667,"Nuclear - Legacy","TWh","100% Domestic - Adv. Reactor","100% Domestic","Reactor - Adv.","Fuel - Mod."
"USA",2035,"Nuclear - Large - PWR",52.4882222222222,"Nuclear - Large - PWR","TWh","100% Domestic - Adv. Reactor","100% Domestic","Reactor - Adv.","Fuel - Mod."
"USA",2035,"Nuclear - Legacy",787.524611111111,"Nuclear - Legacy","TWh","100% Domestic - Adv. Reactor","100% Domestic","Reactor - Adv.","Fuel - Mod."
"USA",2035,"Nuclear - SMR - BWR",3.32958333333333,"Nuclear - SMR - BWR","TWh","100% Domestic - Adv. Reactor","100% Domestic","Reactor - Adv.","Fuel - Mod."
"USA",2035,"Nuclear - SMR - HTGR",2.76868055555556,"Nuclear - SMR - HTGR","TWh","100% Domestic - Adv. Reactor","100% Domestic","Reactor - Adv.","Fuel - Mod."
"USA",2035,"Nuclear - SMR - MSR",1.30153333333333,"Nuclear - SMR - MSR","TWh","100% Domestic - Adv. Reactor","100% Domestic","Reactor - Adv.","Fuel - Mod."
"USA",2035,"Nuclear - SMR - PWR modular",2.45837777777778,"Nuclear - SMR - PWR modular","TWh","100% Domestic - Adv. Reactor","100% Domestic","Reactor - Adv.","Fuel - Mod."
"USA",2035,"Nuclear - SMR - SFR",2.569675,"Nuclear - SMR - SFR","TWh","100% Domestic - Adv. Reactor","100% Domestic","Reactor - Adv.","Fuel - Mod."
"USA",2040,"Nuclear - Large - PWR",96.9886666666667,"Nuclear - Large - PWR","TWh","100% Domestic - Adv. Reactor","100% Domestic","Reactor - Adv.","Fuel - Mod."
"USA",2040,"Nuclear - Legacy",785.479416666667,"Nuclear - Legacy","TWh","100% Domestic - Adv. Reactor","100% Domestic","Reactor - Adv.","Fuel - Mod."
"USA",2040,"Nuclear - SMR - BWR",10.4523888888889,"Nuclear - SMR - BWR","TWh","100% Domestic - Adv. Reactor","100% Domestic","Reactor - Adv.","Fuel - Mod."
"USA",2040,"Nuclear - SMR - HTGR",7.25144722222222,"Nuclear - SMR - HTGR","TWh","100% Domestic - Adv. Reactor","100% Domestic","Reactor - Adv.","Fuel - Mod."
"USA",2040,"Nuclear - SMR - MSR",3.07555555555556,"Nuclear - SMR - MSR","TWh","100% Domestic - Adv. Reactor","100% Domestic","Reactor - Adv.","Fuel - Mod."
"USA",2040,"Nuclear - SMR - PWR modular",5.85921111111111,"Nuclear - SMR - PWR modular","TWh","100% Domestic - Adv. Reactor","100% Domestic","Reactor - Adv.","Fuel - Mod."
"USA",2040,"Nuclear - SMR - SFR",6.21685,"Nuclear - SMR - SFR","TWh","100% Domestic - Adv. Reactor","100% Domestic","Reactor - Adv.","Fuel - Mod."
"USA",2045,"Nuclear - Large - PWR",149.641527777778,"Nuclear - Large - PWR","TWh","100% Domestic - Adv. Reactor","100% Domestic","Reactor - Adv.","Fuel - Mod."
"USA",2045,"Nuclear - Legacy",783.407166666667,"Nuclear - Legacy","TWh","100% Domestic - Adv. Reactor","100% Domestic","Reactor - Adv.","Fuel - Mod."
"USA",2045,"Nuclear - SMR - BWR",24.6943333333333,"Nuclear - SMR - BWR","TWh","100% Domestic - Adv. Reactor","100% Domestic","Reactor - Adv.","Fuel - Mod."
"USA",2045,"Nuclear - SMR - HTGR",14.6326861111111,"Nuclear - SMR - HTGR","TWh","100% Domestic - Adv. Reactor","100% Domestic","Reactor - Adv.","Fuel - Mod."
"USA",2045,"Nuclear - SMR - MSR",4.99148611111111,"Nuclear - SMR - MSR","TWh","100% Domestic - Adv. Reactor","100% Domestic","Reactor - Adv.","Fuel - Mod."
"USA",2045,"Nuclear - SMR - PWR modular",9.07751388888889,"Nuclear - SMR - PWR modular","TWh","100% Domestic - Adv. Reactor","100% Domestic","Reactor - Adv.","Fuel - Mod."
"USA",2045,"Nuclear - SMR - SFR",11.1100611111111,"Nuclear - SMR - SFR","TWh","100% Domestic - Adv. Reactor","100% Domestic","Reactor - Adv.","Fuel - Mod."
"USA",2050,"Nuclear - Large - PWR",248.218388888889,"Nuclear - Large - PWR","TWh","100% Domestic - Adv. Reactor","100% Domestic","Reactor - Adv.","Fuel - Mod."
"USA",2050,"Nuclear - Legacy",753.861611111111,"Nuclear - Legacy","TWh","100% Domestic - Adv. Reactor","100% Domestic","Reactor - Adv.","Fuel - Mod."
"USA",2050,"Nuclear - SMR - BWR",63.5083611111111,"Nuclear - SMR - BWR","TWh","100% Domestic - Adv. Reactor","100% Domestic","Reactor - Adv.","Fuel - Mod."
"USA",2050,"Nuclear - SMR - HTGR",32.1052888888889,"Nuclear - SMR - HTGR","TWh","100% Domestic - Adv. Reactor","100% Domestic","Reactor - Adv.","Fuel - Mod."
"USA",2050,"Nuclear - SMR - MSR",8.50867222222222,"Nuclear - SMR - MSR","TWh","100% Domestic - Adv. Reactor","100% Domestic","Reactor - Adv.","Fuel - Mod."
"USA",2050,"Nuclear - SMR - PWR modular",14.9434083333333,"Nuclear - SMR - PWR modular","TWh","100% Domestic - Adv. Reactor","100% Domestic","Reactor - Adv.","Fuel - Mod."
"USA",2050,"Nuclear - SMR - SFR",21.1411722222222,"Nuclear - SMR - SFR","TWh","100% Domestic - Adv. Reactor","100% Domestic","Reactor - Adv.","Fuel - Mod."
"USA",2055,"Nuclear - Large - PWR",345.313361111111,"Nuclear - Large - PWR","TWh","100% Domestic - Adv. Reactor","100% Domestic","Reactor - Adv.","Fuel - Mod."
"USA",2055,"Nuclear - Legacy",536.054305555556,"Nuclear - Legacy","TWh","100% Domestic - Adv. Reactor","100% Domestic","Reactor - Adv.","Fuel - Mod."
"USA",2055,"Nuclear - SMR - BWR",117.1485,"Nuclear - SMR - BWR","TWh","100% Domestic - Adv. Reactor","100% Domestic","Reactor - Adv.","Fuel - Mod."
"USA",2055,"Nuclear - SMR - HTGR",53.5124805555556,"Nuclear - SMR - HTGR","TWh","100% Domestic - Adv. Reactor","100% Domestic","Reactor - Adv.","Fuel - Mod."
"USA",2055,"Nuclear - SMR - MSR",11.6997222222222,"Nuclear - SMR - MSR","TWh","100% Domestic - Adv. Reactor","100% Domestic","Reactor - Adv.","Fuel - Mod."
"USA",2055,"Nuclear - SMR - PWR modular",20.6460888888889,"Nuclear - SMR - PWR modular","TWh","100% Domestic - Adv. Reactor","100% Domestic","Reactor - Adv.","Fuel - Mod."
"USA",2055,"Nuclear - SMR - SFR",31.9290611111111,"Nuclear - SMR - SFR","TWh","100% Domestic - Adv. Reactor","100% Domestic","Reactor - Adv.","Fuel - Mod."
"USA",2060,"Nuclear - Large - PWR",434.735027777778,"Nuclear - Large - PWR","TWh","100% Domestic - Adv. Reactor","100% Domestic","Reactor - Adv.","Fuel - Mod."
"USA",2060,"Nuclear - Legacy",417.221305555556,"Nuclear - Legacy","TWh","100% Domestic - Adv. Reactor","100% Domestic","Reactor - Adv.","Fuel - Mod."
"USA",2060,"Nuclear - SMR - BWR",177.770111111111,"Nuclear - SMR - BWR","TWh","100% Domestic - Adv. Reactor","100% Domestic","Reactor - Adv.","Fuel - Mod."
"USA",2060,"Nuclear - SMR - HTGR",76.2110361111111,"Nuclear - SMR - HTGR","TWh","100% Domestic - Adv. Reactor","100% Domestic","Reactor - Adv.","Fuel - Mod."
"USA",2060,"Nuclear - SMR - MSR",14.3897222222222,"Nuclear - SMR - MSR","TWh","100% Domestic - Adv. Reactor","100% Domestic","Reactor - Adv.","Fuel - Mod."
"USA",2060,"Nuclear - SMR - PWR modular",25.8854833333333,"Nuclear - SMR - PWR modular","TWh","100% Domestic - Adv. Reactor","100% Domestic","Reactor - Adv.","Fuel - Mod."
"USA",2060,"Nuclear - SMR - SFR",42.4371944444444,"Nuclear - SMR - SFR","TWh","100% Domestic - Adv. Reactor","100% Domestic","Reactor - Adv.","Fuel - Mod."
"USA",2065,"Nuclear - Large - PWR",534.693194444444,"Nuclear - Large - PWR","TWh","100% Domestic - Adv. Reactor","100% Domestic","Reactor - Adv.","Fuel - Mod."
"USA",2065,"Nuclear - Legacy",238.699944444444,"Nuclear - Legacy","TWh","100% Domestic - Adv. Reactor","100% Domestic","Reactor - Adv.","Fuel - Mod."
"USA",2065,"Nuclear - SMR - BWR",253.091055555556,"Nuclear - SMR - BWR","TWh","100% Domestic - Adv. Reactor","100% Domestic","Reactor - Adv.","Fuel - Mod."
"USA",2065,"Nuclear - SMR - HTGR",103.5637,"Nuclear - SMR - HTGR","TWh","100% Domestic - Adv. Reactor","100% Domestic","Reactor - Adv.","Fuel - Mod."
"USA",2065,"Nuclear - SMR - MSR",17.4273111111111,"Nuclear - SMR - MSR","TWh","100% Domestic - Adv. Reactor","100% Domestic","Reactor - Adv.","Fuel - Mod."
"USA",2065,"Nuclear - SMR - PWR modular",31.7663638888889,"Nuclear - SMR - PWR modular","TWh","100% Domestic - Adv. Reactor","100% Domestic","Reactor - Adv.","Fuel - Mod."
"USA",2065,"Nuclear - SMR - SFR",54.5375305555556,"Nuclear - SMR - SFR","TWh","100% Domestic - Adv. Reactor","100% Domestic","Reactor - Adv.","Fuel - Mod."
"USA",2070,"Nuclear - Large - PWR",640.283583333333,"Nuclear - Large - PWR","TWh","100% Domestic - Adv. Reactor","100% Domestic","Reactor - Adv.","Fuel - Mod."
"USA",2070,"Nuclear - Legacy",46.2133888888889,"Nuclear - Legacy","TWh","100% Domestic - Adv. Reactor","100% Domestic","Reactor - Adv.","Fuel - Mod."
"USA",2070,"Nuclear - SMR - BWR",323.942555555556,"Nuclear - SMR - BWR","TWh","100% Domestic - Adv. Reactor","100% Domestic","Reactor - Adv.","Fuel - Mod."
"USA",2070,"Nuclear - SMR - HTGR",135.220233333333,"Nuclear - SMR - HTGR","TWh","100% Domestic - Adv. Reactor","100% Domestic","Reactor - Adv.","Fuel - Mod."
"USA",2070,"Nuclear - SMR - MSR",20.7688111111111,"Nuclear - SMR - MSR","TWh","100% Domestic - Adv. Reactor","100% Domestic","Reactor - Adv.","Fuel - Mod."
"USA",2070,"Nuclear - SMR - PWR modular",38.2384194444444,"Nuclear - SMR - PWR modular","TWh","100% Domestic - Adv. Reactor","100% Domestic","Reactor - Adv.","Fuel - Mod."
"USA",2070,"Nuclear - SMR - SFR",68.0876,"Nuclear - SMR - SFR","TWh","100% Domestic - Adv. Reactor","100% Domestic","Reactor - Adv.","Fuel - Mod."
"USA",2075,"Nuclear - Large - PWR",747.794944444444,"Nuclear - Large - PWR","TWh","100% Domestic - Adv. Reactor","100% Domestic","Reactor - Adv.","Fuel - Mod."
"USA",2075,"Nuclear - Legacy",18.0817222222222,"Nuclear - Legacy","TWh","100% Domestic - Adv. Reactor","100% Domestic","Reactor - Adv.","Fuel - Mod."
"USA",2075,"Nuclear - SMR - BWR",388.897888888889,"Nuclear - SMR - BWR","TWh","100% Domestic - Adv. Reactor","100% Domestic","Reactor - Adv.","Fuel - Mod."
"USA",2075,"Nuclear - SMR - HTGR",169.820277777778,"Nuclear - SMR - HTGR","TWh","100% Domestic - Adv. Reactor","100% Domestic","Reactor - Adv.","Fuel - Mod."
"USA",2075,"Nuclear - SMR - MSR",24.3077527777778,"Nuclear - SMR - MSR","TWh","100% Domestic - Adv. Reactor","100% Domestic","Reactor - Adv.","Fuel - Mod."
"USA",2075,"Nuclear - SMR - PWR modular",45.082925,"Nuclear - SMR - PWR modular","TWh","100% Domestic - Adv. Reactor","100% Domestic","Reactor - Adv.","Fuel - Mod."
"USA",2075,"Nuclear - SMR - SFR",82.5845111111111,"Nuclear - SMR - SFR","TWh","100% Domestic - Adv. Reactor","100% Domestic","Reactor - Adv.","Fuel - Mod."
"USA",2080,"Nuclear - Large - PWR",883.943638888889,"Nuclear - Large - PWR","TWh","100% Domestic - Adv. Reactor","100% Domestic","Reactor - Adv.","Fuel - Mod."
"USA",2080,"Nuclear - Legacy",9.23316666666667,"Nuclear - Legacy","TWh","100% Domestic - Adv. Reactor","100% Domestic","Reactor - Adv.","Fuel - Mod."
"USA",2080,"Nuclear - SMR - BWR",465.774194444444,"Nuclear - SMR - BWR","TWh","100% Domestic - Adv. Reactor","100% Domestic","Reactor - Adv.","Fuel - Mod."
"USA",2080,"Nuclear - SMR - HTGR",217.206766666667,"Nuclear - SMR - HTGR","TWh","100% Domestic - Adv. Reactor","100% Domestic","Reactor - Adv.","Fuel - Mod."
"USA",2080,"Nuclear - SMR - MSR",29.02915,"Nuclear - SMR - MSR","TWh","100% Domestic - Adv. Reactor","100% Domestic","Reactor - Adv.","Fuel - Mod."
"USA",2080,"Nuclear - SMR - PWR modular",54.2405888888889,"Nuclear - SMR - PWR modular","TWh","100% Domestic - Adv. Reactor","100% Domestic","Reactor - Adv.","Fuel - Mod."
"USA",2080,"Nuclear - SMR - SFR",102.151725,"Nuclear - SMR - SFR","TWh","100% Domestic - Adv. Reactor","100% Domestic","Reactor - Adv.","Fuel - Mod."
"USA",2085,"Nuclear - Large - PWR",981.538861111111,"Nuclear - Large - PWR","TWh","100% Domestic - Adv. Reactor","100% Domestic","Reactor - Adv.","Fuel - Mod."
"USA",2085,"Nuclear - Legacy",9.22966666666667,"Nuclear - Legacy","TWh","100% Domestic - Adv. Reactor","100% Domestic","Reactor - Adv.","Fuel - Mod."
"USA",2085,"Nuclear - SMR - BWR",520.048916666667,"Nuclear - SMR - BWR","TWh","100% Domestic - Adv. Reactor","100% Domestic","Reactor - Adv.","Fuel - Mod."
"USA",2085,"Nuclear - SMR - HTGR",252.918858333333,"Nuclear - SMR - HTGR","TWh","100% Domestic - Adv. Reactor","100% Domestic","Reactor - Adv.","Fuel - Mod."
"USA",2085,"Nuclear - SMR - MSR",32.3172055555556,"Nuclear - SMR - MSR","TWh","100% Domestic - Adv. Reactor","100% Domestic","Reactor - Adv.","Fuel - Mod."
"USA",2085,"Nuclear - SMR - PWR modular",61.4629305555556,"Nuclear - SMR - PWR modular","TWh","100% Domestic - Adv. Reactor","100% Domestic","Reactor - Adv.","Fuel - Mod."
"USA",2085,"Nuclear - SMR - SFR",117.833491666667,"Nuclear - SMR - SFR","TWh","100% Domestic - Adv. Reactor","100% Domestic","Reactor - Adv.","Fuel - Mod."
"USA",2090,"Nuclear - Large - PWR",1047.72455555556,"Nuclear - Large - PWR","TWh","100% Domestic - Adv. Reactor","100% Domestic","Reactor - Adv.","Fuel - Mod."
"USA",2090,"Nuclear - Legacy",9.21902777777778,"Nuclear - Legacy","TWh","100% Domestic - Adv. Reactor","100% Domestic","Reactor - Adv.","Fuel - Mod."
"USA",2090,"Nuclear - SMR - BWR",563.386611111111,"Nuclear - SMR - BWR","TWh","100% Domestic - Adv. Reactor","100% Domestic","Reactor - Adv.","Fuel - Mod."
"USA",2090,"Nuclear - SMR - HTGR",281.412119444444,"Nuclear - SMR - HTGR","TWh","100% Domestic - Adv. Reactor","100% Domestic","Reactor - Adv.","Fuel - Mod."
"USA",2090,"Nuclear - SMR - MSR",34.9449388888889,"Nuclear - SMR - MSR","TWh","100% Domestic - Adv. Reactor","100% Domestic","Reactor - Adv.","Fuel - Mod."
"USA",2090,"Nuclear - SMR - PWR modular",67.7198055555556,"Nuclear - SMR - PWR modular","TWh","100% Domestic - Adv. Reactor","100% Domestic","Reactor - Adv.","Fuel - Mod."
"USA",2090,"Nuclear - SMR - SFR",131.540002777778,"Nuclear - SMR - SFR","TWh","100% Domestic - Adv. Reactor","100% Domestic","Reactor - Adv.","Fuel - Mod."
"USA",2095,"Nuclear - Large - PWR",1113.60166666667,"Nuclear - Large - PWR","TWh","100% Domestic - Adv. Reactor","100% Domestic","Reactor - Adv.","Fuel - Mod."
"USA",2095,"Nuclear - Legacy",9.20338888888889,"Nuclear - Legacy","TWh","100% Domestic - Adv. Reactor","100% Domestic","Reactor - Adv.","Fuel - Mod."
"USA",2095,"Nuclear - SMR - BWR",607.093777777778,"Nuclear - SMR - BWR","TWh","100% Domestic - Adv. Reactor","100% Domestic","Reactor - Adv.","Fuel - Mod."
"USA",2095,"Nuclear - SMR - HTGR",309.638055555556,"Nuclear - SMR - HTGR","TWh","100% Domestic - Adv. Reactor","100% Domestic","Reactor - Adv.","Fuel - Mod."
"USA",2095,"Nuclear - SMR - MSR",36.8144416666667,"Nuclear - SMR - MSR","TWh","100% Domestic - Adv. Reactor","100% Domestic","Reactor - Adv.","Fuel - Mod."
"USA",2095,"Nuclear - SMR - PWR modular",72.6376388888889,"Nuclear - SMR - PWR modular","TWh","100% Domestic - Adv. Reactor","100% Domestic","Reactor - Adv.","Fuel - Mod."
"USA",2095,"Nuclear - SMR - SFR",145.069611111111,"Nuclear - SMR - SFR","TWh","100% Domestic - Adv. Reactor","100% Domestic","Reactor - Adv.","Fuel - Mod."
"USA",2100,"Nuclear - Large - PWR",1151.37027777778,"Nuclear - Large - PWR","TWh","100% Domestic - Adv. Reactor","100% Domestic","Reactor - Adv.","Fuel - Mod."
"USA",2100,"Nuclear - SMR - BWR",643.331444444444,"Nuclear - SMR - BWR","TWh","100% Domestic - Adv. Reactor","100% Domestic","Reactor - Adv.","Fuel - Mod."
"USA",2100,"Nuclear - SMR - HTGR",333.716361111111,"Nuclear - SMR - HTGR","TWh","100% Domestic - Adv. Reactor","100% Domestic","Reactor - Adv.","Fuel - Mod."
"USA",2100,"Nuclear - SMR - MSR",38.0935194444444,"Nuclear - SMR - MSR","TWh","100% Domestic - Adv. Reactor","100% Domestic","Reactor - Adv.","Fuel - Mod."
"USA",2100,"Nuclear - SMR - PWR modular",76.5532222222222,"Nuclear - SMR - PWR modular","TWh","100% Domestic - Adv. Reactor","100% Domestic","Reactor - Adv.","Fuel - Mod."
"USA",2100,"Nuclear - SMR - SFR",157.401694444444,"Nuclear - SMR - SFR","TWh","100% Domestic - Adv. Reactor","100% Domestic","Reactor - Adv.","Fuel - Mod."
"USA",2021,"Nuclear - Legacy",811.5533,"Nuclear - Legacy","TWh","100% Domestic - Expensive U","100% Domestic","Reactor - Mod.","Fuel - Cons."
"USA",2025,"Nuclear - Large - PWR",18.3333333333333,"Nuclear - Large - PWR","TWh","100% Domestic - Expensive U","100% Domestic","Reactor - Mod.","Fuel - Cons."
"USA",2025,"Nuclear - Legacy",808.283694444444,"Nuclear - Legacy","TWh","100% Domestic - Expensive U","100% Domestic","Reactor - Mod.","Fuel - Cons."
"USA",2030,"Nuclear - Large - PWR",30.5186388888889,"Nuclear - Large - PWR","TWh","100% Domestic - Expensive U","100% Domestic","Reactor - Mod.","Fuel - Cons."
"USA",2030,"Nuclear - Legacy",808.12175,"Nuclear - Legacy","TWh","100% Domestic - Expensive U","100% Domestic","Reactor - Mod.","Fuel - Cons."
"USA",2035,"Nuclear - Large - PWR",48.87525,"Nuclear - Large - PWR","TWh","100% Domestic - Expensive U","100% Domestic","Reactor - Mod.","Fuel - Cons."
"USA",2035,"Nuclear - Legacy",786.255888888889,"Nuclear - Legacy","TWh","100% Domestic - Expensive U","100% Domestic","Reactor - Mod.","Fuel - Cons."
"USA",2035,"Nuclear - SMR - BWR",3.35958333333333,"Nuclear - SMR - BWR","TWh","100% Domestic - Expensive U","100% Domestic","Reactor - Mod.","Fuel - Cons."
"USA",2035,"Nuclear - SMR - HTGR",2.497675,"Nuclear - SMR - HTGR","TWh","100% Domestic - Expensive U","100% Domestic","Reactor - Mod.","Fuel - Cons."
"USA",2035,"Nuclear - SMR - MSR",0.787075,"Nuclear - SMR - MSR","TWh","100% Domestic - Expensive U","100% Domestic","Reactor - Mod.","Fuel - Cons."
"USA",2035,"Nuclear - SMR - PWR modular",2.32126666666667,"Nuclear - SMR - PWR modular","TWh","100% Domestic - Expensive U","100% Domestic","Reactor - Mod.","Fuel - Cons."
"USA",2035,"Nuclear - SMR - SFR",2.48640833333333,"Nuclear - SMR - SFR","TWh","100% Domestic - Expensive U","100% Domestic","Reactor - Mod.","Fuel - Cons."
"USA",2040,"Nuclear - Large - PWR",79.2900833333333,"Nuclear - Large - PWR","TWh","100% Domestic - Expensive U","100% Domestic","Reactor - Mod.","Fuel - Cons."
"USA",2040,"Nuclear - Legacy",780.076166666667,"Nuclear - Legacy","TWh","100% Domestic - Expensive U","100% Domestic","Reactor - Mod.","Fuel - Cons."
"USA",2040,"Nuclear - SMR - BWR",9.61197222222222,"Nuclear - SMR - BWR","TWh","100% Domestic - Expensive U","100% Domestic","Reactor - Mod.","Fuel - Cons."
"USA",2040,"Nuclear - SMR - HTGR",6.21141666666667,"Nuclear - SMR - HTGR","TWh","100% Domestic - Expensive U","100% Domestic","Reactor - Mod.","Fuel - Cons."
"USA",2040,"Nuclear - SMR - MSR",1.72100555555556,"Nuclear - SMR - MSR","TWh","100% Domestic - Expensive U","100% Domestic","Reactor - Mod.","Fuel - Cons."
"USA",2040,"Nuclear - SMR - PWR modular",5.30014166666667,"Nuclear - SMR - PWR modular","TWh","100% Domestic - Expensive U","100% Domestic","Reactor - Mod.","Fuel - Cons."
"USA",2040,"Nuclear - SMR - SFR",5.80718888888889,"Nuclear - SMR - SFR","TWh","100% Domestic - Expensive U","100% Domestic","Reactor - Mod.","Fuel - Cons."
"USA",2045,"Nuclear - Large - PWR",110.100916666667,"Nuclear - Large - PWR","TWh","100% Domestic - Expensive U","100% Domestic","Reactor - Mod.","Fuel - Cons."
"USA",2045,"Nuclear - Legacy",773.742305555556,"Nuclear - Legacy","TWh","100% Domestic - Expensive U","100% Domestic","Reactor - Mod.","Fuel - Cons."
"USA",2045,"Nuclear - SMR - BWR",18.8602222222222,"Nuclear - SMR - BWR","TWh","100% Domestic - Expensive U","100% Domestic","Reactor - Mod.","Fuel - Cons."
"USA",2045,"Nuclear - SMR - HTGR",11.0908638888889,"Nuclear - SMR - HTGR","TWh","100% Domestic - Expensive U","100% Domestic","Reactor - Mod.","Fuel - Cons."
"USA",2045,"Nuclear - SMR - MSR",2.31940555555556,"Nuclear - SMR - MSR","TWh","100% Domestic - Expensive U","100% Domestic","Reactor - Mod.","Fuel - Cons."
"USA",2045,"Nuclear - SMR - PWR modular",7.89073611111111,"Nuclear - SMR - PWR modular","TWh","100% Domestic - Expensive U","100% Domestic","Reactor - Mod.","Fuel - Cons."
"USA",2045,"Nuclear - SMR - SFR",9.51655555555556,"Nuclear - SMR - SFR","TWh","100% Domestic - Expensive U","100% Domestic","Reactor - Mod.","Fuel - Cons."
"USA",2050,"Nuclear - Large - PWR",163.584388888889,"Nuclear - Large - PWR","TWh","100% Domestic - Expensive U","100% Domestic","Reactor - Mod.","Fuel - Cons."
"USA",2050,"Nuclear - Legacy",738.029722222222,"Nuclear - Legacy","TWh","100% Domestic - Expensive U","100% Domestic","Reactor - Mod.","Fuel - Cons."
"USA",2050,"Nuclear - SMR - BWR",38.7805555555556,"Nuclear - SMR - BWR","TWh","100% Domestic - Expensive U","100% Domestic","Reactor - Mod.","Fuel - Cons."
"USA",2050,"Nuclear - SMR - HTGR",21.0289222222222,"Nuclear - SMR - HTGR","TWh","100% Domestic - Expensive U","100% Domestic","Reactor - Mod.","Fuel - Cons."
"USA",2050,"Nuclear - SMR - MSR",3.58380833333333,"Nuclear - SMR - MSR","TWh","100% Domestic - Expensive U","100% Domestic","Reactor - Mod.","Fuel - Cons."
"USA",2050,"Nuclear - SMR - PWR modular",12.3378861111111,"Nuclear - SMR - PWR modular","TWh","100% Domestic - Expensive U","100% Domestic","Reactor - Mod.","Fuel - Cons."
"USA",2050,"Nuclear - SMR - SFR",16.2498083333333,"Nuclear - SMR - SFR","TWh","100% Domestic - Expensive U","100% Domestic","Reactor - Mod.","Fuel - Cons."
"USA",2055,"Nuclear - Large - PWR",212.465166666667,"Nuclear - Large - PWR","TWh","100% Domestic - Expensive U","100% Domestic","Reactor - Mod.","Fuel - Cons."
"USA",2055,"Nuclear - Legacy",524.341722222222,"Nuclear - Legacy","TWh","100% Domestic - Expensive U","100% Domestic","Reactor - Mod.","Fuel - Cons."
"USA",2055,"Nuclear - SMR - BWR",60.4898611111111,"Nuclear - SMR - BWR","TWh","100% Domestic - Expensive U","100% Domestic","Reactor - Mod.","Fuel - Cons."
"USA",2055,"Nuclear - SMR - HTGR",31.3498944444444,"Nuclear - SMR - HTGR","TWh","100% Domestic - Expensive U","100% Domestic","Reactor - Mod.","Fuel - Cons."
"USA",2055,"Nuclear - SMR - MSR",4.63601388888889,"Nuclear - SMR - MSR","TWh","100% Domestic - Expensive U","100% Domestic","Reactor - Mod.","Fuel - Cons."
"USA",2055,"Nuclear - SMR - PWR modular",16.3913055555556,"Nuclear - SMR - PWR modular","TWh","100% Domestic - Expensive U","100% Domestic","Reactor - Mod.","Fuel - Cons."
"USA",2055,"Nuclear - SMR - SFR",22.640475,"Nuclear - SMR - SFR","TWh","100% Domestic - Expensive U","100% Domestic","Reactor - Mod.","Fuel - Cons."
"USA",2060,"Nuclear - Large - PWR",257.126083333333,"Nuclear - Large - PWR","TWh","100% Domestic - Expensive U","100% Domestic","Reactor - Mod.","Fuel - Cons."
"USA",2060,"Nuclear - Legacy",407.281583333333,"Nuclear - Legacy","TWh","100% Domestic - Expensive U","100% Domestic","Reactor - Mod.","Fuel - Cons."
"USA",2060,"Nuclear - SMR - BWR",82.72175,"Nuclear - SMR - BWR","TWh","100% Domestic - Expensive U","100% Domestic","Reactor - Mod.","Fuel - Cons."
"USA",2060,"Nuclear - SMR - HTGR",41.6883888888889,"Nuclear - SMR - HTGR","TWh","100% Domestic - Expensive U","100% Domestic","Reactor - Mod.","Fuel - Cons."
"USA",2060,"Nuclear - SMR - MSR",5.58225833333333,"Nuclear - SMR - MSR","TWh","100% Domestic - Expensive U","100% Domestic","Reactor - Mod.","Fuel - Cons."
"USA",2060,"Nuclear - SMR - PWR modular",20.0758833333333,"Nuclear - SMR - PWR modular","TWh","100% Domestic - Expensive U","100% Domestic","Reactor - Mod.","Fuel - Cons."
"USA",2060,"Nuclear - SMR - SFR",28.6295472222222,"Nuclear - SMR - SFR","TWh","100% Domestic - Expensive U","100% Domestic","Reactor - Mod.","Fuel - Cons."
"USA",2065,"Nuclear - Large - PWR",307.289361111111,"Nuclear - Large - PWR","TWh","100% Domestic - Expensive U","100% Domestic","Reactor - Mod.","Fuel - Cons."
"USA",2065,"Nuclear - Legacy",232.904416666667,"Nuclear - Legacy","TWh","100% Domestic - Expensive U","100% Domestic","Reactor - Mod.","Fuel - Cons."
"USA",2065,"Nuclear - SMR - BWR",108.599444444444,"Nuclear - SMR - BWR","TWh","100% Domestic - Expensive U","100% Domestic","Reactor - Mod.","Fuel - Cons."
"USA",2065,"Nuclear - SMR - HTGR",53.7015805555556,"Nuclear - SMR - HTGR","TWh","100% Domestic - Expensive U","100% Domestic","Reactor - Mod.","Fuel - Cons."
"USA",2065,"Nuclear - SMR - MSR",6.85294722222222,"Nuclear - SMR - MSR","TWh","100% Domestic - Expensive U","100% Domestic","Reactor - Mod.","Fuel - Cons."
"USA",2065,"Nuclear - SMR - PWR modular",24.2249444444444,"Nuclear - SMR - PWR modular","TWh","100% Domestic - Expensive U","100% Domestic","Reactor - Mod.","Fuel - Cons."
"USA",2065,"Nuclear - SMR - SFR",35.3749972222222,"Nuclear - SMR - SFR","TWh","100% Domestic - Expensive U","100% Domestic","Reactor - Mod.","Fuel - Cons."
"USA",2070,"Nuclear - Large - PWR",361.022972222222,"Nuclear - Large - PWR","TWh","100% Domestic - Expensive U","100% Domestic","Reactor - Mod.","Fuel - Cons."
"USA",2070,"Nuclear - Legacy",45.1031111111111,"Nuclear - Legacy","TWh","100% Domestic - Expensive U","100% Domestic","Reactor - Mod.","Fuel - Cons."
"USA",2070,"Nuclear - SMR - BWR",137.282861111111,"Nuclear - SMR - BWR","TWh","100% Domestic - Expensive U","100% Domestic","Reactor - Mod.","Fuel - Cons."
"USA",2070,"Nuclear - SMR - HTGR",67.0250666666667,"Nuclear - SMR - HTGR","TWh","100% Domestic - Expensive U","100% Domestic","Reactor - Mod.","Fuel - Cons."
"USA",2070,"Nuclear - SMR - MSR",8.34095555555555,"Nuclear - SMR - MSR","TWh","100% Domestic - Expensive U","100% Domestic","Reactor - Mod.","Fuel - Cons."
"USA",2070,"Nuclear - SMR - PWR modular",28.6749861111111,"Nuclear - SMR - PWR modular","TWh","100% Domestic - Expensive U","100% Domestic","Reactor - Mod.","Fuel - Cons."
"USA",2070,"Nuclear - SMR - SFR",42.6306861111111,"Nuclear - SMR - SFR","TWh","100% Domestic - Expensive U","100% Domestic","Reactor - Mod.","Fuel - Cons."
"USA",2075,"Nuclear - Large - PWR",417.180805555556,"Nuclear - Large - PWR","TWh","100% Domestic - Expensive U","100% Domestic","Reactor - Mod.","Fuel - Cons."
"USA",2075,"Nuclear - Legacy",17.6953055555556,"Nuclear - Legacy","TWh","100% Domestic - Expensive U","100% Domestic","Reactor - Mod.","Fuel - Cons."
"USA",2075,"Nuclear - SMR - BWR",167.225472222222,"Nuclear - SMR - BWR","TWh","100% Domestic - Expensive U","100% Domestic","Reactor - Mod.","Fuel - Cons."
"USA",2075,"Nuclear - SMR - HTGR",81.0545194444444,"Nuclear - SMR - HTGR","TWh","100% Domestic - Expensive U","100% Domestic","Reactor - Mod.","Fuel - Cons."
"USA",2075,"Nuclear - SMR - MSR",10.1184611111111,"Nuclear - SMR - MSR","TWh","100% Domestic - Expensive U","100% Domestic","Reactor - Mod.","Fuel - Cons."
"USA",2075,"Nuclear - SMR - PWR modular",33.3665694444444,"Nuclear - SMR - PWR modular","TWh","100% Domestic - Expensive U","100% Domestic","Reactor - Mod.","Fuel - Cons."
"USA",2075,"Nuclear - SMR - SFR",50.2025277777778,"Nuclear - SMR - SFR","TWh","100% Domestic - Expensive U","100% Domestic","Reactor - Mod.","Fuel - Cons."
"USA",2080,"Nuclear - Large - PWR",492.336638888889,"Nuclear - Large - PWR","TWh","100% Domestic - Expensive U","100% Domestic","Reactor - Mod.","Fuel - Cons."
"USA",2080,"Nuclear - Legacy",9.06291666666667,"Nuclear - Legacy","TWh","100% Domestic - Expensive U","100% Domestic","Reactor - Mod.","Fuel - Cons."
"USA",2080,"Nuclear - SMR - BWR",207.540416666667,"Nuclear - SMR - BWR","TWh","100% Domestic - Expensive U","100% Domestic","Reactor - Mod.","Fuel - Cons."
"USA",2080,"Nuclear - SMR - HTGR",100.098169444444,"Nuclear - SMR - HTGR","TWh","100% Domestic - Expensive U","100% Domestic","Reactor - Mod.","Fuel - Cons."
"USA",2080,"Nuclear - SMR - MSR",12.7285,"Nuclear - SMR - MSR","TWh","100% Domestic - Expensive U","100% Domestic","Reactor - Mod.","Fuel - Cons."
"USA",2080,"Nuclear - SMR - PWR modular",39.6791,"Nuclear - SMR - PWR modular","TWh","100% Domestic - Expensive U","100% Domestic","Reactor - Mod.","Fuel - Cons."
"USA",2080,"Nuclear - SMR - SFR",60.3632777777778,"Nuclear - SMR - SFR","TWh","100% Domestic - Expensive U","100% Domestic","Reactor - Mod.","Fuel - Cons."
"USA",2085,"Nuclear - Large - PWR",547.527638888889,"Nuclear - Large - PWR","TWh","100% Domestic - Expensive U","100% Domestic","Reactor - Mod.","Fuel - Cons."
"USA",2085,"Nuclear - Legacy",9.06625,"Nuclear - Legacy","TWh","100% Domestic - Expensive U","100% Domestic","Reactor - Mod.","Fuel - Cons."
"USA",2085,"Nuclear - SMR - BWR",239.389805555556,"Nuclear - SMR - BWR","TWh","100% Domestic - Expensive U","100% Domestic","Reactor - Mod.","Fuel - Cons."
"USA",2085,"Nuclear - SMR - HTGR",115.082102777778,"Nuclear - SMR - HTGR","TWh","100% Domestic - Expensive U","100% Domestic","Reactor - Mod.","Fuel - Cons."
"USA",2085,"Nuclear - SMR - MSR",14.4537222222222,"Nuclear - SMR - MSR","TWh","100% Domestic - Expensive U","100% Domestic","Reactor - Mod.","Fuel - Cons."
"USA",2085,"Nuclear - SMR - PWR modular",44.3134611111111,"Nuclear - SMR - PWR modular","TWh","100% Domestic - Expensive U","100% Domestic","Reactor - Mod.","Fuel - Cons."
"USA",2085,"Nuclear - SMR - SFR",68.0033305555556,"Nuclear - SMR - SFR","TWh","100% Domestic - Expensive U","100% Domestic","Reactor - Mod.","Fuel - Cons."
"USA",2090,"Nuclear - Large - PWR",582.857972222222,"Nuclear - Large - PWR","TWh","100% Domestic - Expensive U","100% Domestic","Reactor - Mod.","Fuel - Cons."
"USA",2090,"Nuclear - Legacy",9.05005555555555,"Nuclear - Legacy","TWh","100% Domestic - Expensive U","100% Domestic","Reactor - Mod.","Fuel - Cons."
"USA",2090,"Nuclear - SMR - BWR",267.450444444444,"Nuclear - SMR - BWR","TWh","100% Domestic - Expensive U","100% Domestic","Reactor - Mod.","Fuel - Cons."
"USA",2090,"Nuclear - SMR - HTGR",128.343358333333,"Nuclear - SMR - HTGR","TWh","100% Domestic - Expensive U","100% Domestic","Reactor - Mod.","Fuel - Cons."
"USA",2090,"Nuclear - SMR - MSR",15.9378361111111,"Nuclear - SMR - MSR","TWh","100% Domestic - Expensive U","100% Domestic","Reactor - Mod.","Fuel - Cons."
"USA",2090,"Nuclear - SMR - PWR modular",48.2491888888889,"Nuclear - SMR - PWR modular","TWh","100% Domestic - Expensive U","100% Domestic","Reactor - Mod.","Fuel - Cons."
"USA",2090,"Nuclear - SMR - SFR",74.5742972222222,"Nuclear - SMR - SFR","TWh","100% Domestic - Expensive U","100% Domestic","Reactor - Mod.","Fuel - Cons."
"USA",2095,"Nuclear - Large - PWR",618.535,"Nuclear - Large - PWR","TWh","100% Domestic - Expensive U","100% Domestic","Reactor - Mod.","Fuel - Cons."
"USA",2095,"Nuclear - Legacy",9.02163888888889,"Nuclear - Legacy","TWh","100% Domestic - Expensive U","100% Domestic","Reactor - Mod.","Fuel - Cons."
"USA",2095,"Nuclear - SMR - BWR",296.278,"Nuclear - SMR - BWR","TWh","100% Domestic - Expensive U","100% Domestic","Reactor - Mod.","Fuel - Cons."
"USA",2095,"Nuclear - SMR - HTGR",141.243277777778,"Nuclear - SMR - HTGR","TWh","100% Domestic - Expensive U","100% Domestic","Reactor - Mod.","Fuel - Cons."
"USA",2095,"Nuclear - SMR - MSR",17.1382888888889,"Nuclear - SMR - MSR","TWh","100% Domestic - Expensive U","100% Domestic","Reactor - Mod.","Fuel - Cons."
"USA",2095,"Nuclear - SMR - PWR modular",50.5594722222222,"Nuclear - SMR - PWR modular","TWh","100% Domestic - Expensive U","100% Domestic","Reactor - Mod.","Fuel - Cons."
"USA",2095,"Nuclear - SMR - SFR",79.6920833333333,"Nuclear - SMR - SFR","TWh","100% Domestic - Expensive U","100% Domestic","Reactor - Mod.","Fuel - Cons."
"USA",2100,"Nuclear - Large - PWR",638.033333333333,"Nuclear - Large - PWR","TWh","100% Domestic - Expensive U","100% Domestic","Reactor - Mod.","Fuel - Cons."
"USA",2100,"Nuclear - SMR - BWR",320.3765,"Nuclear - SMR - BWR","TWh","100% Domestic - Expensive U","100% Domestic","Reactor - Mod.","Fuel - Cons."
"USA",2100,"Nuclear - SMR - HTGR",152.146777777778,"Nuclear - SMR - HTGR","TWh","100% Domestic - Expensive U","100% Domestic","Reactor - Mod.","Fuel - Cons."
"USA",2100,"Nuclear - SMR - MSR",17.9657555555556,"Nuclear - SMR - MSR","TWh","100% Domestic - Expensive U","100% Domestic","Reactor - Mod.","Fuel - Cons."
"USA",2100,"Nuclear - SMR - PWR modular",51.8455305555556,"Nuclear - SMR - PWR modular","TWh","100% Domestic - Expensive U","100% Domestic","Reactor - Mod.","Fuel - Cons."
"USA",2100,"Nuclear - SMR - SFR",83.4136111111111,"Nuclear - SMR - SFR","TWh","100% Domestic - Expensive U","100% Domestic","Reactor - Mod.","Fuel - Cons."
"USA",2021,"Nuclear - Legacy",811.5533,"Nuclear - Legacy","TWh","100% Domestic - Lower Intl. Nuc","100% Domestic","Lower Int. Nuc","Fuel - Mod."
"USA",2025,"Nuclear - Large - PWR",18.3333333333333,"Nuclear - Large - PWR","TWh","100% Domestic - Lower Intl. Nuc","100% Domestic","Lower Int. Nuc","Fuel - Mod."
"USA",2025,"Nuclear - Legacy",808.465805555556,"Nuclear - Legacy","TWh","100% Domestic - Lower Intl. Nuc","100% Domestic","Lower Int. Nuc","Fuel - Mod."
"USA",2030,"Nuclear - Large - PWR",31.09225,"Nuclear - Large - PWR","TWh","100% Domestic - Lower Intl. Nuc","100% Domestic","Lower Int. Nuc","Fuel - Mod."
"USA",2030,"Nuclear - Legacy",808.344833333333,"Nuclear - Legacy","TWh","100% Domestic - Lower Intl. Nuc","100% Domestic","Lower Int. Nuc","Fuel - Mod."
"USA",2035,"Nuclear - Large - PWR",51.5049166666667,"Nuclear - Large - PWR","TWh","100% Domestic - Lower Intl. Nuc","100% Domestic","Lower Int. Nuc","Fuel - Mod."
"USA",2035,"Nuclear - Legacy",787.588444444444,"Nuclear - Legacy","TWh","100% Domestic - Lower Intl. Nuc","100% Domestic","Lower Int. Nuc","Fuel - Mod."
"USA",2035,"Nuclear - SMR - BWR",3.33252777777778,"Nuclear - SMR - BWR","TWh","100% Domestic - Lower Intl. Nuc","100% Domestic","Lower Int. Nuc","Fuel - Mod."
"USA",2035,"Nuclear - SMR - HTGR",2.77199444444444,"Nuclear - SMR - HTGR","TWh","100% Domestic - Lower Intl. Nuc","100% Domestic","Lower Int. Nuc","Fuel - Mod."
"USA",2035,"Nuclear - SMR - MSR",1.30742777777778,"Nuclear - SMR - MSR","TWh","100% Domestic - Lower Intl. Nuc","100% Domestic","Lower Int. Nuc","Fuel - Mod."
"USA",2035,"Nuclear - SMR - PWR modular",2.47151111111111,"Nuclear - SMR - PWR modular","TWh","100% Domestic - Lower Intl. Nuc","100% Domestic","Lower Int. Nuc","Fuel - Mod."
"USA",2035,"Nuclear - SMR - SFR",2.57931944444444,"Nuclear - SMR - SFR","TWh","100% Domestic - Lower Intl. Nuc","100% Domestic","Lower Int. Nuc","Fuel - Mod."
"USA",2040,"Nuclear - Large - PWR",88.6974444444444,"Nuclear - Large - PWR","TWh","100% Domestic - Lower Intl. Nuc","100% Domestic","Lower Int. Nuc","Fuel - Mod."
"USA",2040,"Nuclear - Legacy",785.657611111111,"Nuclear - Legacy","TWh","100% Domestic - Lower Intl. Nuc","100% Domestic","Lower Int. Nuc","Fuel - Mod."
"USA",2040,"Nuclear - SMR - BWR",9.71919444444444,"Nuclear - SMR - BWR","TWh","100% Domestic - Lower Intl. Nuc","100% Domestic","Lower Int. Nuc","Fuel - Mod."
"USA",2040,"Nuclear - SMR - HTGR",7.21356388888889,"Nuclear - SMR - HTGR","TWh","100% Domestic - Lower Intl. Nuc","100% Domestic","Lower Int. Nuc","Fuel - Mod."
"USA",2040,"Nuclear - SMR - MSR",3.11678055555556,"Nuclear - SMR - MSR","TWh","100% Domestic - Lower Intl. Nuc","100% Domestic","Lower Int. Nuc","Fuel - Mod."
"USA",2040,"Nuclear - SMR - PWR modular",5.93745833333333,"Nuclear - SMR - PWR modular","TWh","100% Domestic - Lower Intl. Nuc","100% Domestic","Lower Int. Nuc","Fuel - Mod."
"USA",2040,"Nuclear - SMR - SFR",6.28825555555556,"Nuclear - SMR - SFR","TWh","100% Domestic - Lower Intl. Nuc","100% Domestic","Lower Int. Nuc","Fuel - Mod."
"USA",2045,"Nuclear - Large - PWR",129.065527777778,"Nuclear - Large - PWR","TWh","100% Domestic - Lower Intl. Nuc","100% Domestic","Lower Int. Nuc","Fuel - Mod."
"USA",2045,"Nuclear - Legacy",783.649916666667,"Nuclear - Legacy","TWh","100% Domestic - Lower Intl. Nuc","100% Domestic","Lower Int. Nuc","Fuel - Mod."
"USA",2045,"Nuclear - SMR - BWR",19.3284722222222,"Nuclear - SMR - BWR","TWh","100% Domestic - Lower Intl. Nuc","100% Domestic","Lower Int. Nuc","Fuel - Mod."
"USA",2045,"Nuclear - SMR - HTGR",13.3025888888889,"Nuclear - SMR - HTGR","TWh","100% Domestic - Lower Intl. Nuc","100% Domestic","Lower Int. Nuc","Fuel - Mod."
"USA",2045,"Nuclear - SMR - MSR",4.98273055555556,"Nuclear - SMR - MSR","TWh","100% Domestic - Lower Intl. Nuc","100% Domestic","Lower Int. Nuc","Fuel - Mod."
"USA",2045,"Nuclear - SMR - PWR modular",9.25921944444444,"Nuclear - SMR - PWR modular","TWh","100% Domestic - Lower Intl. Nuc","100% Domestic","Lower Int. Nuc","Fuel - Mod."
"USA",2045,"Nuclear - SMR - SFR",10.7357444444444,"Nuclear - SMR - SFR","TWh","100% Domestic - Lower Intl. Nuc","100% Domestic","Lower Int. Nuc","Fuel - Mod."
"USA",2050,"Nuclear - Large - PWR",201.682944444444,"Nuclear - Large - PWR","TWh","100% Domestic - Lower Intl. Nuc","100% Domestic","Lower Int. Nuc","Fuel - Mod."
"USA",2050,"Nuclear - Legacy",753.766583333333,"Nuclear - Legacy","TWh","100% Domestic - Lower Intl. Nuc","100% Domestic","Lower Int. Nuc","Fuel - Mod."
"USA",2050,"Nuclear - SMR - BWR",40.5999166666667,"Nuclear - SMR - BWR","TWh","100% Domestic - Lower Intl. Nuc","100% Domestic","Lower Int. Nuc","Fuel - Mod."
"USA",2050,"Nuclear - SMR - HTGR",26.0018138888889,"Nuclear - SMR - HTGR","TWh","100% Domestic - Lower Intl. Nuc","100% Domestic","Lower Int. Nuc","Fuel - Mod."
"USA",2050,"Nuclear - SMR - MSR",8.35343055555555,"Nuclear - SMR - MSR","TWh","100% Domestic - Lower Intl. Nuc","100% Domestic","Lower Int. Nuc","Fuel - Mod."
"USA",2050,"Nuclear - SMR - PWR modular",15.2484361111111,"Nuclear - SMR - PWR modular","TWh","100% Domestic - Lower Intl. Nuc","100% Domestic","Lower Int. Nuc","Fuel - Mod."
"USA",2050,"Nuclear - SMR - SFR",19.2134722222222,"Nuclear - SMR - SFR","TWh","100% Domestic - Lower Intl. Nuc","100% Domestic","Lower Int. Nuc","Fuel - Mod."
"USA",2055,"Nuclear - Large - PWR",273.104611111111,"Nuclear - Large - PWR","TWh","100% Domestic - Lower Intl. Nuc","100% Domestic","Lower Int. Nuc","Fuel - Mod."
"USA",2055,"Nuclear - Legacy",537.057888888889,"Nuclear - Legacy","TWh","100% Domestic - Lower Intl. Nuc","100% Domestic","Lower Int. Nuc","Fuel - Mod."
"USA",2055,"Nuclear - SMR - BWR",64.9157777777778,"Nuclear - SMR - BWR","TWh","100% Domestic - Lower Intl. Nuc","100% Domestic","Lower Int. Nuc","Fuel - Mod."
"USA",2055,"Nuclear - SMR - HTGR",39.8485972222222,"Nuclear - SMR - HTGR","TWh","100% Domestic - Lower Intl. Nuc","100% Domestic","Lower Int. Nuc","Fuel - Mod."
"USA",2055,"Nuclear - SMR - MSR",11.6255527777778,"Nuclear - SMR - MSR","TWh","100% Domestic - Lower Intl. Nuc","100% Domestic","Lower Int. Nuc","Fuel - Mod."
"USA",2055,"Nuclear - SMR - PWR modular",21.2148555555556,"Nuclear - SMR - PWR modular","TWh","100% Domestic - Lower Intl. Nuc","100% Domestic","Lower Int. Nuc","Fuel - Mod."
"USA",2055,"Nuclear - SMR - SFR",27.9816805555556,"Nuclear - SMR - SFR","TWh","100% Domestic - Lower Intl. Nuc","100% Domestic","Lower Int. Nuc","Fuel - Mod."
"USA",2060,"Nuclear - Large - PWR",341.40425,"Nuclear - Large - PWR","TWh","100% Domestic - Lower Intl. Nuc","100% Domestic","Lower Int. Nuc","Fuel - Mod."
"USA",2060,"Nuclear - Legacy",418.884222222222,"Nuclear - Legacy","TWh","100% Domestic - Lower Intl. Nuc","100% Domestic","Lower Int. Nuc","Fuel - Mod."
"USA",2060,"Nuclear - SMR - BWR",90.46025,"Nuclear - SMR - BWR","TWh","100% Domestic - Lower Intl. Nuc","100% Domestic","Lower Int. Nuc","Fuel - Mod."
"USA",2060,"Nuclear - SMR - HTGR",54.0058944444444,"Nuclear - SMR - HTGR","TWh","100% Domestic - Lower Intl. Nuc","100% Domestic","Lower Int. Nuc","Fuel - Mod."
"USA",2060,"Nuclear - SMR - MSR",14.6755416666667,"Nuclear - SMR - MSR","TWh","100% Domestic - Lower Intl. Nuc","100% Domestic","Lower Int. Nuc","Fuel - Mod."
"USA",2060,"Nuclear - SMR - PWR modular",26.9864472222222,"Nuclear - SMR - PWR modular","TWh","100% Domestic - Lower Intl. Nuc","100% Domestic","Lower Int. Nuc","Fuel - Mod."
"USA",2060,"Nuclear - SMR - SFR",36.66205,"Nuclear - SMR - SFR","TWh","100% Domestic - Lower Intl. Nuc","100% Domestic","Lower Int. Nuc","Fuel - Mod."
"USA",2065,"Nuclear - Large - PWR",418.438861111111,"Nuclear - Large - PWR","TWh","100% Domestic - Lower Intl. Nuc","100% Domestic","Lower Int. Nuc","Fuel - Mod."
"USA",2065,"Nuclear - Legacy",239.976027777778,"Nuclear - Legacy","TWh","100% Domestic - Lower Intl. Nuc","100% Domestic","Lower Int. Nuc","Fuel - Mod."
"USA",2065,"Nuclear - SMR - BWR",120.842277777778,"Nuclear - SMR - BWR","TWh","100% Domestic - Lower Intl. Nuc","100% Domestic","Lower Int. Nuc","Fuel - Mod."
"USA",2065,"Nuclear - SMR - HTGR",70.5785916666667,"Nuclear - SMR - HTGR","TWh","100% Domestic - Lower Intl. Nuc","100% Domestic","Lower Int. Nuc","Fuel - Mod."
"USA",2065,"Nuclear - SMR - MSR",18.1687222222222,"Nuclear - SMR - MSR","TWh","100% Domestic - Lower Intl. Nuc","100% Domestic","Lower Int. Nuc","Fuel - Mod."
"USA",2065,"Nuclear - SMR - PWR modular",33.5530972222222,"Nuclear - SMR - PWR modular","TWh","100% Domestic - Lower Intl. Nuc","100% Domestic","Lower Int. Nuc","Fuel - Mod."
"USA",2065,"Nuclear - SMR - SFR",46.6472555555556,"Nuclear - SMR - SFR","TWh","100% Domestic - Lower Intl. Nuc","100% Domestic","Lower Int. Nuc","Fuel - Mod."
"USA",2070,"Nuclear - Large - PWR",501.084972222222,"Nuclear - Large - PWR","TWh","100% Domestic - Lower Intl. Nuc","100% Domestic","Lower Int. Nuc","Fuel - Mod."
"USA",2070,"Nuclear - Legacy",46.4845,"Nuclear - Legacy","TWh","100% Domestic - Lower Intl. Nuc","100% Domestic","Lower Int. Nuc","Fuel - Mod."
"USA",2070,"Nuclear - SMR - BWR",154.950888888889,"Nuclear - SMR - BWR","TWh","100% Domestic - Lower Intl. Nuc","100% Domestic","Lower Int. Nuc","Fuel - Mod."
"USA",2070,"Nuclear - SMR - HTGR",88.94765,"Nuclear - SMR - HTGR","TWh","100% Domestic - Lower Intl. Nuc","100% Domestic","Lower Int. Nuc","Fuel - Mod."
"USA",2070,"Nuclear - SMR - MSR",21.9305305555556,"Nuclear - SMR - MSR","TWh","100% Domestic - Lower Intl. Nuc","100% Domestic","Lower Int. Nuc","Fuel - Mod."
"USA",2070,"Nuclear - SMR - PWR modular",40.6628194444444,"Nuclear - SMR - PWR modular","TWh","100% Domestic - Lower Intl. Nuc","100% Domestic","Lower Int. Nuc","Fuel - Mod."
"USA",2070,"Nuclear - SMR - SFR",57.5556055555556,"Nuclear - SMR - SFR","TWh","100% Domestic - Lower Intl. Nuc","100% Domestic","Lower Int. Nuc","Fuel - Mod."
"USA",2075,"Nuclear - Large - PWR",584.75325,"Nuclear - Large - PWR","TWh","100% Domestic - Lower Intl. Nuc","100% Domestic","Lower Int. Nuc","Fuel - Mod."
"USA",2075,"Nuclear - Legacy",18.1878333333333,"Nuclear - Legacy","TWh","100% Domestic - Lower Intl. Nuc","100% Domestic","Lower Int. Nuc","Fuel - Mod."
"USA",2075,"Nuclear - SMR - BWR",190.686194444444,"Nuclear - SMR - BWR","TWh","100% Domestic - Lower Intl. Nuc","100% Domestic","Lower Int. Nuc","Fuel - Mod."
"USA",2075,"Nuclear - SMR - HTGR",108.020272222222,"Nuclear - SMR - HTGR","TWh","100% Domestic - Lower Intl. Nuc","100% Domestic","Lower Int. Nuc","Fuel - Mod."
"USA",2075,"Nuclear - SMR - MSR",25.7780722222222,"Nuclear - SMR - MSR","TWh","100% Domestic - Lower Intl. Nuc","100% Domestic","Lower Int. Nuc","Fuel - Mod."
"USA",2075,"Nuclear - SMR - PWR modular",47.9253472222222,"Nuclear - SMR - PWR modular","TWh","100% Domestic - Lower Intl. Nuc","100% Domestic","Lower Int. Nuc","Fuel - Mod."
"USA",2075,"Nuclear - SMR - SFR",68.7696333333333,"Nuclear - SMR - SFR","TWh","100% Domestic - Lower Intl. Nuc","100% Domestic","Lower Int. Nuc","Fuel - Mod."
"USA",2080,"Nuclear - Large - PWR",693.061805555555,"Nuclear - Large - PWR","TWh","100% Domestic - Lower Intl. Nuc","100% Domestic","Lower Int. Nuc","Fuel - Mod."
"USA",2080,"Nuclear - Legacy",9.28519444444444,"Nuclear - Legacy","TWh","100% Domestic - Lower Intl. Nuc","100% Domestic","Lower Int. Nuc","Fuel - Mod."
"USA",2080,"Nuclear - SMR - BWR",238.29575,"Nuclear - SMR - BWR","TWh","100% Domestic - Lower Intl. Nuc","100% Domestic","Lower Int. Nuc","Fuel - Mod."
"USA",2080,"Nuclear - SMR - HTGR",133.25385,"Nuclear - SMR - HTGR","TWh","100% Domestic - Lower Intl. Nuc","100% Domestic","Lower Int. Nuc","Fuel - Mod."
"USA",2080,"Nuclear - SMR - MSR",30.7840027777778,"Nuclear - SMR - MSR","TWh","100% Domestic - Lower Intl. Nuc","100% Domestic","Lower Int. Nuc","Fuel - Mod."
"USA",2080,"Nuclear - SMR - PWR modular",57.4087833333333,"Nuclear - SMR - PWR modular","TWh","100% Domestic - Lower Intl. Nuc","100% Domestic","Lower Int. Nuc","Fuel - Mod."
"USA",2080,"Nuclear - SMR - SFR",83.4888555555556,"Nuclear - SMR - SFR","TWh","100% Domestic - Lower Intl. Nuc","100% Domestic","Lower Int. Nuc","Fuel - Mod."
"USA",2085,"Nuclear - Large - PWR",773.769138888889,"Nuclear - Large - PWR","TWh","100% Domestic - Lower Intl. Nuc","100% Domestic","Lower Int. Nuc","Fuel - Mod."
"USA",2085,"Nuclear - Legacy",9.28086111111111,"Nuclear - Legacy","TWh","100% Domestic - Lower Intl. Nuc","100% Domestic","Lower Int. Nuc","Fuel - Mod."
"USA",2085,"Nuclear - SMR - BWR",275.627222222222,"Nuclear - SMR - BWR","TWh","100% Domestic - Lower Intl. Nuc","100% Domestic","Lower Int. Nuc","Fuel - Mod."
"USA",2085,"Nuclear - SMR - HTGR",152.821741666667,"Nuclear - SMR - HTGR","TWh","100% Domestic - Lower Intl. Nuc","100% Domestic","Lower Int. Nuc","Fuel - Mod."
"USA",2085,"Nuclear - SMR - MSR",34.2291527777778,"Nuclear - SMR - MSR","TWh","100% Domestic - Lower Intl. Nuc","100% Domestic","Lower Int. Nuc","Fuel - Mod."
"USA",2085,"Nuclear - SMR - PWR modular",64.5710111111111,"Nuclear - SMR - PWR modular","TWh","100% Domestic - Lower Intl. Nuc","100% Domestic","Lower Int. Nuc","Fuel - Mod."
"USA",2085,"Nuclear - SMR - SFR",94.7251111111111,"Nuclear - SMR - SFR","TWh","100% Domestic - Lower Intl. Nuc","100% Domestic","Lower Int. Nuc","Fuel - Mod."
"USA",2090,"Nuclear - Large - PWR",828.782555555556,"Nuclear - Large - PWR","TWh","100% Domestic - Lower Intl. Nuc","100% Domestic","Lower Int. Nuc","Fuel - Mod."
"USA",2090,"Nuclear - Legacy",9.27022222222222,"Nuclear - Legacy","TWh","100% Domestic - Lower Intl. Nuc","100% Domestic","Lower Int. Nuc","Fuel - Mod."
"USA",2090,"Nuclear - SMR - BWR",307.949361111111,"Nuclear - SMR - BWR","TWh","100% Domestic - Lower Intl. Nuc","100% Domestic","Lower Int. Nuc","Fuel - Mod."
"USA",2090,"Nuclear - SMR - HTGR",169.647669444444,"Nuclear - SMR - HTGR","TWh","100% Domestic - Lower Intl. Nuc","100% Domestic","Lower Int. Nuc","Fuel - Mod."
"USA",2090,"Nuclear - SMR - MSR",36.9424388888889,"Nuclear - SMR - MSR","TWh","100% Domestic - Lower Intl. Nuc","100% Domestic","Lower Int. Nuc","Fuel - Mod."
"USA",2090,"Nuclear - SMR - PWR modular",70.6242388888889,"Nuclear - SMR - PWR modular","TWh","100% Domestic - Lower Intl. Nuc","100% Domestic","Lower Int. Nuc","Fuel - Mod."
"USA",2090,"Nuclear - SMR - SFR",104.288961111111,"Nuclear - SMR - SFR","TWh","100% Domestic - Lower Intl. Nuc","100% Domestic","Lower Int. Nuc","Fuel - Mod."
"USA",2095,"Nuclear - Large - PWR",883.9725,"Nuclear - Large - PWR","TWh","100% Domestic - Lower Intl. Nuc","100% Domestic","Lower Int. Nuc","Fuel - Mod."
"USA",2095,"Nuclear - Legacy",9.25519444444444,"Nuclear - Legacy","TWh","100% Domestic - Lower Intl. Nuc","100% Domestic","Lower Int. Nuc","Fuel - Mod."
"USA",2095,"Nuclear - SMR - BWR",341.353666666667,"Nuclear - SMR - BWR","TWh","100% Domestic - Lower Intl. Nuc","100% Domestic","Lower Int. Nuc","Fuel - Mod."
"USA",2095,"Nuclear - SMR - HTGR",185.942861111111,"Nuclear - SMR - HTGR","TWh","100% Domestic - Lower Intl. Nuc","100% Domestic","Lower Int. Nuc","Fuel - Mod."
"USA",2095,"Nuclear - SMR - MSR",38.7303916666667,"Nuclear - SMR - MSR","TWh","100% Domestic - Lower Intl. Nuc","100% Domestic","Lower Int. Nuc","Fuel - Mod."
"USA",2095,"Nuclear - SMR - PWR modular",74.9950277777778,"Nuclear - SMR - PWR modular","TWh","100% Domestic - Lower Intl. Nuc","100% Domestic","Lower Int. Nuc","Fuel - Mod."
"USA",2095,"Nuclear - SMR - SFR",112.512583333333,"Nuclear - SMR - SFR","TWh","100% Domestic - Lower Intl. Nuc","100% Domestic","Lower Int. Nuc","Fuel - Mod."
"USA",2100,"Nuclear - Large - PWR",917.1275,"Nuclear - Large - PWR","TWh","100% Domestic - Lower Intl. Nuc","100% Domestic","Lower Int. Nuc","Fuel - Mod."
"USA",2100,"Nuclear - SMR - BWR",369.853666666667,"Nuclear - SMR - BWR","TWh","100% Domestic - Lower Intl. Nuc","100% Domestic","Lower Int. Nuc","Fuel - Mod."
"USA",2100,"Nuclear - SMR - HTGR",199.521305555556,"Nuclear - SMR - HTGR","TWh","100% Domestic - Lower Intl. Nuc","100% Domestic","Lower Int. Nuc","Fuel - Mod."
"USA",2100,"Nuclear - SMR - MSR",39.7032944444444,"Nuclear - SMR - MSR","TWh","100% Domestic - Lower Intl. Nuc","100% Domestic","Lower Int. Nuc","Fuel - Mod."
"USA",2100,"Nuclear - SMR - PWR modular",77.9336111111111,"Nuclear - SMR - PWR modular","TWh","100% Domestic - Lower Intl. Nuc","100% Domestic","Lower Int. Nuc","Fuel - Mod."
"USA",2100,"Nuclear - SMR - SFR",118.943138888889,"Nuclear - SMR - SFR","TWh","100% Domestic - Lower Intl. Nuc","100% Domestic","Lower Int. Nuc","Fuel - Mod."
"USA",2021,"Nuclear - Legacy",811.5533,"Nuclear - Legacy","TWh","Current Trade","Current","Reactor - Mod.","Fuel - Mod."
"USA",2025,"Nuclear - Large - PWR",18.3333333333333,"Nuclear - Large - PWR","TWh","Current Trade","Current","Reactor - Mod.","Fuel - Mod."
"USA",2025,"Nuclear - Legacy",808.465805555556,"Nuclear - Legacy","TWh","Current Trade","Current","Reactor - Mod.","Fuel - Mod."
"USA",2030,"Nuclear - Large - PWR",31.0626111111111,"Nuclear - Large - PWR","TWh","Current Trade","Current","Reactor - Mod.","Fuel - Mod."
"USA",2030,"Nuclear - Legacy",808.337027777778,"Nuclear - Legacy","TWh","Current Trade","Current","Reactor - Mod.","Fuel - Mod."
"USA",2035,"Nuclear - Large - PWR",54.6041944444444,"Nuclear - Large - PWR","TWh","Current Trade","Current","Reactor - Mod.","Fuel - Mod."
"USA",2035,"Nuclear - Legacy",788.570972222222,"Nuclear - Legacy","TWh","Current Trade","Current","Reactor - Mod.","Fuel - Mod."
"USA",2035,"Nuclear - SMR - BWR",3.51516666666667,"Nuclear - SMR - BWR","TWh","Current Trade","Current","Reactor - Mod.","Fuel - Mod."
"USA",2035,"Nuclear - SMR - HTGR",2.97936111111111,"Nuclear - SMR - HTGR","TWh","Current Trade","Current","Reactor - Mod.","Fuel - Mod."
"USA",2035,"Nuclear - SMR - MSR",1.51020555555556,"Nuclear - SMR - MSR","TWh","Current Trade","Current","Reactor - Mod.","Fuel - Mod."
"USA",2035,"Nuclear - SMR - PWR modular",2.90636111111111,"Nuclear - SMR - PWR modular","TWh","Current Trade","Current","Reactor - Mod.","Fuel - Mod."
"USA",2035,"Nuclear - SMR - SFR",2.95613888888889,"Nuclear - SMR - SFR","TWh","Current Trade","Current","Reactor - Mod.","Fuel - Mod."
"USA",2040,"Nuclear - Large - PWR",104.968611111111,"Nuclear - Large - PWR","TWh","Current Trade","Current","Reactor - Mod.","Fuel - Mod."
"USA",2040,"Nuclear - Legacy",788.504666666667,"Nuclear - Legacy","TWh","Current Trade","Current","Reactor - Mod.","Fuel - Mod."
"USA",2040,"Nuclear - SMR - BWR",10.7895277777778,"Nuclear - SMR - BWR","TWh","Current Trade","Current","Reactor - Mod.","Fuel - Mod."
"USA",2040,"Nuclear - SMR - HTGR",8.23513888888889,"Nuclear - SMR - HTGR","TWh","Current Trade","Current","Reactor - Mod.","Fuel - Mod."
"USA",2040,"Nuclear - SMR - MSR",3.89015277777778,"Nuclear - SMR - MSR","TWh","Current Trade","Current","Reactor - Mod.","Fuel - Mod."
"USA",2040,"Nuclear - SMR - PWR modular",7.50972222222222,"Nuclear - SMR - PWR modular","TWh","Current Trade","Current","Reactor - Mod.","Fuel - Mod."
"USA",2040,"Nuclear - SMR - SFR",7.85683333333333,"Nuclear - SMR - SFR","TWh","Current Trade","Current","Reactor - Mod.","Fuel - Mod."
"USA",2045,"Nuclear - Large - PWR",166.186027777778,"Nuclear - Large - PWR","TWh","Current Trade","Current","Reactor - Mod.","Fuel - Mod."
"USA",2045,"Nuclear - Legacy",788.367861111111,"Nuclear - Legacy","TWh","Current Trade","Current","Reactor - Mod.","Fuel - Mod."
"USA",2045,"Nuclear - SMR - BWR",22.19925,"Nuclear - SMR - BWR","TWh","Current Trade","Current","Reactor - Mod.","Fuel - Mod."
"USA",2045,"Nuclear - SMR - HTGR",15.8102777777778,"Nuclear - SMR - HTGR","TWh","Current Trade","Current","Reactor - Mod.","Fuel - Mod."
"USA",2045,"Nuclear - SMR - MSR",6.85824444444444,"Nuclear - SMR - MSR","TWh","Current Trade","Current","Reactor - Mod.","Fuel - Mod."
"USA",2045,"Nuclear - SMR - PWR modular",12.8424166666667,"Nuclear - SMR - PWR modular","TWh","Current Trade","Current","Reactor - Mod.","Fuel - Mod."
"USA",2045,"Nuclear - SMR - SFR",14.6444722222222,"Nuclear - SMR - SFR","TWh","Current Trade","Current","Reactor - Mod.","Fuel - Mod."
"USA",2050,"Nuclear - Large - PWR",279.402444444444,"Nuclear - Large - PWR","TWh","Current Trade","Current","Reactor - Mod.","Fuel - Mod."
"USA",2050,"Nuclear - Legacy",760.772527777778,"Nuclear - Legacy","TWh","Current Trade","Current","Reactor - Mod.","Fuel - Mod."
"USA",2050,"Nuclear - SMR - BWR",47.7476111111111,"Nuclear - SMR - BWR","TWh","Current Trade","Current","Reactor - Mod.","Fuel - Mod."
"USA",2050,"Nuclear - SMR - HTGR",31.8366666666667,"Nuclear - SMR - HTGR","TWh","Current Trade","Current","Reactor - Mod.","Fuel - Mod."
"USA",2050,"Nuclear - SMR - MSR",12.3901833333333,"Nuclear - SMR - MSR","TWh","Current Trade","Current","Reactor - Mod.","Fuel - Mod."
"USA",2050,"Nuclear - SMR - PWR modular",22.9443611111111,"Nuclear - SMR - PWR modular","TWh","Current Trade","Current","Reactor - Mod.","Fuel - Mod."
"USA",2050,"Nuclear - SMR - SFR",28.2652222222222,"Nuclear - SMR - SFR","TWh","Current Trade","Current","Reactor - Mod.","Fuel - Mod."
"USA",2055,"Nuclear - Large - PWR",363.96225,"Nuclear - Large - PWR","TWh","Current Trade","Current","Reactor - Mod.","Fuel - Mod."
"USA",2055,"Nuclear - Legacy",539.588666666667,"Nuclear - Legacy","TWh","Current Trade","Current","Reactor - Mod.","Fuel - Mod."
"USA",2055,"Nuclear - SMR - BWR",73.5319166666667,"Nuclear - SMR - BWR","TWh","Current Trade","Current","Reactor - Mod.","Fuel - Mod."
"USA",2055,"Nuclear - SMR - HTGR",46.96525,"Nuclear - SMR - HTGR","TWh","Current Trade","Current","Reactor - Mod.","Fuel - Mod."
"USA",2055,"Nuclear - SMR - MSR",16.1863805555556,"Nuclear - SMR - MSR","TWh","Current Trade","Current","Reactor - Mod.","Fuel - Mod."
"USA",2055,"Nuclear - SMR - PWR modular",30.6267777777778,"Nuclear - SMR - PWR modular","TWh","Current Trade","Current","Reactor - Mod.","Fuel - Mod."
"USA",2055,"Nuclear - SMR - SFR",39.3764722222222,"Nuclear - SMR - SFR","TWh","Current Trade","Current","Reactor - Mod.","Fuel - Mod."
"USA",2060,"Nuclear - Large - PWR",434.380166666667,"Nuclear - Large - PWR","TWh","Current Trade","Current","Reactor - Mod.","Fuel - Mod."
"USA",2060,"Nuclear - Legacy",419.440333333333,"Nuclear - Legacy","TWh","Current Trade","Current","Reactor - Mod.","Fuel - Mod."
"USA",2060,"Nuclear - SMR - BWR",98.7278888888889,"Nuclear - SMR - BWR","TWh","Current Trade","Current","Reactor - Mod.","Fuel - Mod."
"USA",2060,"Nuclear - SMR - HTGR",61.2290833333333,"Nuclear - SMR - HTGR","TWh","Current Trade","Current","Reactor - Mod.","Fuel - Mod."
"USA",2060,"Nuclear - SMR - MSR",19.1197416666667,"Nuclear - SMR - MSR","TWh","Current Trade","Current","Reactor - Mod.","Fuel - Mod."
"USA",2060,"Nuclear - SMR - PWR modular",37.0183611111111,"Nuclear - SMR - PWR modular","TWh","Current Trade","Current","Reactor - Mod.","Fuel - Mod."
"USA",2060,"Nuclear - SMR - SFR",48.9644444444444,"Nuclear - SMR - SFR","TWh","Current Trade","Current","Reactor - Mod.","Fuel - Mod."
"USA",2065,"Nuclear - Large - PWR",510.713944444444,"Nuclear - Large - PWR","TWh","Current Trade","Current","Reactor - Mod.","Fuel - Mod."
"USA",2065,"Nuclear - Legacy",239.840611111111,"Nuclear - Legacy","TWh","Current Trade","Current","Reactor - Mod.","Fuel - Mod."
"USA",2065,"Nuclear - SMR - BWR",127.899444444444,"Nuclear - SMR - BWR","TWh","Current Trade","Current","Reactor - Mod.","Fuel - Mod."
"USA",2065,"Nuclear - SMR - HTGR",77.4535277777778,"Nuclear - SMR - HTGR","TWh","Current Trade","Current","Reactor - Mod.","Fuel - Mod."
"USA",2065,"Nuclear - SMR - MSR",22.4544222222222,"Nuclear - SMR - MSR","TWh","Current Trade","Current","Reactor - Mod.","Fuel - Mod."
"USA",2065,"Nuclear - SMR - PWR modular",43.9352222222222,"Nuclear - SMR - PWR modular","TWh","Current Trade","Current","Reactor - Mod.","Fuel - Mod."
"USA",2065,"Nuclear - SMR - SFR",59.4481111111111,"Nuclear - SMR - SFR","TWh","Current Trade","Current","Reactor - Mod.","Fuel - Mod."
"USA",2070,"Nuclear - Large - PWR",589.702916666667,"Nuclear - Large - PWR","TWh","Current Trade","Current","Reactor - Mod.","Fuel - Mod."
"USA",2070,"Nuclear - Legacy",46.3976111111111,"Nuclear - Legacy","TWh","Current Trade","Current","Reactor - Mod.","Fuel - Mod."
"USA",2070,"Nuclear - SMR - BWR",159.858027777778,"Nuclear - SMR - BWR","TWh","Current Trade","Current","Reactor - Mod.","Fuel - Mod."
"USA",2070,"Nuclear - SMR - HTGR",94.9705,"Nuclear - SMR - HTGR","TWh","Current Trade","Current","Reactor - Mod.","Fuel - Mod."
"USA",2070,"Nuclear - SMR - MSR",25.9453861111111,"Nuclear - SMR - MSR","TWh","Current Trade","Current","Reactor - Mod.","Fuel - Mod."
"USA",2070,"Nuclear - SMR - PWR modular",51.0964444444444,"Nuclear - SMR - PWR modular","TWh","Current Trade","Current","Reactor - Mod.","Fuel - Mod."
"USA",2070,"Nuclear - SMR - SFR",70.4069166666667,"Nuclear - SMR - SFR","TWh","Current Trade","Current","Reactor - Mod.","Fuel - Mod."
"USA",2075,"Nuclear - Large - PWR",666.323166666667,"Nuclear - Large - PWR","TWh","Current Trade","Current","Reactor - Mod.","Fuel - Mod."
"USA",2075,"Nuclear - Legacy",18.1315277777778,"Nuclear - Legacy","TWh","Current Trade","Current","Reactor - Mod.","Fuel - Mod."
"USA",2075,"Nuclear - SMR - BWR",192.458166666667,"Nuclear - SMR - BWR","TWh","Current Trade","Current","Reactor - Mod.","Fuel - Mod."
"USA",2075,"Nuclear - SMR - HTGR",112.632861111111,"Nuclear - SMR - HTGR","TWh","Current Trade","Current","Reactor - Mod.","Fuel - Mod."
"USA",2075,"Nuclear - SMR - MSR",29.3416083333333,"Nuclear - SMR - MSR","TWh","Current Trade","Current","Reactor - Mod.","Fuel - Mod."
"USA",2075,"Nuclear - SMR - PWR modular",58.0437777777778,"Nuclear - SMR - PWR modular","TWh","Current Trade","Current","Reactor - Mod.","Fuel - Mod."
"USA",2075,"Nuclear - SMR - SFR",81.1362222222222,"Nuclear - SMR - SFR","TWh","Current Trade","Current","Reactor - Mod.","Fuel - Mod."
"USA",2080,"Nuclear - Large - PWR",762.86375,"Nuclear - Large - PWR","TWh","Current Trade","Current","Reactor - Mod.","Fuel - Mod."
"USA",2080,"Nuclear - Legacy",9.2495,"Nuclear - Legacy","TWh","Current Trade","Current","Reactor - Mod.","Fuel - Mod."
"USA",2080,"Nuclear - SMR - BWR",234.917166666667,"Nuclear - SMR - BWR","TWh","Current Trade","Current","Reactor - Mod.","Fuel - Mod."
"USA",2080,"Nuclear - SMR - HTGR",135.458416666667,"Nuclear - SMR - HTGR","TWh","Current Trade","Current","Reactor - Mod.","Fuel - Mod."
"USA",2080,"Nuclear - SMR - MSR",33.7277916666667,"Nuclear - SMR - MSR","TWh","Current Trade","Current","Reactor - Mod.","Fuel - Mod."
"USA",2080,"Nuclear - SMR - PWR modular",66.8131388888889,"Nuclear - SMR - PWR modular","TWh","Current Trade","Current","Reactor - Mod.","Fuel - Mod."
"USA",2080,"Nuclear - SMR - SFR",94.7329166666667,"Nuclear - SMR - SFR","TWh","Current Trade","Current","Reactor - Mod.","Fuel - Mod."
"USA",2085,"Nuclear - Large - PWR",834.650888888889,"Nuclear - Large - PWR","TWh","Current Trade","Current","Reactor - Mod.","Fuel - Mod."
"USA",2085,"Nuclear - Legacy",9.24272222222222,"Nuclear - Legacy","TWh","Current Trade","Current","Reactor - Mod.","Fuel - Mod."
"USA",2085,"Nuclear - SMR - BWR",268.330277777778,"Nuclear - SMR - BWR","TWh","Current Trade","Current","Reactor - Mod.","Fuel - Mod."
"USA",2085,"Nuclear - SMR - HTGR",153.197722222222,"Nuclear - SMR - HTGR","TWh","Current Trade","Current","Reactor - Mod.","Fuel - Mod."
"USA",2085,"Nuclear - SMR - MSR",36.6994027777778,"Nuclear - SMR - MSR","TWh","Current Trade","Current","Reactor - Mod.","Fuel - Mod."
"USA",2085,"Nuclear - SMR - PWR modular",73.3825555555556,"Nuclear - SMR - PWR modular","TWh","Current Trade","Current","Reactor - Mod.","Fuel - Mod."
"USA",2085,"Nuclear - SMR - SFR",105.042111111111,"Nuclear - SMR - SFR","TWh","Current Trade","Current","Reactor - Mod.","Fuel - Mod."
"USA",2090,"Nuclear - Large - PWR",883.821,"Nuclear - Large - PWR","TWh","Current Trade","Current","Reactor - Mod.","Fuel - Mod."
"USA",2090,"Nuclear - Legacy",9.23355555555556,"Nuclear - Legacy","TWh","Current Trade","Current","Reactor - Mod.","Fuel - Mod."
"USA",2090,"Nuclear - SMR - BWR",297.724111111111,"Nuclear - SMR - BWR","TWh","Current Trade","Current","Reactor - Mod.","Fuel - Mod."
"USA",2090,"Nuclear - SMR - HTGR",168.707027777778,"Nuclear - SMR - HTGR","TWh","Current Trade","Current","Reactor - Mod.","Fuel - Mod."
"USA",2090,"Nuclear - SMR - MSR",39.1476388888889,"Nuclear - SMR - MSR","TWh","Current Trade","Current","Reactor - Mod.","Fuel - Mod."
"USA",2090,"Nuclear - SMR - PWR modular",79.0643055555555,"Nuclear - SMR - PWR modular","TWh","Current Trade","Current","Reactor - Mod.","Fuel - Mod."
"USA",2090,"Nuclear - SMR - SFR",113.992277777778,"Nuclear - SMR - SFR","TWh","Current Trade","Current","Reactor - Mod.","Fuel - Mod."
"USA",2095,"Nuclear - Large - PWR",930.3975,"Nuclear - Large - PWR","TWh","Current Trade","Current","Reactor - Mod.","Fuel - Mod."
"USA",2095,"Nuclear - Legacy",9.22044444444444,"Nuclear - Legacy","TWh","Current Trade","Current","Reactor - Mod.","Fuel - Mod."
"USA",2095,"Nuclear - SMR - BWR",327.856166666667,"Nuclear - SMR - BWR","TWh","Current Trade","Current","Reactor - Mod.","Fuel - Mod."
"USA",2095,"Nuclear - SMR - HTGR",183.442333333333,"Nuclear - SMR - HTGR","TWh","Current Trade","Current","Reactor - Mod.","Fuel - Mod."
"USA",2095,"Nuclear - SMR - MSR",40.5541166666667,"Nuclear - SMR - MSR","TWh","Current Trade","Current","Reactor - Mod.","Fuel - Mod."
"USA",2095,"Nuclear - SMR - PWR modular",82.6912777777778,"Nuclear - SMR - PWR modular","TWh","Current Trade","Current","Reactor - Mod.","Fuel - Mod."
"USA",2095,"Nuclear - SMR - SFR",121.278222222222,"Nuclear - SMR - SFR","TWh","Current Trade","Current","Reactor - Mod.","Fuel - Mod."
"USA",2100,"Nuclear - Large - PWR",947.866666666667,"Nuclear - Large - PWR","TWh","Current Trade","Current","Reactor - Mod.","Fuel - Mod."
"USA",2100,"Nuclear - SMR - BWR",353.293583333333,"Nuclear - SMR - BWR","TWh","Current Trade","Current","Reactor - Mod.","Fuel - Mod."
"USA",2100,"Nuclear - SMR - HTGR",195.347361111111,"Nuclear - SMR - HTGR","TWh","Current Trade","Current","Reactor - Mod.","Fuel - Mod."
"USA",2100,"Nuclear - SMR - MSR",41.0095972222222,"Nuclear - SMR - MSR","TWh","Current Trade","Current","Reactor - Mod.","Fuel - Mod."
"USA",2100,"Nuclear - SMR - PWR modular",84.4156666666667,"Nuclear - SMR - PWR modular","TWh","Current Trade","Current","Reactor - Mod.","Fuel - Mod."
"USA",2100,"Nuclear - SMR - SFR",126.281027777778,"Nuclear - SMR - SFR","TWh","Current Trade","Current","Reactor - Mod.","Fuel - Mod."
"USA",2021,"Nuclear - Legacy",811.5533,"Nuclear - Legacy","TWh","Current Trade - Lower Intl. Nuc","Current","Lower Int. Nuc","Fuel - Mod."
"USA",2025,"Nuclear - Large - PWR",18.3333333333333,"Nuclear - Large - PWR","TWh","Current Trade - Lower Intl. Nuc","Current","Lower Int. Nuc","Fuel - Mod."
"USA",2025,"Nuclear - Legacy",808.465805555556,"Nuclear - Legacy","TWh","Current Trade - Lower Intl. Nuc","Current","Lower Int. Nuc","Fuel - Mod."
"USA",2030,"Nuclear - Large - PWR",31.06275,"Nuclear - Large - PWR","TWh","Current Trade - Lower Intl. Nuc","Current","Lower Int. Nuc","Fuel - Mod."
"USA",2030,"Nuclear - Legacy",808.337166666667,"Nuclear - Legacy","TWh","Current Trade - Lower Intl. Nuc","Current","Lower Int. Nuc","Fuel - Mod."
"USA",2035,"Nuclear - Large - PWR",54.7560555555556,"Nuclear - Large - PWR","TWh","Current Trade - Lower Intl. Nuc","Current","Lower Int. Nuc","Fuel - Mod."
"USA",2035,"Nuclear - Legacy",788.595194444444,"Nuclear - Legacy","TWh","Current Trade - Lower Intl. Nuc","Current","Lower Int. Nuc","Fuel - Mod."
"USA",2035,"Nuclear - SMR - BWR",3.52525,"Nuclear - SMR - BWR","TWh","Current Trade - Lower Intl. Nuc","Current","Lower Int. Nuc","Fuel - Mod."
"USA",2035,"Nuclear - SMR - HTGR",2.99,"Nuclear - SMR - HTGR","TWh","Current Trade - Lower Intl. Nuc","Current","Lower Int. Nuc","Fuel - Mod."
"USA",2035,"Nuclear - SMR - MSR",1.52004722222222,"Nuclear - SMR - MSR","TWh","Current Trade - Lower Intl. Nuc","Current","Lower Int. Nuc","Fuel - Mod."
"USA",2035,"Nuclear - SMR - PWR modular",2.92744444444444,"Nuclear - SMR - PWR modular","TWh","Current Trade - Lower Intl. Nuc","Current","Lower Int. Nuc","Fuel - Mod."
"USA",2035,"Nuclear - SMR - SFR",2.97430555555556,"Nuclear - SMR - SFR","TWh","Current Trade - Lower Intl. Nuc","Current","Lower Int. Nuc","Fuel - Mod."
"USA",2040,"Nuclear - Large - PWR",106.279416666667,"Nuclear - Large - PWR","TWh","Current Trade - Lower Intl. Nuc","Current","Lower Int. Nuc","Fuel - Mod."
"USA",2040,"Nuclear - Legacy",788.5855,"Nuclear - Legacy","TWh","Current Trade - Lower Intl. Nuc","Current","Lower Int. Nuc","Fuel - Mod."
"USA",2040,"Nuclear - SMR - BWR",10.8766944444444,"Nuclear - SMR - BWR","TWh","Current Trade - Lower Intl. Nuc","Current","Lower Int. Nuc","Fuel - Mod."
"USA",2040,"Nuclear - SMR - HTGR",8.31308333333333,"Nuclear - SMR - HTGR","TWh","Current Trade - Lower Intl. Nuc","Current","Lower Int. Nuc","Fuel - Mod."
"USA",2040,"Nuclear - SMR - MSR",3.94842777777778,"Nuclear - SMR - MSR","TWh","Current Trade - Lower Intl. Nuc","Current","Lower Int. Nuc","Fuel - Mod."
"USA",2040,"Nuclear - SMR - PWR modular",7.63180555555556,"Nuclear - SMR - PWR modular","TWh","Current Trade - Lower Intl. Nuc","Current","Lower Int. Nuc","Fuel - Mod."
"USA",2040,"Nuclear - SMR - SFR",7.98688888888889,"Nuclear - SMR - SFR","TWh","Current Trade - Lower Intl. Nuc","Current","Lower Int. Nuc","Fuel - Mod."
"USA",2045,"Nuclear - Large - PWR",170.594305555556,"Nuclear - Large - PWR","TWh","Current Trade - Lower Intl. Nuc","Current","Lower Int. Nuc","Fuel - Mod."
"USA",2045,"Nuclear - Legacy",788.543638888889,"Nuclear - Legacy","TWh","Current Trade - Lower Intl. Nuc","Current","Lower Int. Nuc","Fuel - Mod."
"USA",2045,"Nuclear - SMR - BWR",22.5497777777778,"Nuclear - SMR - BWR","TWh","Current Trade - Lower Intl. Nuc","Current","Lower Int. Nuc","Fuel - Mod."
"USA",2045,"Nuclear - SMR - HTGR",16.0944722222222,"Nuclear - SMR - HTGR","TWh","Current Trade - Lower Intl. Nuc","Current","Lower Int. Nuc","Fuel - Mod."
"USA",2045,"Nuclear - SMR - MSR",7.06948611111111,"Nuclear - SMR - MSR","TWh","Current Trade - Lower Intl. Nuc","Current","Lower Int. Nuc","Fuel - Mod."
"USA",2045,"Nuclear - SMR - PWR modular",13.2596388888889,"Nuclear - SMR - PWR modular","TWh","Current Trade - Lower Intl. Nuc","Current","Lower Int. Nuc","Fuel - Mod."
"USA",2045,"Nuclear - SMR - SFR",15.1155,"Nuclear - SMR - SFR","TWh","Current Trade - Lower Intl. Nuc","Current","Lower Int. Nuc","Fuel - Mod."
"USA",2050,"Nuclear - Large - PWR",296.878666666667,"Nuclear - Large - PWR","TWh","Current Trade - Lower Intl. Nuc","Current","Lower Int. Nuc","Fuel - Mod."
"USA",2050,"Nuclear - Legacy",761.276333333333,"Nuclear - Legacy","TWh","Current Trade - Lower Intl. Nuc","Current","Lower Int. Nuc","Fuel - Mod."
"USA",2050,"Nuclear - SMR - BWR",49.3749444444444,"Nuclear - SMR - BWR","TWh","Current Trade - Lower Intl. Nuc","Current","Lower Int. Nuc","Fuel - Mod."
"USA",2050,"Nuclear - SMR - HTGR",33.0635555555556,"Nuclear - SMR - HTGR","TWh","Current Trade - Lower Intl. Nuc","Current","Lower Int. Nuc","Fuel - Mod."
"USA",2050,"Nuclear - SMR - MSR",13.2582916666667,"Nuclear - SMR - MSR","TWh","Current Trade - Lower Intl. Nuc","Current","Lower Int. Nuc","Fuel - Mod."
"USA",2050,"Nuclear - SMR - PWR modular",24.6555277777778,"Nuclear - SMR - PWR modular","TWh","Current Trade - Lower Intl. Nuc","Current","Lower Int. Nuc","Fuel - Mod."
"USA",2050,"Nuclear - SMR - SFR",30.3133055555556,"Nuclear - SMR - SFR","TWh","Current Trade - Lower Intl. Nuc","Current","Lower Int. Nuc","Fuel - Mod."
"USA",2055,"Nuclear - Large - PWR",423.512416666667,"Nuclear - Large - PWR","TWh","Current Trade - Lower Intl. Nuc","Current","Lower Int. Nuc","Fuel - Mod."
"USA",2055,"Nuclear - Legacy",541.925777777778,"Nuclear - Legacy","TWh","Current Trade - Lower Intl. Nuc","Current","Lower Int. Nuc","Fuel - Mod."
"USA",2055,"Nuclear - SMR - BWR",80.5801666666667,"Nuclear - SMR - BWR","TWh","Current Trade - Lower Intl. Nuc","Current","Lower Int. Nuc","Fuel - Mod."
"USA",2055,"Nuclear - SMR - HTGR",51.89025,"Nuclear - SMR - HTGR","TWh","Current Trade - Lower Intl. Nuc","Current","Lower Int. Nuc","Fuel - Mod."
"USA",2055,"Nuclear - SMR - MSR",19.4250972222222,"Nuclear - SMR - MSR","TWh","Current Trade - Lower Intl. Nuc","Current","Lower Int. Nuc","Fuel - Mod."
"USA",2055,"Nuclear - SMR - PWR modular",36.5865833333333,"Nuclear - SMR - PWR modular","TWh","Current Trade - Lower Intl. Nuc","Current","Lower Int. Nuc","Fuel - Mod."
"USA",2055,"Nuclear - SMR - SFR",46.8824444444444,"Nuclear - SMR - SFR","TWh","Current Trade - Lower Intl. Nuc","Current","Lower Int. Nuc","Fuel - Mod."
"USA",2060,"Nuclear - Large - PWR",542.232972222222,"Nuclear - Large - PWR","TWh","Current Trade - Lower Intl. Nuc","Current","Lower Int. Nuc","Fuel - Mod."
"USA",2060,"Nuclear - Legacy",422.812194444444,"Nuclear - Legacy","TWh","Current Trade - Lower Intl. Nuc","Current","Lower Int. Nuc","Fuel - Mod."
"USA",2060,"Nuclear - SMR - BWR",112.662722222222,"Nuclear - SMR - BWR","TWh","Current Trade - Lower Intl. Nuc","Current","Lower Int. Nuc","Fuel - Mod."
"USA",2060,"Nuclear - SMR - HTGR",70.7149444444444,"Nuclear - SMR - HTGR","TWh","Current Trade - Lower Intl. Nuc","Current","Lower Int. Nuc","Fuel - Mod."
"USA",2060,"Nuclear - SMR - MSR",25.143325,"Nuclear - SMR - MSR","TWh","Current Trade - Lower Intl. Nuc","Current","Lower Int. Nuc","Fuel - Mod."
"USA",2060,"Nuclear - SMR - PWR modular",48.1195555555556,"Nuclear - SMR - PWR modular","TWh","Current Trade - Lower Intl. Nuc","Current","Lower Int. Nuc","Fuel - Mod."
"USA",2060,"Nuclear - SMR - SFR",63.2441388888889,"Nuclear - SMR - SFR","TWh","Current Trade - Lower Intl. Nuc","Current","Lower Int. Nuc","Fuel - Mod."
"USA",2065,"Nuclear - Large - PWR",674.349944444444,"Nuclear - Large - PWR","TWh","Current Trade - Lower Intl. Nuc","Current","Lower Int. Nuc","Fuel - Mod."
"USA",2065,"Nuclear - Legacy",242.183583333333,"Nuclear - Legacy","TWh","Current Trade - Lower Intl. Nuc","Current","Lower Int. Nuc","Fuel - Mod."
"USA",2065,"Nuclear - SMR - BWR",150.605555555556,"Nuclear - SMR - BWR","TWh","Current Trade - Lower Intl. Nuc","Current","Lower Int. Nuc","Fuel - Mod."
"USA",2065,"Nuclear - SMR - HTGR",92.5820277777778,"Nuclear - SMR - HTGR","TWh","Current Trade - Lower Intl. Nuc","Current","Lower Int. Nuc","Fuel - Mod."
"USA",2065,"Nuclear - SMR - MSR",31.4816166666667,"Nuclear - SMR - MSR","TWh","Current Trade - Lower Intl. Nuc","Current","Lower Int. Nuc","Fuel - Mod."
"USA",2065,"Nuclear - SMR - PWR modular",61.2285,"Nuclear - SMR - PWR modular","TWh","Current Trade - Lower Intl. Nuc","Current","Lower Int. Nuc","Fuel - Mod."
"USA",2065,"Nuclear - SMR - SFR",82.0708055555556,"Nuclear - SMR - SFR","TWh","Current Trade - Lower Intl. Nuc","Current","Lower Int. Nuc","Fuel - Mod."
"USA",2070,"Nuclear - Large - PWR",813.75875,"Nuclear - Large - PWR","TWh","Current Trade - Lower Intl. Nuc","Current","Lower Int. Nuc","Fuel - Mod."
"USA",2070,"Nuclear - Legacy",46.8911388888889,"Nuclear - Legacy","TWh","Current Trade - Lower Intl. Nuc","Current","Lower Int. Nuc","Fuel - Mod."
"USA",2070,"Nuclear - SMR - BWR",192.733388888889,"Nuclear - SMR - BWR","TWh","Current Trade - Lower Intl. Nuc","Current","Lower Int. Nuc","Fuel - Mod."
"USA",2070,"Nuclear - SMR - HTGR",116.513666666667,"Nuclear - SMR - HTGR","TWh","Current Trade - Lower Intl. Nuc","Current","Lower Int. Nuc","Fuel - Mod."
"USA",2070,"Nuclear - SMR - MSR",38.1300138888889,"Nuclear - SMR - MSR","TWh","Current Trade - Lower Intl. Nuc","Current","Lower Int. Nuc","Fuel - Mod."
"USA",2070,"Nuclear - SMR - PWR modular",75.3284166666667,"Nuclear - SMR - PWR modular","TWh","Current Trade - Lower Intl. Nuc","Current","Lower Int. Nuc","Fuel - Mod."
"USA",2070,"Nuclear - SMR - SFR",102.507944444444,"Nuclear - SMR - SFR","TWh","Current Trade - Lower Intl. Nuc","Current","Lower Int. Nuc","Fuel - Mod."
"USA",2075,"Nuclear - Large - PWR",950.472916666667,"Nuclear - Large - PWR","TWh","Current Trade - Lower Intl. Nuc","Current","Lower Int. Nuc","Fuel - Mod."
"USA",2075,"Nuclear - Legacy",18.3330833333333,"Nuclear - Legacy","TWh","Current Trade - Lower Intl. Nuc","Current","Lower Int. Nuc","Fuel - Mod."
"USA",2075,"Nuclear - SMR - BWR",236.064611111111,"Nuclear - SMR - BWR","TWh","Current Trade - Lower Intl. Nuc","Current","Lower Int. Nuc","Fuel - Mod."
"USA",2075,"Nuclear - SMR - HTGR",140.843194444444,"Nuclear - SMR - HTGR","TWh","Current Trade - Lower Intl. Nuc","Current","Lower Int. Nuc","Fuel - Mod."
"USA",2075,"Nuclear - SMR - MSR",44.6063277777778,"Nuclear - SMR - MSR","TWh","Current Trade - Lower Intl. Nuc","Current","Lower Int. Nuc","Fuel - Mod."
"USA",2075,"Nuclear - SMR - PWR modular",89.3758888888889,"Nuclear - SMR - PWR modular","TWh","Current Trade - Lower Intl. Nuc","Current","Lower Int. Nuc","Fuel - Mod."
"USA",2075,"Nuclear - SMR - SFR",123.031694444444,"Nuclear - SMR - SFR","TWh","Current Trade - Lower Intl. Nuc","Current","Lower Int. Nuc","Fuel - Mod."
"USA",2080,"Nuclear - Large - PWR",1106.34655555556,"Nuclear - Large - PWR","TWh","Current Trade - Lower Intl. Nuc","Current","Lower Int. Nuc","Fuel - Mod."
"USA",2080,"Nuclear - Legacy",9.34936111111111,"Nuclear - Legacy","TWh","Current Trade - Lower Intl. Nuc","Current","Lower Int. Nuc","Fuel - Mod."
"USA",2080,"Nuclear - SMR - BWR",289.380583333333,"Nuclear - SMR - BWR","TWh","Current Trade - Lower Intl. Nuc","Current","Lower Int. Nuc","Fuel - Mod."
"USA",2080,"Nuclear - SMR - HTGR",170.381055555556,"Nuclear - SMR - HTGR","TWh","Current Trade - Lower Intl. Nuc","Current","Lower Int. Nuc","Fuel - Mod."
"USA",2080,"Nuclear - SMR - MSR",51.8284916666667,"Nuclear - SMR - MSR","TWh","Current Trade - Lower Intl. Nuc","Current","Lower Int. Nuc","Fuel - Mod."
"USA",2080,"Nuclear - SMR - PWR modular",105.482194444444,"Nuclear - SMR - PWR modular","TWh","Current Trade - Lower Intl. Nuc","Current","Lower Int. Nuc","Fuel - Mod."
"USA",2080,"Nuclear - SMR - SFR",146.852222222222,"Nuclear - SMR - SFR","TWh","Current Trade - Lower Intl. Nuc","Current","Lower Int. Nuc","Fuel - Mod."
"USA",2085,"Nuclear - Large - PWR",1193.35088888889,"Nuclear - Large - PWR","TWh","Current Trade - Lower Intl. Nuc","Current","Lower Int. Nuc","Fuel - Mod."
"USA",2085,"Nuclear - Legacy",9.32402777777778,"Nuclear - Legacy","TWh","Current Trade - Lower Intl. Nuc","Current","Lower Int. Nuc","Fuel - Mod."
"USA",2085,"Nuclear - SMR - BWR",325.087972222222,"Nuclear - SMR - BWR","TWh","Current Trade - Lower Intl. Nuc","Current","Lower Int. Nuc","Fuel - Mod."
"USA",2085,"Nuclear - SMR - HTGR",189.636666666667,"Nuclear - SMR - HTGR","TWh","Current Trade - Lower Intl. Nuc","Current","Lower Int. Nuc","Fuel - Mod."
"USA",2085,"Nuclear - SMR - MSR",54.9316777777778,"Nuclear - SMR - MSR","TWh","Current Trade - Lower Intl. Nuc","Current","Lower Int. Nuc","Fuel - Mod."
"USA",2085,"Nuclear - SMR - PWR modular",114.448055555556,"Nuclear - SMR - PWR modular","TWh","Current Trade - Lower Intl. Nuc","Current","Lower Int. Nuc","Fuel - Mod."
"USA",2085,"Nuclear - SMR - SFR",160.595583333333,"Nuclear - SMR - SFR","TWh","Current Trade - Lower Intl. Nuc","Current","Lower Int. Nuc","Fuel - Mod."
"USA",2090,"Nuclear - Large - PWR",1247.39561111111,"Nuclear - Large - PWR","TWh","Current Trade - Lower Intl. Nuc","Current","Lower Int. Nuc","Fuel - Mod."
"USA",2090,"Nuclear - Legacy",9.2985,"Nuclear - Legacy","TWh","Current Trade - Lower Intl. Nuc","Current","Lower Int. Nuc","Fuel - Mod."
"USA",2090,"Nuclear - SMR - BWR",354.850916666667,"Nuclear - SMR - BWR","TWh","Current Trade - Lower Intl. Nuc","Current","Lower Int. Nuc","Fuel - Mod."
"USA",2090,"Nuclear - SMR - HTGR",205.490138888889,"Nuclear - SMR - HTGR","TWh","Current Trade - Lower Intl. Nuc","Current","Lower Int. Nuc","Fuel - Mod."
"USA",2090,"Nuclear - SMR - MSR",57.040475,"Nuclear - SMR - MSR","TWh","Current Trade - Lower Intl. Nuc","Current","Lower Int. Nuc","Fuel - Mod."
"USA",2090,"Nuclear - SMR - PWR modular",121.247611111111,"Nuclear - SMR - PWR modular","TWh","Current Trade - Lower Intl. Nuc","Current","Lower Int. Nuc","Fuel - Mod."
"USA",2090,"Nuclear - SMR - SFR",171.229361111111,"Nuclear - SMR - SFR","TWh","Current Trade - Lower Intl. Nuc","Current","Lower Int. Nuc","Fuel - Mod."
"USA",2095,"Nuclear - Large - PWR",1292.64305555556,"Nuclear - Large - PWR","TWh","Current Trade - Lower Intl. Nuc","Current","Lower Int. Nuc","Fuel - Mod."
"USA",2095,"Nuclear - Legacy",9.26425,"Nuclear - Legacy","TWh","Current Trade - Lower Intl. Nuc","Current","Lower Int. Nuc","Fuel - Mod."
"USA",2095,"Nuclear - SMR - BWR",384.235138888889,"Nuclear - SMR - BWR","TWh","Current Trade - Lower Intl. Nuc","Current","Lower Int. Nuc","Fuel - Mod."
"USA",2095,"Nuclear - SMR - HTGR",219.867972222222,"Nuclear - SMR - HTGR","TWh","Current Trade - Lower Intl. Nuc","Current","Lower Int. Nuc","Fuel - Mod."
"USA",2095,"Nuclear - SMR - MSR",57.5464583333333,"Nuclear - SMR - MSR","TWh","Current Trade - Lower Intl. Nuc","Current","Lower Int. Nuc","Fuel - Mod."
"USA",2095,"Nuclear - SMR - PWR modular",125.300416666667,"Nuclear - SMR - PWR modular","TWh","Current Trade - Lower Intl. Nuc","Current","Lower Int. Nuc","Fuel - Mod."
"USA",2095,"Nuclear - SMR - SFR",179.336166666667,"Nuclear - SMR - SFR","TWh","Current Trade - Lower Intl. Nuc","Current","Lower Int. Nuc","Fuel - Mod."
"USA",2100,"Nuclear - Large - PWR",1306.40388888889,"Nuclear - Large - PWR","TWh","Current Trade - Lower Intl. Nuc","Current","Lower Int. Nuc","Fuel - Mod."
"USA",2100,"Nuclear - SMR - BWR",408.494083333333,"Nuclear - SMR - BWR","TWh","Current Trade - Lower Intl. Nuc","Current","Lower Int. Nuc","Fuel - Mod."
"USA",2100,"Nuclear - SMR - HTGR",231.164,"Nuclear - SMR - HTGR","TWh","Current Trade - Lower Intl. Nuc","Current","Lower Int. Nuc","Fuel - Mod."
"USA",2100,"Nuclear - SMR - MSR",57.2339166666667,"Nuclear - SMR - MSR","TWh","Current Trade - Lower Intl. Nuc","Current","Lower Int. Nuc","Fuel - Mod."
"USA",2100,"Nuclear - SMR - PWR modular",127.141166666667,"Nuclear - SMR - PWR modular","TWh","Current Trade - Lower Intl. Nuc","Current","Lower Int. Nuc","Fuel - Mod."
"USA",2100,"Nuclear - SMR - SFR",184.700472222222,"Nuclear - SMR - SFR","TWh","Current Trade - Lower Intl. Nuc","Current","Lower Int. Nuc","Fuel - Mod."
"USA",2021,"Nuclear - Legacy",811.5533,"Nuclear - Legacy","TWh","Limited Trade","Limited","Reactor - Mod.","Fuel - Mod."
"USA",2025,"Nuclear - Large - PWR",18.3333333333333,"Nuclear - Large - PWR","TWh","Limited Trade","Limited","Reactor - Mod.","Fuel - Mod."
"USA",2025,"Nuclear - Legacy",808.465805555556,"Nuclear - Legacy","TWh","Limited Trade","Limited","Reactor - Mod.","Fuel - Mod."
"USA",2030,"Nuclear - Large - PWR",31.07,"Nuclear - Large - PWR","TWh","Limited Trade","Limited","Reactor - Mod.","Fuel - Mod."
"USA",2030,"Nuclear - Legacy",808.338861111111,"Nuclear - Legacy","TWh","Limited Trade","Limited","Reactor - Mod.","Fuel - Mod."
"USA",2035,"Nuclear - Large - PWR",54.6493333333333,"Nuclear - Large - PWR","TWh","Limited Trade","Limited","Reactor - Mod.","Fuel - Mod."
"USA",2035,"Nuclear - Legacy",788.576472222222,"Nuclear - Legacy","TWh","Limited Trade","Limited","Reactor - Mod.","Fuel - Mod."
"USA",2035,"Nuclear - SMR - BWR",3.51761111111111,"Nuclear - SMR - BWR","TWh","Limited Trade","Limited","Reactor - Mod.","Fuel - Mod."
"USA",2035,"Nuclear - SMR - HTGR",2.98161111111111,"Nuclear - SMR - HTGR","TWh","Limited Trade","Limited","Reactor - Mod.","Fuel - Mod."
"USA",2035,"Nuclear - SMR - MSR",1.51244722222222,"Nuclear - SMR - MSR","TWh","Limited Trade","Limited","Reactor - Mod.","Fuel - Mod."
"USA",2035,"Nuclear - SMR - PWR modular",2.91119444444444,"Nuclear - SMR - PWR modular","TWh","Limited Trade","Limited","Reactor - Mod.","Fuel - Mod."
"USA",2035,"Nuclear - SMR - SFR",2.96002777777778,"Nuclear - SMR - SFR","TWh","Limited Trade","Limited","Reactor - Mod.","Fuel - Mod."
"USA",2040,"Nuclear - Large - PWR",100.3805,"Nuclear - Large - PWR","TWh","Limited Trade","Limited","Reactor - Mod.","Fuel - Mod."
"USA",2040,"Nuclear - Legacy",787.968222222222,"Nuclear - Legacy","TWh","Limited Trade","Limited","Reactor - Mod.","Fuel - Mod."
"USA",2040,"Nuclear - SMR - BWR",10.5233333333333,"Nuclear - SMR - BWR","TWh","Limited Trade","Limited","Reactor - Mod.","Fuel - Mod."
"USA",2040,"Nuclear - SMR - HTGR",7.99908333333333,"Nuclear - SMR - HTGR","TWh","Limited Trade","Limited","Reactor - Mod.","Fuel - Mod."
"USA",2040,"Nuclear - SMR - MSR",3.6761,"Nuclear - SMR - MSR","TWh","Limited Trade","Limited","Reactor - Mod.","Fuel - Mod."
"USA",2040,"Nuclear - SMR - PWR modular",7.07272222222222,"Nuclear - SMR - PWR modular","TWh","Limited Trade","Limited","Reactor - Mod.","Fuel - Mod."
"USA",2040,"Nuclear - SMR - SFR",7.46197222222222,"Nuclear - SMR - SFR","TWh","Limited Trade","Limited","Reactor - Mod.","Fuel - Mod."
"USA",2045,"Nuclear - Large - PWR",150.108388888889,"Nuclear - Large - PWR","TWh","Limited Trade","Limited","Reactor - Mod.","Fuel - Mod."
"USA",2045,"Nuclear - Legacy",786.903611111111,"Nuclear - Legacy","TWh","Limited Trade","Limited","Reactor - Mod.","Fuel - Mod."
"USA",2045,"Nuclear - SMR - BWR",20.9651944444444,"Nuclear - SMR - BWR","TWh","Limited Trade","Limited","Reactor - Mod.","Fuel - Mod."
"USA",2045,"Nuclear - SMR - HTGR",14.8104444444444,"Nuclear - SMR - HTGR","TWh","Limited Trade","Limited","Reactor - Mod.","Fuel - Mod."
"USA",2045,"Nuclear - SMR - MSR",6.05193888888889,"Nuclear - SMR - MSR","TWh","Limited Trade","Limited","Reactor - Mod.","Fuel - Mod."
"USA",2045,"Nuclear - SMR - PWR modular",11.3243055555556,"Nuclear - SMR - PWR modular","TWh","Limited Trade","Limited","Reactor - Mod.","Fuel - Mod."
"USA",2045,"Nuclear - SMR - SFR",13.0243055555556,"Nuclear - SMR - SFR","TWh","Limited Trade","Limited","Reactor - Mod.","Fuel - Mod."
"USA",2050,"Nuclear - Large - PWR",242.768138888889,"Nuclear - Large - PWR","TWh","Limited Trade","Limited","Reactor - Mod.","Fuel - Mod."
"USA",2050,"Nuclear - Legacy",758.932916666667,"Nuclear - Legacy","TWh","Limited Trade","Limited","Reactor - Mod.","Fuel - Mod."
"USA",2050,"Nuclear - SMR - BWR",44.4459166666667,"Nuclear - SMR - BWR","TWh","Limited Trade","Limited","Reactor - Mod.","Fuel - Mod."
"USA",2050,"Nuclear - SMR - HTGR",29.2895277777778,"Nuclear - SMR - HTGR","TWh","Limited Trade","Limited","Reactor - Mod.","Fuel - Mod."
"USA",2050,"Nuclear - SMR - MSR",10.5222166666667,"Nuclear - SMR - MSR","TWh","Limited Trade","Limited","Reactor - Mod.","Fuel - Mod."
"USA",2050,"Nuclear - SMR - PWR modular",19.3274444444444,"Nuclear - SMR - PWR modular","TWh","Limited Trade","Limited","Reactor - Mod.","Fuel - Mod."
"USA",2050,"Nuclear - SMR - SFR",24.077,"Nuclear - SMR - SFR","TWh","Limited Trade","Limited","Reactor - Mod.","Fuel - Mod."
"USA",2055,"Nuclear - Large - PWR",323.368916666667,"Nuclear - Large - PWR","TWh","Limited Trade","Limited","Reactor - Mod.","Fuel - Mod."
"USA",2055,"Nuclear - Legacy",539.005083333333,"Nuclear - Legacy","TWh","Limited Trade","Limited","Reactor - Mod.","Fuel - Mod."
"USA",2055,"Nuclear - SMR - BWR",69.9297777777778,"Nuclear - SMR - BWR","TWh","Limited Trade","Limited","Reactor - Mod.","Fuel - Mod."
"USA",2055,"Nuclear - SMR - HTGR",44.1315277777778,"Nuclear - SMR - HTGR","TWh","Limited Trade","Limited","Reactor - Mod.","Fuel - Mod."
"USA",2055,"Nuclear - SMR - MSR",14.1870472222222,"Nuclear - SMR - MSR","TWh","Limited Trade","Limited","Reactor - Mod.","Fuel - Mod."
"USA",2055,"Nuclear - SMR - PWR modular",26.39325,"Nuclear - SMR - PWR modular","TWh","Limited Trade","Limited","Reactor - Mod.","Fuel - Mod."
"USA",2055,"Nuclear - SMR - SFR",34.3833888888889,"Nuclear - SMR - SFR","TWh","Limited Trade","Limited","Reactor - Mod.","Fuel - Mod."
"USA",2060,"Nuclear - Large - PWR",392.958444444444,"Nuclear - Large - PWR","TWh","Limited Trade","Limited","Reactor - Mod.","Fuel - Mod."
"USA",2060,"Nuclear - Legacy",419.294888888889,"Nuclear - Legacy","TWh","Limited Trade","Limited","Reactor - Mod.","Fuel - Mod."
"USA",2060,"Nuclear - SMR - BWR",95.2791666666667,"Nuclear - SMR - BWR","TWh","Limited Trade","Limited","Reactor - Mod.","Fuel - Mod."
"USA",2060,"Nuclear - SMR - HTGR",58.4007777777778,"Nuclear - SMR - HTGR","TWh","Limited Trade","Limited","Reactor - Mod.","Fuel - Mod."
"USA",2060,"Nuclear - SMR - MSR",17.1489916666667,"Nuclear - SMR - MSR","TWh","Limited Trade","Limited","Reactor - Mod.","Fuel - Mod."
"USA",2060,"Nuclear - SMR - PWR modular",32.5248055555556,"Nuclear - SMR - PWR modular","TWh","Limited Trade","Limited","Reactor - Mod.","Fuel - Mod."
"USA",2060,"Nuclear - SMR - SFR",43.6229444444444,"Nuclear - SMR - SFR","TWh","Limited Trade","Limited","Reactor - Mod.","Fuel - Mod."
"USA",2065,"Nuclear - Large - PWR",468.914277777778,"Nuclear - Large - PWR","TWh","Limited Trade","Limited","Reactor - Mod.","Fuel - Mod."
"USA",2065,"Nuclear - Legacy",239.853444444444,"Nuclear - Legacy","TWh","Limited Trade","Limited","Reactor - Mod.","Fuel - Mod."
"USA",2065,"Nuclear - SMR - BWR",124.774055555556,"Nuclear - SMR - BWR","TWh","Limited Trade","Limited","Reactor - Mod.","Fuel - Mod."
"USA",2065,"Nuclear - SMR - HTGR",74.7134722222222,"Nuclear - SMR - HTGR","TWh","Limited Trade","Limited","Reactor - Mod.","Fuel - Mod."
"USA",2065,"Nuclear - SMR - MSR",20.4929055555556,"Nuclear - SMR - MSR","TWh","Limited Trade","Limited","Reactor - Mod.","Fuel - Mod."
"USA",2065,"Nuclear - SMR - PWR modular",39.233,"Nuclear - SMR - PWR modular","TWh","Limited Trade","Limited","Reactor - Mod.","Fuel - Mod."
"USA",2065,"Nuclear - SMR - SFR",53.84,"Nuclear - SMR - SFR","TWh","Limited Trade","Limited","Reactor - Mod.","Fuel - Mod."
"USA",2070,"Nuclear - Large - PWR",548.10625,"Nuclear - Large - PWR","TWh","Limited Trade","Limited","Reactor - Mod.","Fuel - Mod."
"USA",2070,"Nuclear - Legacy",46.4114722222222,"Nuclear - Legacy","TWh","Limited Trade","Limited","Reactor - Mod.","Fuel - Mod."
"USA",2070,"Nuclear - SMR - BWR",157.276277777778,"Nuclear - SMR - BWR","TWh","Limited Trade","Limited","Reactor - Mod.","Fuel - Mod."
"USA",2070,"Nuclear - SMR - HTGR",92.4323611111111,"Nuclear - SMR - HTGR","TWh","Limited Trade","Limited","Reactor - Mod.","Fuel - Mod."
"USA",2070,"Nuclear - SMR - MSR",24.0042027777778,"Nuclear - SMR - MSR","TWh","Limited Trade","Limited","Reactor - Mod.","Fuel - Mod."
"USA",2070,"Nuclear - SMR - PWR modular",46.2501111111111,"Nuclear - SMR - PWR modular","TWh","Limited Trade","Limited","Reactor - Mod.","Fuel - Mod."
"USA",2070,"Nuclear - SMR - SFR",64.6318611111111,"Nuclear - SMR - SFR","TWh","Limited Trade","Limited","Reactor - Mod.","Fuel - Mod."
"USA",2075,"Nuclear - Large - PWR",625.852305555556,"Nuclear - Large - PWR","TWh","Limited Trade","Limited","Reactor - Mod.","Fuel - Mod."
"USA",2075,"Nuclear - Legacy",18.1430833333333,"Nuclear - Legacy","TWh","Limited Trade","Limited","Reactor - Mod.","Fuel - Mod."
"USA",2075,"Nuclear - SMR - BWR",190.655111111111,"Nuclear - SMR - BWR","TWh","Limited Trade","Limited","Reactor - Mod.","Fuel - Mod."
"USA",2075,"Nuclear - SMR - HTGR",110.433055555556,"Nuclear - SMR - HTGR","TWh","Limited Trade","Limited","Reactor - Mod.","Fuel - Mod."
"USA",2075,"Nuclear - SMR - MSR",27.4788777777778,"Nuclear - SMR - MSR","TWh","Limited Trade","Limited","Reactor - Mod.","Fuel - Mod."
"USA",2075,"Nuclear - SMR - PWR modular",53.1605,"Nuclear - SMR - PWR modular","TWh","Limited Trade","Limited","Reactor - Mod.","Fuel - Mod."
"USA",2075,"Nuclear - SMR - SFR",75.3428888888889,"Nuclear - SMR - SFR","TWh","Limited Trade","Limited","Reactor - Mod.","Fuel - Mod."
"USA",2080,"Nuclear - Large - PWR",723.553555555555,"Nuclear - Large - PWR","TWh","Limited Trade","Limited","Reactor - Mod.","Fuel - Mod."
"USA",2080,"Nuclear - Legacy",9.25427777777778,"Nuclear - Legacy","TWh","Limited Trade","Limited","Reactor - Mod.","Fuel - Mod."
"USA",2080,"Nuclear - SMR - BWR",234.257777777778,"Nuclear - SMR - BWR","TWh","Limited Trade","Limited","Reactor - Mod.","Fuel - Mod."
"USA",2080,"Nuclear - SMR - HTGR",133.749444444444,"Nuclear - SMR - HTGR","TWh","Limited Trade","Limited","Reactor - Mod.","Fuel - Mod."
"USA",2080,"Nuclear - SMR - MSR",31.877975,"Nuclear - SMR - MSR","TWh","Limited Trade","Limited","Reactor - Mod.","Fuel - Mod."
"USA",2080,"Nuclear - SMR - PWR modular",61.8688888888889,"Nuclear - SMR - PWR modular","TWh","Limited Trade","Limited","Reactor - Mod.","Fuel - Mod."
"USA",2080,"Nuclear - SMR - SFR",88.9281388888889,"Nuclear - SMR - SFR","TWh","Limited Trade","Limited","Reactor - Mod.","Fuel - Mod."
"USA",2085,"Nuclear - Large - PWR",794.208166666667,"Nuclear - Large - PWR","TWh","Limited Trade","Limited","Reactor - Mod.","Fuel - Mod."
"USA",2085,"Nuclear - Legacy",9.24058333333333,"Nuclear - Legacy","TWh","Limited Trade","Limited","Reactor - Mod.","Fuel - Mod."
"USA",2085,"Nuclear - SMR - BWR",268.157222222222,"Nuclear - SMR - BWR","TWh","Limited Trade","Limited","Reactor - Mod.","Fuel - Mod."
"USA",2085,"Nuclear - SMR - HTGR",151.615888888889,"Nuclear - SMR - HTGR","TWh","Limited Trade","Limited","Reactor - Mod.","Fuel - Mod."
"USA",2085,"Nuclear - SMR - MSR",34.6675583333333,"Nuclear - SMR - MSR","TWh","Limited Trade","Limited","Reactor - Mod.","Fuel - Mod."
"USA",2085,"Nuclear - SMR - PWR modular",68.2056388888889,"Nuclear - SMR - PWR modular","TWh","Limited Trade","Limited","Reactor - Mod.","Fuel - Mod."
"USA",2085,"Nuclear - SMR - SFR",98.9911666666667,"Nuclear - SMR - SFR","TWh","Limited Trade","Limited","Reactor - Mod.","Fuel - Mod."
"USA",2090,"Nuclear - Large - PWR",842.899194444444,"Nuclear - Large - PWR","TWh","Limited Trade","Limited","Reactor - Mod.","Fuel - Mod."
"USA",2090,"Nuclear - Legacy",9.23063888888889,"Nuclear - Legacy","TWh","Limited Trade","Limited","Reactor - Mod.","Fuel - Mod."
"USA",2090,"Nuclear - SMR - BWR",297.908083333333,"Nuclear - SMR - BWR","TWh","Limited Trade","Limited","Reactor - Mod.","Fuel - Mod."
"USA",2090,"Nuclear - SMR - HTGR",167.225361111111,"Nuclear - SMR - HTGR","TWh","Limited Trade","Limited","Reactor - Mod.","Fuel - Mod."
"USA",2090,"Nuclear - SMR - MSR",37.0716638888889,"Nuclear - SMR - MSR","TWh","Limited Trade","Limited","Reactor - Mod.","Fuel - Mod."
"USA",2090,"Nuclear - SMR - PWR modular",73.7400555555555,"Nuclear - SMR - PWR modular","TWh","Limited Trade","Limited","Reactor - Mod.","Fuel - Mod."
"USA",2090,"Nuclear - SMR - SFR",107.772527777778,"Nuclear - SMR - SFR","TWh","Limited Trade","Limited","Reactor - Mod.","Fuel - Mod."
"USA",2095,"Nuclear - Large - PWR",889.336388888889,"Nuclear - Large - PWR","TWh","Limited Trade","Limited","Reactor - Mod.","Fuel - Mod."
"USA",2095,"Nuclear - Legacy",9.21730555555555,"Nuclear - Legacy","TWh","Limited Trade","Limited","Reactor - Mod.","Fuel - Mod."
"USA",2095,"Nuclear - SMR - BWR",328.568555555556,"Nuclear - SMR - BWR","TWh","Limited Trade","Limited","Reactor - Mod.","Fuel - Mod."
"USA",2095,"Nuclear - SMR - HTGR",182.14625,"Nuclear - SMR - HTGR","TWh","Limited Trade","Limited","Reactor - Mod.","Fuel - Mod."
"USA",2095,"Nuclear - SMR - MSR",38.4675583333333,"Nuclear - SMR - MSR","TWh","Limited Trade","Limited","Reactor - Mod.","Fuel - Mod."
"USA",2095,"Nuclear - SMR - PWR modular",77.2403888888889,"Nuclear - SMR - PWR modular","TWh","Limited Trade","Limited","Reactor - Mod.","Fuel - Mod."
"USA",2095,"Nuclear - SMR - SFR",114.923416666667,"Nuclear - SMR - SFR","TWh","Limited Trade","Limited","Reactor - Mod.","Fuel - Mod."
"USA",2100,"Nuclear - Large - PWR",910.718333333333,"Nuclear - Large - PWR","TWh","Limited Trade","Limited","Reactor - Mod.","Fuel - Mod."
"USA",2100,"Nuclear - SMR - BWR",354.571361111111,"Nuclear - SMR - BWR","TWh","Limited Trade","Limited","Reactor - Mod.","Fuel - Mod."
"USA",2100,"Nuclear - SMR - HTGR",194.35575,"Nuclear - SMR - HTGR","TWh","Limited Trade","Limited","Reactor - Mod.","Fuel - Mod."
"USA",2100,"Nuclear - SMR - MSR",39.0717611111111,"Nuclear - SMR - MSR","TWh","Limited Trade","Limited","Reactor - Mod.","Fuel - Mod."
"USA",2100,"Nuclear - SMR - PWR modular",79.2402777777778,"Nuclear - SMR - PWR modular","TWh","Limited Trade","Limited","Reactor - Mod.","Fuel - Mod."
"USA",2100,"Nuclear - SMR - SFR",120.134111111111,"Nuclear - SMR - SFR","TWh","Limited Trade","Limited","Reactor - Mod.","Fuel - Mod."
"USA",2021,"Nuclear - Legacy",811.5533,"Nuclear - Legacy","TWh","Limited Trade - Adv. Fuel","Limited","Reactor - Mod.","Fuel - Adv."
"USA",2025,"Nuclear - Large - PWR",18.3333333333333,"Nuclear - Large - PWR","TWh","Limited Trade - Adv. Fuel","Limited","Reactor - Mod.","Fuel - Adv."
"USA",2025,"Nuclear - Legacy",808.465777777778,"Nuclear - Legacy","TWh","Limited Trade - Adv. Fuel","Limited","Reactor - Mod.","Fuel - Adv."
"USA",2030,"Nuclear - Large - PWR",31.1119166666667,"Nuclear - Large - PWR","TWh","Limited Trade - Adv. Fuel","Limited","Reactor - Mod.","Fuel - Adv."
"USA",2030,"Nuclear - Legacy",808.352027777778,"Nuclear - Legacy","TWh","Limited Trade - Adv. Fuel","Limited","Reactor - Mod.","Fuel - Adv."
"USA",2035,"Nuclear - Large - PWR",54.8608611111111,"Nuclear - Large - PWR","TWh","Limited Trade - Adv. Fuel","Limited","Reactor - Mod.","Fuel - Adv."
"USA",2035,"Nuclear - Legacy",788.6055,"Nuclear - Legacy","TWh","Limited Trade - Adv. Fuel","Limited","Reactor - Mod.","Fuel - Adv."
"USA",2035,"Nuclear - SMR - BWR",3.50038888888889,"Nuclear - SMR - BWR","TWh","Limited Trade - Adv. Fuel","Limited","Reactor - Mod.","Fuel - Adv."
"USA",2035,"Nuclear - SMR - HTGR",3.0115,"Nuclear - SMR - HTGR","TWh","Limited Trade - Adv. Fuel","Limited","Reactor - Mod.","Fuel - Adv."
"USA",2035,"Nuclear - SMR - MSR",1.61587222222222,"Nuclear - SMR - MSR","TWh","Limited Trade - Adv. Fuel","Limited","Reactor - Mod.","Fuel - Adv."
"USA",2035,"Nuclear - SMR - PWR modular",2.91252777777778,"Nuclear - SMR - PWR modular","TWh","Limited Trade - Adv. Fuel","Limited","Reactor - Mod.","Fuel - Adv."
"USA",2035,"Nuclear - SMR - SFR",2.95336111111111,"Nuclear - SMR - SFR","TWh","Limited Trade - Adv. Fuel","Limited","Reactor - Mod.","Fuel - Adv."
"USA",2040,"Nuclear - Large - PWR",103.073611111111,"Nuclear - Large - PWR","TWh","Limited Trade - Adv. Fuel","Limited","Reactor - Mod.","Fuel - Adv."
"USA",2040,"Nuclear - Legacy",788.294777777778,"Nuclear - Legacy","TWh","Limited Trade - Adv. Fuel","Limited","Reactor - Mod.","Fuel - Adv."
"USA",2040,"Nuclear - SMR - BWR",10.5357777777778,"Nuclear - SMR - BWR","TWh","Limited Trade - Adv. Fuel","Limited","Reactor - Mod.","Fuel - Adv."
"USA",2040,"Nuclear - SMR - HTGR",8.23297222222222,"Nuclear - SMR - HTGR","TWh","Limited Trade - Adv. Fuel","Limited","Reactor - Mod.","Fuel - Adv."
"USA",2040,"Nuclear - SMR - MSR",4.16110277777778,"Nuclear - SMR - MSR","TWh","Limited Trade - Adv. Fuel","Limited","Reactor - Mod.","Fuel - Adv."
"USA",2040,"Nuclear - SMR - PWR modular",7.25113888888889,"Nuclear - SMR - PWR modular","TWh","Limited Trade - Adv. Fuel","Limited","Reactor - Mod.","Fuel - Adv."
"USA",2040,"Nuclear - SMR - SFR",7.59169444444444,"Nuclear - SMR - SFR","TWh","Limited Trade - Adv. Fuel","Limited","Reactor - Mod.","Fuel - Adv."
"USA",2045,"Nuclear - Large - PWR",160.441027777778,"Nuclear - Large - PWR","TWh","Limited Trade - Adv. Fuel","Limited","Reactor - Mod.","Fuel - Adv."
"USA",2045,"Nuclear - Legacy",788.057666666667,"Nuclear - Legacy","TWh","Limited Trade - Adv. Fuel","Limited","Reactor - Mod.","Fuel - Adv."
"USA",2045,"Nuclear - SMR - BWR",21.3538055555556,"Nuclear - SMR - BWR","TWh","Limited Trade - Adv. Fuel","Limited","Reactor - Mod.","Fuel - Adv."
"USA",2045,"Nuclear - SMR - HTGR",15.7181388888889,"Nuclear - SMR - HTGR","TWh","Limited Trade - Adv. Fuel","Limited","Reactor - Mod.","Fuel - Adv."
"USA",2045,"Nuclear - SMR - MSR",7.48568611111111,"Nuclear - SMR - MSR","TWh","Limited Trade - Adv. Fuel","Limited","Reactor - Mod.","Fuel - Adv."
"USA",2045,"Nuclear - SMR - PWR modular",12.0991944444444,"Nuclear - SMR - PWR modular","TWh","Limited Trade - Adv. Fuel","Limited","Reactor - Mod.","Fuel - Adv."
"USA",2045,"Nuclear - SMR - SFR",13.7876666666667,"Nuclear - SMR - SFR","TWh","Limited Trade - Adv. Fuel","Limited","Reactor - Mod.","Fuel - Adv."
"USA",2050,"Nuclear - Large - PWR",272.005416666667,"Nuclear - Large - PWR","TWh","Limited Trade - Adv. Fuel","Limited","Reactor - Mod.","Fuel - Adv."
"USA",2050,"Nuclear - Legacy",760.714055555556,"Nuclear - Legacy","TWh","Limited Trade - Adv. Fuel","Limited","Reactor - Mod.","Fuel - Adv."
"USA",2050,"Nuclear - SMR - BWR",45.9590833333333,"Nuclear - SMR - BWR","TWh","Limited Trade - Adv. Fuel","Limited","Reactor - Mod.","Fuel - Adv."
"USA",2050,"Nuclear - SMR - HTGR",32.1201388888889,"Nuclear - SMR - HTGR","TWh","Limited Trade - Adv. Fuel","Limited","Reactor - Mod.","Fuel - Adv."
"USA",2050,"Nuclear - SMR - MSR",14.3880111111111,"Nuclear - SMR - MSR","TWh","Limited Trade - Adv. Fuel","Limited","Reactor - Mod.","Fuel - Adv."
"USA",2050,"Nuclear - SMR - PWR modular",21.6630833333333,"Nuclear - SMR - PWR modular","TWh","Limited Trade - Adv. Fuel","Limited","Reactor - Mod.","Fuel - Adv."
"USA",2050,"Nuclear - SMR - SFR",26.6393055555556,"Nuclear - SMR - SFR","TWh","Limited Trade - Adv. Fuel","Limited","Reactor - Mod.","Fuel - Adv."
"USA",2055,"Nuclear - Large - PWR",383.667305555556,"Nuclear - Large - PWR","TWh","Limited Trade - Adv. Fuel","Limited","Reactor - Mod.","Fuel - Adv."
"USA",2055,"Nuclear - Legacy",541.560861111111,"Nuclear - Legacy","TWh","Limited Trade - Adv. Fuel","Limited","Reactor - Mod.","Fuel - Adv."
"USA",2055,"Nuclear - SMR - BWR",74.2924166666667,"Nuclear - SMR - BWR","TWh","Limited Trade - Adv. Fuel","Limited","Reactor - Mod.","Fuel - Adv."
"USA",2055,"Nuclear - SMR - HTGR",50.4819166666667,"Nuclear - SMR - HTGR","TWh","Limited Trade - Adv. Fuel","Limited","Reactor - Mod.","Fuel - Adv."
"USA",2055,"Nuclear - SMR - MSR",21.7429277777778,"Nuclear - SMR - MSR","TWh","Limited Trade - Adv. Fuel","Limited","Reactor - Mod.","Fuel - Adv."
"USA",2055,"Nuclear - SMR - PWR modular",31.4786944444444,"Nuclear - SMR - PWR modular","TWh","Limited Trade - Adv. Fuel","Limited","Reactor - Mod.","Fuel - Adv."
"USA",2055,"Nuclear - SMR - SFR",40.3514444444444,"Nuclear - SMR - SFR","TWh","Limited Trade - Adv. Fuel","Limited","Reactor - Mod.","Fuel - Adv."
"USA",2060,"Nuclear - Large - PWR",488.163861111111,"Nuclear - Large - PWR","TWh","Limited Trade - Adv. Fuel","Limited","Reactor - Mod.","Fuel - Adv."
"USA",2060,"Nuclear - Legacy",422.491555555556,"Nuclear - Legacy","TWh","Limited Trade - Adv. Fuel","Limited","Reactor - Mod.","Fuel - Adv."
"USA",2060,"Nuclear - SMR - BWR",103.197138888889,"Nuclear - SMR - BWR","TWh","Limited Trade - Adv. Fuel","Limited","Reactor - Mod.","Fuel - Adv."
"USA",2060,"Nuclear - SMR - HTGR",69.0194444444444,"Nuclear - SMR - HTGR","TWh","Limited Trade - Adv. Fuel","Limited","Reactor - Mod.","Fuel - Adv."
"USA",2060,"Nuclear - SMR - MSR",29.00915,"Nuclear - SMR - MSR","TWh","Limited Trade - Adv. Fuel","Limited","Reactor - Mod.","Fuel - Adv."
"USA",2060,"Nuclear - SMR - PWR modular",40.8225,"Nuclear - SMR - PWR modular","TWh","Limited Trade - Adv. Fuel","Limited","Reactor - Mod.","Fuel - Adv."
"USA",2060,"Nuclear - SMR - SFR",53.6735277777778,"Nuclear - SMR - SFR","TWh","Limited Trade - Adv. Fuel","Limited","Reactor - Mod.","Fuel - Adv."
"USA",2065,"Nuclear - Large - PWR",600.847888888889,"Nuclear - Large - PWR","TWh","Limited Trade - Adv. Fuel","Limited","Reactor - Mod.","Fuel - Adv."
"USA",2065,"Nuclear - Legacy",241.929027777778,"Nuclear - Legacy","TWh","Limited Trade - Adv. Fuel","Limited","Reactor - Mod.","Fuel - Adv."
"USA",2065,"Nuclear - SMR - BWR",136.585972222222,"Nuclear - SMR - BWR","TWh","Limited Trade - Adv. Fuel","Limited","Reactor - Mod.","Fuel - Adv."
"USA",2065,"Nuclear - SMR - HTGR",90.3465,"Nuclear - SMR - HTGR","TWh","Limited Trade - Adv. Fuel","Limited","Reactor - Mod.","Fuel - Adv."
"USA",2065,"Nuclear - SMR - MSR",37.2440388888889,"Nuclear - SMR - MSR","TWh","Limited Trade - Adv. Fuel","Limited","Reactor - Mod.","Fuel - Adv."
"USA",2065,"Nuclear - SMR - PWR modular",50.9824166666667,"Nuclear - SMR - PWR modular","TWh","Limited Trade - Adv. Fuel","Limited","Reactor - Mod.","Fuel - Adv."
"USA",2065,"Nuclear - SMR - SFR",68.3585833333333,"Nuclear - SMR - SFR","TWh","Limited Trade - Adv. Fuel","Limited","Reactor - Mod.","Fuel - Adv."
"USA",2070,"Nuclear - Large - PWR",716.7655,"Nuclear - Large - PWR","TWh","Limited Trade - Adv. Fuel","Limited","Reactor - Mod.","Fuel - Adv."
"USA",2070,"Nuclear - Legacy",46.8286111111111,"Nuclear - Legacy","TWh","Limited Trade - Adv. Fuel","Limited","Reactor - Mod.","Fuel - Adv."
"USA",2070,"Nuclear - SMR - BWR",172.952222222222,"Nuclear - SMR - BWR","TWh","Limited Trade - Adv. Fuel","Limited","Reactor - Mod.","Fuel - Adv."
"USA",2070,"Nuclear - SMR - HTGR",113.569,"Nuclear - SMR - HTGR","TWh","Limited Trade - Adv. Fuel","Limited","Reactor - Mod.","Fuel - Adv."
"USA",2070,"Nuclear - SMR - MSR",46.1512,"Nuclear - SMR - MSR","TWh","Limited Trade - Adv. Fuel","Limited","Reactor - Mod.","Fuel - Adv."
"USA",2070,"Nuclear - SMR - PWR modular",61.4879722222222,"Nuclear - SMR - PWR modular","TWh","Limited Trade - Adv. Fuel","Limited","Reactor - Mod.","Fuel - Adv."
"USA",2070,"Nuclear - SMR - SFR",83.6995555555555,"Nuclear - SMR - SFR","TWh","Limited Trade - Adv. Fuel","Limited","Reactor - Mod.","Fuel - Adv."
"USA",2075,"Nuclear - Large - PWR",830.045416666667,"Nuclear - Large - PWR","TWh","Limited Trade - Adv. Fuel","Limited","Reactor - Mod.","Fuel - Adv."
"USA",2075,"Nuclear - Legacy",18.3069444444444,"Nuclear - Legacy","TWh","Limited Trade - Adv. Fuel","Limited","Reactor - Mod.","Fuel - Adv."
"USA",2075,"Nuclear - SMR - BWR",210.009027777778,"Nuclear - SMR - BWR","TWh","Limited Trade - Adv. Fuel","Limited","Reactor - Mod.","Fuel - Adv."
"USA",2075,"Nuclear - SMR - HTGR",137.323805555556,"Nuclear - SMR - HTGR","TWh","Limited Trade - Adv. Fuel","Limited","Reactor - Mod.","Fuel - Adv."
"USA",2075,"Nuclear - SMR - MSR",55.3270944444444,"Nuclear - SMR - MSR","TWh","Limited Trade - Adv. Fuel","Limited","Reactor - Mod.","Fuel - Adv."
"USA",2075,"Nuclear - SMR - PWR modular",71.7860277777778,"Nuclear - SMR - PWR modular","TWh","Limited Trade - Adv. Fuel","Limited","Reactor - Mod.","Fuel - Adv."
"USA",2075,"Nuclear - SMR - SFR",98.8428611111111,"Nuclear - SMR - SFR","TWh","Limited Trade - Adv. Fuel","Limited","Reactor - Mod.","Fuel - Adv."
"USA",2080,"Nuclear - Large - PWR",971.736472222222,"Nuclear - Large - PWR","TWh","Limited Trade - Adv. Fuel","Limited","Reactor - Mod.","Fuel - Adv."
"USA",2080,"Nuclear - Legacy",9.33994444444444,"Nuclear - Legacy","TWh","Limited Trade - Adv. Fuel","Limited","Reactor - Mod.","Fuel - Adv."
"USA",2080,"Nuclear - SMR - BWR",257.833583333333,"Nuclear - SMR - BWR","TWh","Limited Trade - Adv. Fuel","Limited","Reactor - Mod.","Fuel - Adv."
"USA",2080,"Nuclear - SMR - HTGR",168.173111111111,"Nuclear - SMR - HTGR","TWh","Limited Trade - Adv. Fuel","Limited","Reactor - Mod.","Fuel - Adv."
"USA",2080,"Nuclear - SMR - MSR",67.4145666666667,"Nuclear - SMR - MSR","TWh","Limited Trade - Adv. Fuel","Limited","Reactor - Mod.","Fuel - Adv."
"USA",2080,"Nuclear - SMR - PWR modular",84.6853611111111,"Nuclear - SMR - PWR modular","TWh","Limited Trade - Adv. Fuel","Limited","Reactor - Mod.","Fuel - Adv."
"USA",2080,"Nuclear - SMR - SFR",117.898194444444,"Nuclear - SMR - SFR","TWh","Limited Trade - Adv. Fuel","Limited","Reactor - Mod.","Fuel - Adv."
"USA",2085,"Nuclear - Large - PWR",1076.5135,"Nuclear - Large - PWR","TWh","Limited Trade - Adv. Fuel","Limited","Reactor - Mod.","Fuel - Adv."
"USA",2085,"Nuclear - Legacy",9.33666666666667,"Nuclear - Legacy","TWh","Limited Trade - Adv. Fuel","Limited","Reactor - Mod.","Fuel - Adv."
"USA",2085,"Nuclear - SMR - BWR",294.585555555556,"Nuclear - SMR - BWR","TWh","Limited Trade - Adv. Fuel","Limited","Reactor - Mod.","Fuel - Adv."
"USA",2085,"Nuclear - SMR - HTGR",192.047805555556,"Nuclear - SMR - HTGR","TWh","Limited Trade - Adv. Fuel","Limited","Reactor - Mod.","Fuel - Adv."
"USA",2085,"Nuclear - SMR - MSR",76.8465111111111,"Nuclear - SMR - MSR","TWh","Limited Trade - Adv. Fuel","Limited","Reactor - Mod.","Fuel - Adv."
"USA",2085,"Nuclear - SMR - PWR modular",94.2749444444444,"Nuclear - SMR - PWR modular","TWh","Limited Trade - Adv. Fuel","Limited","Reactor - Mod.","Fuel - Adv."
"USA",2085,"Nuclear - SMR - SFR",132.139583333333,"Nuclear - SMR - SFR","TWh","Limited Trade - Adv. Fuel","Limited","Reactor - Mod.","Fuel - Adv."
"USA",2090,"Nuclear - Large - PWR",1149.36502777778,"Nuclear - Large - PWR","TWh","Limited Trade - Adv. Fuel","Limited","Reactor - Mod.","Fuel - Adv."
"USA",2090,"Nuclear - Legacy",9.33172222222222,"Nuclear - Legacy","TWh","Limited Trade - Adv. Fuel","Limited","Reactor - Mod.","Fuel - Adv."
"USA",2090,"Nuclear - SMR - BWR",325.314722222222,"Nuclear - SMR - BWR","TWh","Limited Trade - Adv. Fuel","Limited","Reactor - Mod.","Fuel - Adv."
"USA",2090,"Nuclear - SMR - HTGR",212.195083333333,"Nuclear - SMR - HTGR","TWh","Limited Trade - Adv. Fuel","Limited","Reactor - Mod.","Fuel - Adv."
"USA",2090,"Nuclear - SMR - MSR",84.9876222222222,"Nuclear - SMR - MSR","TWh","Limited Trade - Adv. Fuel","Limited","Reactor - Mod.","Fuel - Adv."
"USA",2090,"Nuclear - SMR - PWR modular",102.121027777778,"Nuclear - SMR - PWR modular","TWh","Limited Trade - Adv. Fuel","Limited","Reactor - Mod.","Fuel - Adv."
"USA",2090,"Nuclear - SMR - SFR",143.824916666667,"Nuclear - SMR - SFR","TWh","Limited Trade - Adv. Fuel","Limited","Reactor - Mod.","Fuel - Adv."
"USA",2095,"Nuclear - Large - PWR",1222.19611111111,"Nuclear - Large - PWR","TWh","Limited Trade - Adv. Fuel","Limited","Reactor - Mod.","Fuel - Adv."
"USA",2095,"Nuclear - Legacy",9.32736111111111,"Nuclear - Legacy","TWh","Limited Trade - Adv. Fuel","Limited","Reactor - Mod.","Fuel - Adv."
"USA",2095,"Nuclear - SMR - BWR",356.546972222222,"Nuclear - SMR - BWR","TWh","Limited Trade - Adv. Fuel","Limited","Reactor - Mod.","Fuel - Adv."
"USA",2095,"Nuclear - SMR - HTGR",232.238805555556,"Nuclear - SMR - HTGR","TWh","Limited Trade - Adv. Fuel","Limited","Reactor - Mod.","Fuel - Adv."
"USA",2095,"Nuclear - SMR - MSR",93.1133222222222,"Nuclear - SMR - MSR","TWh","Limited Trade - Adv. Fuel","Limited","Reactor - Mod.","Fuel - Adv."
"USA",2095,"Nuclear - SMR - PWR modular",108.067722222222,"Nuclear - SMR - PWR modular","TWh","Limited Trade - Adv. Fuel","Limited","Reactor - Mod.","Fuel - Adv."
"USA",2095,"Nuclear - SMR - SFR",154.038666666667,"Nuclear - SMR - SFR","TWh","Limited Trade - Adv. Fuel","Limited","Reactor - Mod.","Fuel - Adv."
"USA",2100,"Nuclear - Large - PWR",1266.92138888889,"Nuclear - Large - PWR","TWh","Limited Trade - Adv. Fuel","Limited","Reactor - Mod.","Fuel - Adv."
"USA",2100,"Nuclear - SMR - BWR",382.990138888889,"Nuclear - SMR - BWR","TWh","Limited Trade - Adv. Fuel","Limited","Reactor - Mod.","Fuel - Adv."
"USA",2100,"Nuclear - SMR - HTGR",249.527111111111,"Nuclear - SMR - HTGR","TWh","Limited Trade - Adv. Fuel","Limited","Reactor - Mod.","Fuel - Adv."
"USA",2100,"Nuclear - SMR - MSR",100.490555555556,"Nuclear - SMR - MSR","TWh","Limited Trade - Adv. Fuel","Limited","Reactor - Mod.","Fuel - Adv."
"USA",2100,"Nuclear - SMR - PWR modular",112.243888888889,"Nuclear - SMR - PWR modular","TWh","Limited Trade - Adv. Fuel","Limited","Reactor - Mod.","Fuel - Adv."
"USA",2100,"Nuclear - SMR - SFR",162.041027777778,"Nuclear - SMR - SFR","TWh","Limited Trade - Adv. Fuel","Limited","Reactor - Mod.","Fuel - Adv."
"USA",2021,"Nuclear - Legacy",811.5533,"Nuclear - Legacy","TWh","Limited Trade - Adv. Nuc","Limited","Reactor - Adv.","Fuel - Adv."
"USA",2025,"Nuclear - Large - PWR",18.3333333333333,"Nuclear - Large - PWR","TWh","Limited Trade - Adv. Nuc","Limited","Reactor - Adv.","Fuel - Adv."
"USA",2025,"Nuclear - Legacy",808.465777777778,"Nuclear - Legacy","TWh","Limited Trade - Adv. Nuc","Limited","Reactor - Adv.","Fuel - Adv."
"USA",2030,"Nuclear - Large - PWR",31.1118333333333,"Nuclear - Large - PWR","TWh","Limited Trade - Adv. Nuc","Limited","Reactor - Adv.","Fuel - Adv."
"USA",2030,"Nuclear - Legacy",808.352027777778,"Nuclear - Legacy","TWh","Limited Trade - Adv. Nuc","Limited","Reactor - Adv.","Fuel - Adv."
"USA",2035,"Nuclear - Large - PWR",56.2110277777778,"Nuclear - Large - PWR","TWh","Limited Trade - Adv. Nuc","Limited","Reactor - Adv.","Fuel - Adv."
"USA",2035,"Nuclear - Legacy",788.598611111111,"Nuclear - Legacy","TWh","Limited Trade - Adv. Nuc","Limited","Reactor - Adv.","Fuel - Adv."
"USA",2035,"Nuclear - SMR - BWR",3.50847222222222,"Nuclear - SMR - BWR","TWh","Limited Trade - Adv. Nuc","Limited","Reactor - Adv.","Fuel - Adv."
"USA",2035,"Nuclear - SMR - HTGR",3.01791666666667,"Nuclear - SMR - HTGR","TWh","Limited Trade - Adv. Nuc","Limited","Reactor - Adv.","Fuel - Adv."
"USA",2035,"Nuclear - SMR - MSR",1.61804444444444,"Nuclear - SMR - MSR","TWh","Limited Trade - Adv. Nuc","Limited","Reactor - Adv.","Fuel - Adv."
"USA",2035,"Nuclear - SMR - PWR modular",2.91597222222222,"Nuclear - SMR - PWR modular","TWh","Limited Trade - Adv. Nuc","Limited","Reactor - Adv.","Fuel - Adv."
"USA",2035,"Nuclear - SMR - SFR",2.95769444444444,"Nuclear - SMR - SFR","TWh","Limited Trade - Adv. Nuc","Limited","Reactor - Adv.","Fuel - Adv."
"USA",2040,"Nuclear - Large - PWR",116.15225,"Nuclear - Large - PWR","TWh","Limited Trade - Adv. Nuc","Limited","Reactor - Adv.","Fuel - Adv."
"USA",2040,"Nuclear - Legacy",788.239722222222,"Nuclear - Legacy","TWh","Limited Trade - Adv. Nuc","Limited","Reactor - Adv.","Fuel - Adv."
"USA",2040,"Nuclear - SMR - BWR",11.5740277777778,"Nuclear - SMR - BWR","TWh","Limited Trade - Adv. Nuc","Limited","Reactor - Adv.","Fuel - Adv."
"USA",2040,"Nuclear - SMR - HTGR",8.48044444444444,"Nuclear - SMR - HTGR","TWh","Limited Trade - Adv. Nuc","Limited","Reactor - Adv.","Fuel - Adv."
"USA",2040,"Nuclear - SMR - MSR",4.13532777777778,"Nuclear - SMR - MSR","TWh","Limited Trade - Adv. Nuc","Limited","Reactor - Adv.","Fuel - Adv."
"USA",2040,"Nuclear - SMR - PWR modular",7.16763888888889,"Nuclear - SMR - PWR modular","TWh","Limited Trade - Adv. Nuc","Limited","Reactor - Adv.","Fuel - Adv."
"USA",2040,"Nuclear - SMR - SFR",7.61030555555556,"Nuclear - SMR - SFR","TWh","Limited Trade - Adv. Nuc","Limited","Reactor - Adv.","Fuel - Adv."
"USA",2045,"Nuclear - Large - PWR",196.361888888889,"Nuclear - Large - PWR","TWh","Limited Trade - Adv. Nuc","Limited","Reactor - Adv.","Fuel - Adv."
"USA",2045,"Nuclear - Legacy",787.936277777778,"Nuclear - Legacy","TWh","Limited Trade - Adv. Nuc","Limited","Reactor - Adv.","Fuel - Adv."
"USA",2045,"Nuclear - SMR - BWR",28.4615277777778,"Nuclear - SMR - BWR","TWh","Limited Trade - Adv. Nuc","Limited","Reactor - Adv.","Fuel - Adv."
"USA",2045,"Nuclear - SMR - HTGR",18.1208611111111,"Nuclear - SMR - HTGR","TWh","Limited Trade - Adv. Nuc","Limited","Reactor - Adv.","Fuel - Adv."
"USA",2045,"Nuclear - SMR - MSR",7.83591111111111,"Nuclear - SMR - MSR","TWh","Limited Trade - Adv. Nuc","Limited","Reactor - Adv.","Fuel - Adv."
"USA",2045,"Nuclear - SMR - PWR modular",12.1151388888889,"Nuclear - SMR - PWR modular","TWh","Limited Trade - Adv. Nuc","Limited","Reactor - Adv.","Fuel - Adv."
"USA",2045,"Nuclear - SMR - SFR",14.8893333333333,"Nuclear - SMR - SFR","TWh","Limited Trade - Adv. Nuc","Limited","Reactor - Adv.","Fuel - Adv."
"USA",2050,"Nuclear - Large - PWR",355.879555555556,"Nuclear - Large - PWR","TWh","Limited Trade - Adv. Nuc","Limited","Reactor - Adv.","Fuel - Adv."
"USA",2050,"Nuclear - Legacy",760.474944444445,"Nuclear - Legacy","TWh","Limited Trade - Adv. Nuc","Limited","Reactor - Adv.","Fuel - Adv."
"USA",2050,"Nuclear - SMR - BWR",75.9695,"Nuclear - SMR - BWR","TWh","Limited Trade - Adv. Nuc","Limited","Reactor - Adv.","Fuel - Adv."
"USA",2050,"Nuclear - SMR - HTGR",42.0488055555556,"Nuclear - SMR - HTGR","TWh","Limited Trade - Adv. Nuc","Limited","Reactor - Adv.","Fuel - Adv."
"USA",2050,"Nuclear - SMR - MSR",15.6891555555556,"Nuclear - SMR - MSR","TWh","Limited Trade - Adv. Nuc","Limited","Reactor - Adv.","Fuel - Adv."
"USA",2050,"Nuclear - SMR - PWR modular",21.8227222222222,"Nuclear - SMR - PWR modular","TWh","Limited Trade - Adv. Nuc","Limited","Reactor - Adv.","Fuel - Adv."
"USA",2050,"Nuclear - SMR - SFR",31.1058055555556,"Nuclear - SMR - SFR","TWh","Limited Trade - Adv. Nuc","Limited","Reactor - Adv.","Fuel - Adv."
"USA",2055,"Nuclear - Large - PWR",522.024333333333,"Nuclear - Large - PWR","TWh","Limited Trade - Adv. Nuc","Limited","Reactor - Adv.","Fuel - Adv."
"USA",2055,"Nuclear - Legacy",541.230194444444,"Nuclear - Legacy","TWh","Limited Trade - Adv. Nuc","Limited","Reactor - Adv.","Fuel - Adv."
"USA",2055,"Nuclear - SMR - BWR",144.6385,"Nuclear - SMR - BWR","TWh","Limited Trade - Adv. Nuc","Limited","Reactor - Adv.","Fuel - Adv."
"USA",2055,"Nuclear - SMR - HTGR",73.2893333333333,"Nuclear - SMR - HTGR","TWh","Limited Trade - Adv. Nuc","Limited","Reactor - Adv.","Fuel - Adv."
"USA",2055,"Nuclear - SMR - MSR",24.3579472222222,"Nuclear - SMR - MSR","TWh","Limited Trade - Adv. Nuc","Limited","Reactor - Adv.","Fuel - Adv."
"USA",2055,"Nuclear - SMR - PWR modular",32.0205,"Nuclear - SMR - PWR modular","TWh","Limited Trade - Adv. Nuc","Limited","Reactor - Adv.","Fuel - Adv."
"USA",2055,"Nuclear - SMR - SFR",50.1191944444444,"Nuclear - SMR - SFR","TWh","Limited Trade - Adv. Nuc","Limited","Reactor - Adv.","Fuel - Adv."
"USA",2060,"Nuclear - Large - PWR",668.62575,"Nuclear - Large - PWR","TWh","Limited Trade - Adv. Nuc","Limited","Reactor - Adv.","Fuel - Adv."
"USA",2060,"Nuclear - Legacy",421.909611111111,"Nuclear - Legacy","TWh","Limited Trade - Adv. Nuc","Limited","Reactor - Adv.","Fuel - Adv."
"USA",2060,"Nuclear - SMR - BWR",219.820888888889,"Nuclear - SMR - BWR","TWh","Limited Trade - Adv. Nuc","Limited","Reactor - Adv.","Fuel - Adv."
"USA",2060,"Nuclear - SMR - HTGR",105.946972222222,"Nuclear - SMR - HTGR","TWh","Limited Trade - Adv. Nuc","Limited","Reactor - Adv.","Fuel - Adv."
"USA",2060,"Nuclear - SMR - MSR",32.3572638888889,"Nuclear - SMR - MSR","TWh","Limited Trade - Adv. Nuc","Limited","Reactor - Adv.","Fuel - Adv."
"USA",2060,"Nuclear - SMR - PWR modular",41.1491666666667,"Nuclear - SMR - PWR modular","TWh","Limited Trade - Adv. Nuc","Limited","Reactor - Adv.","Fuel - Adv."
"USA",2060,"Nuclear - SMR - SFR",68.1975555555556,"Nuclear - SMR - SFR","TWh","Limited Trade - Adv. Nuc","Limited","Reactor - Adv.","Fuel - Adv."
"USA",2065,"Nuclear - Large - PWR",823.949694444444,"Nuclear - Large - PWR","TWh","Limited Trade - Adv. Nuc","Limited","Reactor - Adv.","Fuel - Adv."
"USA",2065,"Nuclear - Legacy",241.510666666667,"Nuclear - Legacy","TWh","Limited Trade - Adv. Nuc","Limited","Reactor - Adv.","Fuel - Adv."
"USA",2065,"Nuclear - SMR - BWR",298.687333333333,"Nuclear - SMR - BWR","TWh","Limited Trade - Adv. Nuc","Limited","Reactor - Adv.","Fuel - Adv."
"USA",2065,"Nuclear - SMR - HTGR",145.231833333333,"Nuclear - SMR - HTGR","TWh","Limited Trade - Adv. Nuc","Limited","Reactor - Adv.","Fuel - Adv."
"USA",2065,"Nuclear - SMR - MSR",41.4875277777778,"Nuclear - SMR - MSR","TWh","Limited Trade - Adv. Nuc","Limited","Reactor - Adv.","Fuel - Adv."
"USA",2065,"Nuclear - SMR - PWR modular",51.0909722222222,"Nuclear - SMR - PWR modular","TWh","Limited Trade - Adv. Nuc","Limited","Reactor - Adv.","Fuel - Adv."
"USA",2065,"Nuclear - SMR - SFR",88.4711944444444,"Nuclear - SMR - SFR","TWh","Limited Trade - Adv. Nuc","Limited","Reactor - Adv.","Fuel - Adv."
"USA",2070,"Nuclear - Large - PWR",978.800194444444,"Nuclear - Large - PWR","TWh","Limited Trade - Adv. Nuc","Limited","Reactor - Adv.","Fuel - Adv."
"USA",2070,"Nuclear - Legacy",46.7486944444444,"Nuclear - Legacy","TWh","Limited Trade - Adv. Nuc","Limited","Reactor - Adv.","Fuel - Adv."
"USA",2070,"Nuclear - SMR - BWR",370.753194444444,"Nuclear - SMR - BWR","TWh","Limited Trade - Adv. Nuc","Limited","Reactor - Adv.","Fuel - Adv."
"USA",2070,"Nuclear - SMR - HTGR",191.194305555556,"Nuclear - SMR - HTGR","TWh","Limited Trade - Adv. Nuc","Limited","Reactor - Adv.","Fuel - Adv."
"USA",2070,"Nuclear - SMR - MSR",51.9098222222222,"Nuclear - SMR - MSR","TWh","Limited Trade - Adv. Nuc","Limited","Reactor - Adv.","Fuel - Adv."
"USA",2070,"Nuclear - SMR - PWR modular",61.8665555555556,"Nuclear - SMR - PWR modular","TWh","Limited Trade - Adv. Nuc","Limited","Reactor - Adv.","Fuel - Adv."
"USA",2070,"Nuclear - SMR - SFR",110.849638888889,"Nuclear - SMR - SFR","TWh","Limited Trade - Adv. Nuc","Limited","Reactor - Adv.","Fuel - Adv."
"USA",2075,"Nuclear - Large - PWR",1125.74736111111,"Nuclear - Large - PWR","TWh","Limited Trade - Adv. Nuc","Limited","Reactor - Adv.","Fuel - Adv."
"USA",2075,"Nuclear - Legacy",18.2764166666667,"Nuclear - Legacy","TWh","Limited Trade - Adv. Nuc","Limited","Reactor - Adv.","Fuel - Adv."
"USA",2075,"Nuclear - SMR - BWR",434.781638888889,"Nuclear - SMR - BWR","TWh","Limited Trade - Adv. Nuc","Limited","Reactor - Adv.","Fuel - Adv."
"USA",2075,"Nuclear - SMR - HTGR",241.551972222222,"Nuclear - SMR - HTGR","TWh","Limited Trade - Adv. Nuc","Limited","Reactor - Adv.","Fuel - Adv."
"USA",2075,"Nuclear - SMR - MSR",63.2252416666667,"Nuclear - SMR - MSR","TWh","Limited Trade - Adv. Nuc","Limited","Reactor - Adv.","Fuel - Adv."
"USA",2075,"Nuclear - SMR - PWR modular",72.9546666666667,"Nuclear - SMR - PWR modular","TWh","Limited Trade - Adv. Nuc","Limited","Reactor - Adv.","Fuel - Adv."
"USA",2075,"Nuclear - SMR - SFR",134.150111111111,"Nuclear - SMR - SFR","TWh","Limited Trade - Adv. Nuc","Limited","Reactor - Adv.","Fuel - Adv."
"USA",2080,"Nuclear - Large - PWR",1301.32469444444,"Nuclear - Large - PWR","TWh","Limited Trade - Adv. Nuc","Limited","Reactor - Adv.","Fuel - Adv."
"USA",2080,"Nuclear - Legacy",9.32483333333333,"Nuclear - Legacy","TWh","Limited Trade - Adv. Nuc","Limited","Reactor - Adv.","Fuel - Adv."
"USA",2080,"Nuclear - SMR - BWR",508.568972222222,"Nuclear - SMR - BWR","TWh","Limited Trade - Adv. Nuc","Limited","Reactor - Adv.","Fuel - Adv."
"USA",2080,"Nuclear - SMR - HTGR",300.204527777778,"Nuclear - SMR - HTGR","TWh","Limited Trade - Adv. Nuc","Limited","Reactor - Adv.","Fuel - Adv."
"USA",2080,"Nuclear - SMR - MSR",78.8148944444444,"Nuclear - SMR - MSR","TWh","Limited Trade - Adv. Nuc","Limited","Reactor - Adv.","Fuel - Adv."
"USA",2080,"Nuclear - SMR - PWR modular",87.4043611111111,"Nuclear - SMR - PWR modular","TWh","Limited Trade - Adv. Nuc","Limited","Reactor - Adv.","Fuel - Adv."
"USA",2080,"Nuclear - SMR - SFR",164.703916666667,"Nuclear - SMR - SFR","TWh","Limited Trade - Adv. Nuc","Limited","Reactor - Adv.","Fuel - Adv."
"USA",2085,"Nuclear - Large - PWR",1425.07947222222,"Nuclear - Large - PWR","TWh","Limited Trade - Adv. Nuc","Limited","Reactor - Adv.","Fuel - Adv."
"USA",2085,"Nuclear - Legacy",9.32119444444444,"Nuclear - Legacy","TWh","Limited Trade - Adv. Nuc","Limited","Reactor - Adv.","Fuel - Adv."
"USA",2085,"Nuclear - SMR - BWR",559.186861111111,"Nuclear - SMR - BWR","TWh","Limited Trade - Adv. Nuc","Limited","Reactor - Adv.","Fuel - Adv."
"USA",2085,"Nuclear - SMR - HTGR",340.868222222222,"Nuclear - SMR - HTGR","TWh","Limited Trade - Adv. Nuc","Limited","Reactor - Adv.","Fuel - Adv."
"USA",2085,"Nuclear - SMR - MSR",91.6040222222222,"Nuclear - SMR - MSR","TWh","Limited Trade - Adv. Nuc","Limited","Reactor - Adv.","Fuel - Adv."
"USA",2085,"Nuclear - SMR - PWR modular",98.6418888888889,"Nuclear - SMR - PWR modular","TWh","Limited Trade - Adv. Nuc","Limited","Reactor - Adv.","Fuel - Adv."
"USA",2085,"Nuclear - SMR - SFR",188.600305555556,"Nuclear - SMR - SFR","TWh","Limited Trade - Adv. Nuc","Limited","Reactor - Adv.","Fuel - Adv."
"USA",2090,"Nuclear - Large - PWR",1511.63330555556,"Nuclear - Large - PWR","TWh","Limited Trade - Adv. Nuc","Limited","Reactor - Adv.","Fuel - Adv."
"USA",2090,"Nuclear - Legacy",9.31819444444444,"Nuclear - Legacy","TWh","Limited Trade - Adv. Nuc","Limited","Reactor - Adv.","Fuel - Adv."
"USA",2090,"Nuclear - SMR - BWR",598.368083333333,"Nuclear - SMR - BWR","TWh","Limited Trade - Adv. Nuc","Limited","Reactor - Adv.","Fuel - Adv."
"USA",2090,"Nuclear - SMR - HTGR",372.816722222222,"Nuclear - SMR - HTGR","TWh","Limited Trade - Adv. Nuc","Limited","Reactor - Adv.","Fuel - Adv."
"USA",2090,"Nuclear - SMR - MSR",103.283744444444,"Nuclear - SMR - MSR","TWh","Limited Trade - Adv. Nuc","Limited","Reactor - Adv.","Fuel - Adv."
"USA",2090,"Nuclear - SMR - PWR modular",108.231055555556,"Nuclear - SMR - PWR modular","TWh","Limited Trade - Adv. Nuc","Limited","Reactor - Adv.","Fuel - Adv."
"USA",2090,"Nuclear - SMR - SFR",209.001277777778,"Nuclear - SMR - SFR","TWh","Limited Trade - Adv. Nuc","Limited","Reactor - Adv.","Fuel - Adv."
"USA",2095,"Nuclear - Large - PWR",1595.24916666667,"Nuclear - Large - PWR","TWh","Limited Trade - Adv. Nuc","Limited","Reactor - Adv.","Fuel - Adv."
"USA",2095,"Nuclear - Legacy",9.31422222222222,"Nuclear - Legacy","TWh","Limited Trade - Adv. Nuc","Limited","Reactor - Adv.","Fuel - Adv."
"USA",2095,"Nuclear - SMR - BWR",636.449555555556,"Nuclear - SMR - BWR","TWh","Limited Trade - Adv. Nuc","Limited","Reactor - Adv.","Fuel - Adv."
"USA",2095,"Nuclear - SMR - HTGR",404.234805555556,"Nuclear - SMR - HTGR","TWh","Limited Trade - Adv. Nuc","Limited","Reactor - Adv.","Fuel - Adv."
"USA",2095,"Nuclear - SMR - MSR",116.041227777778,"Nuclear - SMR - MSR","TWh","Limited Trade - Adv. Nuc","Limited","Reactor - Adv.","Fuel - Adv."
"USA",2095,"Nuclear - SMR - PWR modular",116.337027777778,"Nuclear - SMR - PWR modular","TWh","Limited Trade - Adv. Nuc","Limited","Reactor - Adv.","Fuel - Adv."
"USA",2095,"Nuclear - SMR - SFR",229.071805555556,"Nuclear - SMR - SFR","TWh","Limited Trade - Adv. Nuc","Limited","Reactor - Adv.","Fuel - Adv."
"USA",2100,"Nuclear - Large - PWR",1640.29472222222,"Nuclear - Large - PWR","TWh","Limited Trade - Adv. Nuc","Limited","Reactor - Adv.","Fuel - Adv."
"USA",2100,"Nuclear - SMR - BWR",667.547972222222,"Nuclear - SMR - BWR","TWh","Limited Trade - Adv. Nuc","Limited","Reactor - Adv.","Fuel - Adv."
"USA",2100,"Nuclear - SMR - HTGR",431.682277777778,"Nuclear - SMR - HTGR","TWh","Limited Trade - Adv. Nuc","Limited","Reactor - Adv.","Fuel - Adv."
"USA",2100,"Nuclear - SMR - MSR",128.889444444444,"Nuclear - SMR - MSR","TWh","Limited Trade - Adv. Nuc","Limited","Reactor - Adv.","Fuel - Adv."
"USA",2100,"Nuclear - SMR - PWR modular",123.307416666667,"Nuclear - SMR - PWR modular","TWh","Limited Trade - Adv. Nuc","Limited","Reactor - Adv.","Fuel - Adv."
"USA",2100,"Nuclear - SMR - SFR",246.197,"Nuclear - SMR - SFR","TWh","Limited Trade - Adv. Nuc","Limited","Reactor - Adv.","Fuel - Adv."
"USA",2021,"Nuclear - Legacy",811.5533,"Nuclear - Legacy","TWh","Limited Trade - Adv. Reactor","Limited","Reactor - Adv.","Fuel - Mod."
"USA",2025,"Nuclear - Large - PWR",18.3333333333333,"Nuclear - Large - PWR","TWh","Limited Trade - Adv. Reactor","Limited","Reactor - Adv.","Fuel - Mod."
"USA",2025,"Nuclear - Legacy",808.465805555556,"Nuclear - Legacy","TWh","Limited Trade - Adv. Reactor","Limited","Reactor - Adv.","Fuel - Mod."
"USA",2030,"Nuclear - Large - PWR",31.0699444444444,"Nuclear - Large - PWR","TWh","Limited Trade - Adv. Reactor","Limited","Reactor - Adv.","Fuel - Mod."
"USA",2030,"Nuclear - Legacy",808.33875,"Nuclear - Legacy","TWh","Limited Trade - Adv. Reactor","Limited","Reactor - Adv.","Fuel - Mod."
"USA",2035,"Nuclear - Large - PWR",55.9690555555555,"Nuclear - Large - PWR","TWh","Limited Trade - Adv. Reactor","Limited","Reactor - Adv.","Fuel - Mod."
"USA",2035,"Nuclear - Legacy",788.568416666667,"Nuclear - Legacy","TWh","Limited Trade - Adv. Reactor","Limited","Reactor - Adv.","Fuel - Mod."
"USA",2035,"Nuclear - SMR - BWR",3.52533333333333,"Nuclear - SMR - BWR","TWh","Limited Trade - Adv. Reactor","Limited","Reactor - Adv.","Fuel - Mod."
"USA",2035,"Nuclear - SMR - HTGR",2.98755555555556,"Nuclear - SMR - HTGR","TWh","Limited Trade - Adv. Reactor","Limited","Reactor - Adv.","Fuel - Mod."
"USA",2035,"Nuclear - SMR - MSR",1.51417777777778,"Nuclear - SMR - MSR","TWh","Limited Trade - Adv. Reactor","Limited","Reactor - Adv.","Fuel - Mod."
"USA",2035,"Nuclear - SMR - PWR modular",2.91391666666667,"Nuclear - SMR - PWR modular","TWh","Limited Trade - Adv. Reactor","Limited","Reactor - Adv.","Fuel - Mod."
"USA",2035,"Nuclear - SMR - SFR",2.96372222222222,"Nuclear - SMR - SFR","TWh","Limited Trade - Adv. Reactor","Limited","Reactor - Adv.","Fuel - Mod."
"USA",2040,"Nuclear - Large - PWR",111.284638888889,"Nuclear - Large - PWR","TWh","Limited Trade - Adv. Reactor","Limited","Reactor - Adv.","Fuel - Mod."
"USA",2040,"Nuclear - Legacy",787.746333333333,"Nuclear - Legacy","TWh","Limited Trade - Adv. Reactor","Limited","Reactor - Adv.","Fuel - Mod."
"USA",2040,"Nuclear - SMR - BWR",11.4856111111111,"Nuclear - SMR - BWR","TWh","Limited Trade - Adv. Reactor","Limited","Reactor - Adv.","Fuel - Mod."
"USA",2040,"Nuclear - SMR - HTGR",8.15513888888889,"Nuclear - SMR - HTGR","TWh","Limited Trade - Adv. Reactor","Limited","Reactor - Adv.","Fuel - Mod."
"USA",2040,"Nuclear - SMR - MSR",3.59073611111111,"Nuclear - SMR - MSR","TWh","Limited Trade - Adv. Reactor","Limited","Reactor - Adv.","Fuel - Mod."
"USA",2040,"Nuclear - SMR - PWR modular",6.90622222222222,"Nuclear - SMR - PWR modular","TWh","Limited Trade - Adv. Reactor","Limited","Reactor - Adv.","Fuel - Mod."
"USA",2040,"Nuclear - SMR - SFR",7.39913888888889,"Nuclear - SMR - SFR","TWh","Limited Trade - Adv. Reactor","Limited","Reactor - Adv.","Fuel - Mod."
"USA",2045,"Nuclear - Large - PWR",178.575333333333,"Nuclear - Large - PWR","TWh","Limited Trade - Adv. Reactor","Limited","Reactor - Adv.","Fuel - Mod."
"USA",2045,"Nuclear - Legacy",786.674638888889,"Nuclear - Legacy","TWh","Limited Trade - Adv. Reactor","Limited","Reactor - Adv.","Fuel - Mod."
"USA",2045,"Nuclear - SMR - BWR",27.5398611111111,"Nuclear - SMR - BWR","TWh","Limited Trade - Adv. Reactor","Limited","Reactor - Adv.","Fuel - Mod."
"USA",2045,"Nuclear - SMR - HTGR",16.7049166666667,"Nuclear - SMR - HTGR","TWh","Limited Trade - Adv. Reactor","Limited","Reactor - Adv.","Fuel - Mod."
"USA",2045,"Nuclear - SMR - MSR",6.07953333333333,"Nuclear - SMR - MSR","TWh","Limited Trade - Adv. Reactor","Limited","Reactor - Adv.","Fuel - Mod."
"USA",2045,"Nuclear - SMR - PWR modular",11.1535555555556,"Nuclear - SMR - PWR modular","TWh","Limited Trade - Adv. Reactor","Limited","Reactor - Adv.","Fuel - Mod."
"USA",2045,"Nuclear - SMR - SFR",13.7965277777778,"Nuclear - SMR - SFR","TWh","Limited Trade - Adv. Reactor","Limited","Reactor - Adv.","Fuel - Mod."
"USA",2050,"Nuclear - Large - PWR",296.331444444444,"Nuclear - Large - PWR","TWh","Limited Trade - Adv. Reactor","Limited","Reactor - Adv.","Fuel - Mod."
"USA",2050,"Nuclear - Legacy",757.232444444444,"Nuclear - Legacy","TWh","Limited Trade - Adv. Reactor","Limited","Reactor - Adv.","Fuel - Mod."
"USA",2050,"Nuclear - SMR - BWR",69.94575,"Nuclear - SMR - BWR","TWh","Limited Trade - Adv. Reactor","Limited","Reactor - Adv.","Fuel - Mod."
"USA",2050,"Nuclear - SMR - HTGR",36.18025,"Nuclear - SMR - HTGR","TWh","Limited Trade - Adv. Reactor","Limited","Reactor - Adv.","Fuel - Mod."
"USA",2050,"Nuclear - SMR - MSR",10.3096388888889,"Nuclear - SMR - MSR","TWh","Limited Trade - Adv. Reactor","Limited","Reactor - Adv.","Fuel - Mod."
"USA",2050,"Nuclear - SMR - PWR modular",18.50925,"Nuclear - SMR - PWR modular","TWh","Limited Trade - Adv. Reactor","Limited","Reactor - Adv.","Fuel - Mod."
"USA",2050,"Nuclear - SMR - SFR",26.3767222222222,"Nuclear - SMR - SFR","TWh","Limited Trade - Adv. Reactor","Limited","Reactor - Adv.","Fuel - Mod."
"USA",2055,"Nuclear - Large - PWR",400.813638888889,"Nuclear - Large - PWR","TWh","Limited Trade - Adv. Reactor","Limited","Reactor - Adv.","Fuel - Mod."
"USA",2055,"Nuclear - Legacy",537.065611111111,"Nuclear - Legacy","TWh","Limited Trade - Adv. Reactor","Limited","Reactor - Adv.","Fuel - Mod."
"USA",2055,"Nuclear - SMR - BWR",125.192166666667,"Nuclear - SMR - BWR","TWh","Limited Trade - Adv. Reactor","Limited","Reactor - Adv.","Fuel - Mod."
"USA",2055,"Nuclear - SMR - HTGR",58.6331944444444,"Nuclear - SMR - HTGR","TWh","Limited Trade - Adv. Reactor","Limited","Reactor - Adv.","Fuel - Mod."
"USA",2055,"Nuclear - SMR - MSR",13.675675,"Nuclear - SMR - MSR","TWh","Limited Trade - Adv. Reactor","Limited","Reactor - Adv.","Fuel - Mod."
"USA",2055,"Nuclear - SMR - PWR modular",25.0271388888889,"Nuclear - SMR - PWR modular","TWh","Limited Trade - Adv. Reactor","Limited","Reactor - Adv.","Fuel - Mod."
"USA",2055,"Nuclear - SMR - SFR",38.7844722222222,"Nuclear - SMR - SFR","TWh","Limited Trade - Adv. Reactor","Limited","Reactor - Adv.","Fuel - Mod."
"USA",2060,"Nuclear - Large - PWR",493.609027777778,"Nuclear - Large - PWR","TWh","Limited Trade - Adv. Reactor","Limited","Reactor - Adv.","Fuel - Mod."
"USA",2060,"Nuclear - Legacy",417.663861111111,"Nuclear - Legacy","TWh","Limited Trade - Adv. Reactor","Limited","Reactor - Adv.","Fuel - Mod."
"USA",2060,"Nuclear - SMR - BWR",185.676888888889,"Nuclear - SMR - BWR","TWh","Limited Trade - Adv. Reactor","Limited","Reactor - Adv.","Fuel - Mod."
"USA",2060,"Nuclear - SMR - HTGR",81.7480833333333,"Nuclear - SMR - HTGR","TWh","Limited Trade - Adv. Reactor","Limited","Reactor - Adv.","Fuel - Mod."
"USA",2060,"Nuclear - SMR - MSR",16.4326333333333,"Nuclear - SMR - MSR","TWh","Limited Trade - Adv. Reactor","Limited","Reactor - Adv.","Fuel - Mod."
"USA",2060,"Nuclear - SMR - PWR modular",30.8148055555556,"Nuclear - SMR - PWR modular","TWh","Limited Trade - Adv. Reactor","Limited","Reactor - Adv.","Fuel - Mod."
"USA",2060,"Nuclear - SMR - SFR",50.4018333333333,"Nuclear - SMR - SFR","TWh","Limited Trade - Adv. Reactor","Limited","Reactor - Adv.","Fuel - Mod."
"USA",2065,"Nuclear - Large - PWR",595.734166666667,"Nuclear - Large - PWR","TWh","Limited Trade - Adv. Reactor","Limited","Reactor - Adv.","Fuel - Mod."
"USA",2065,"Nuclear - Legacy",238.839777777778,"Nuclear - Legacy","TWh","Limited Trade - Adv. Reactor","Limited","Reactor - Adv.","Fuel - Mod."
"USA",2065,"Nuclear - SMR - BWR",258.073333333333,"Nuclear - SMR - BWR","TWh","Limited Trade - Adv. Reactor","Limited","Reactor - Adv.","Fuel - Mod."
"USA",2065,"Nuclear - SMR - HTGR",109.307,"Nuclear - SMR - HTGR","TWh","Limited Trade - Adv. Reactor","Limited","Reactor - Adv.","Fuel - Mod."
"USA",2065,"Nuclear - SMR - MSR",19.5447944444444,"Nuclear - SMR - MSR","TWh","Limited Trade - Adv. Reactor","Limited","Reactor - Adv.","Fuel - Mod."
"USA",2065,"Nuclear - SMR - PWR modular",37.2255833333333,"Nuclear - SMR - PWR modular","TWh","Limited Trade - Adv. Reactor","Limited","Reactor - Adv.","Fuel - Mod."
"USA",2065,"Nuclear - SMR - SFR",63.5499444444444,"Nuclear - SMR - SFR","TWh","Limited Trade - Adv. Reactor","Limited","Reactor - Adv.","Fuel - Mod."
"USA",2070,"Nuclear - Large - PWR",701.839222222222,"Nuclear - Large - PWR","TWh","Limited Trade - Adv. Reactor","Limited","Reactor - Adv.","Fuel - Mod."
"USA",2070,"Nuclear - Legacy",46.2126388888889,"Nuclear - Legacy","TWh","Limited Trade - Adv. Reactor","Limited","Reactor - Adv.","Fuel - Mod."
"USA",2070,"Nuclear - SMR - BWR",325.797305555556,"Nuclear - SMR - BWR","TWh","Limited Trade - Adv. Reactor","Limited","Reactor - Adv.","Fuel - Mod."
"USA",2070,"Nuclear - SMR - HTGR",140.766444444444,"Nuclear - SMR - HTGR","TWh","Limited Trade - Adv. Reactor","Limited","Reactor - Adv.","Fuel - Mod."
"USA",2070,"Nuclear - SMR - MSR",22.8975805555556,"Nuclear - SMR - MSR","TWh","Limited Trade - Adv. Reactor","Limited","Reactor - Adv.","Fuel - Mod."
"USA",2070,"Nuclear - SMR - PWR modular",44.1358611111111,"Nuclear - SMR - PWR modular","TWh","Limited Trade - Adv. Reactor","Limited","Reactor - Adv.","Fuel - Mod."
"USA",2070,"Nuclear - SMR - SFR",77.9483055555555,"Nuclear - SMR - SFR","TWh","Limited Trade - Adv. Reactor","Limited","Reactor - Adv.","Fuel - Mod."
"USA",2075,"Nuclear - Large - PWR",806.050861111111,"Nuclear - Large - PWR","TWh","Limited Trade - Adv. Reactor","Limited","Reactor - Adv.","Fuel - Mod."
"USA",2075,"Nuclear - Legacy",18.0639166666667,"Nuclear - Legacy","TWh","Limited Trade - Adv. Reactor","Limited","Reactor - Adv.","Fuel - Mod."
"USA",2075,"Nuclear - SMR - BWR",387.215944444444,"Nuclear - SMR - BWR","TWh","Limited Trade - Adv. Reactor","Limited","Reactor - Adv.","Fuel - Mod."
"USA",2075,"Nuclear - SMR - HTGR",174.409,"Nuclear - SMR - HTGR","TWh","Limited Trade - Adv. Reactor","Limited","Reactor - Adv.","Fuel - Mod."
"USA",2075,"Nuclear - SMR - MSR",26.2952944444444,"Nuclear - SMR - MSR","TWh","Limited Trade - Adv. Reactor","Limited","Reactor - Adv.","Fuel - Mod."
"USA",2075,"Nuclear - SMR - PWR modular",51.1939444444444,"Nuclear - SMR - PWR modular","TWh","Limited Trade - Adv. Reactor","Limited","Reactor - Adv.","Fuel - Mod."
"USA",2075,"Nuclear - SMR - SFR",92.8281388888889,"Nuclear - SMR - SFR","TWh","Limited Trade - Adv. Reactor","Limited","Reactor - Adv.","Fuel - Mod."
"USA",2080,"Nuclear - Large - PWR",931.9055,"Nuclear - Large - PWR","TWh","Limited Trade - Adv. Reactor","Limited","Reactor - Adv.","Fuel - Mod."
"USA",2080,"Nuclear - Legacy",9.21288888888889,"Nuclear - Legacy","TWh","Limited Trade - Adv. Reactor","Limited","Reactor - Adv.","Fuel - Mod."
"USA",2080,"Nuclear - SMR - BWR",458.671277777778,"Nuclear - SMR - BWR","TWh","Limited Trade - Adv. Reactor","Limited","Reactor - Adv.","Fuel - Mod."
"USA",2080,"Nuclear - SMR - HTGR",219.15575,"Nuclear - SMR - HTGR","TWh","Limited Trade - Adv. Reactor","Limited","Reactor - Adv.","Fuel - Mod."
"USA",2080,"Nuclear - SMR - MSR",30.6446111111111,"Nuclear - SMR - MSR","TWh","Limited Trade - Adv. Reactor","Limited","Reactor - Adv.","Fuel - Mod."
"USA",2080,"Nuclear - SMR - PWR modular",60.2517222222222,"Nuclear - SMR - PWR modular","TWh","Limited Trade - Adv. Reactor","Limited","Reactor - Adv.","Fuel - Mod."
"USA",2080,"Nuclear - SMR - SFR",112.065583333333,"Nuclear - SMR - SFR","TWh","Limited Trade - Adv. Reactor","Limited","Reactor - Adv.","Fuel - Mod."
"USA",2085,"Nuclear - Large - PWR",1024.65452777778,"Nuclear - Large - PWR","TWh","Limited Trade - Adv. Reactor","Limited","Reactor - Adv.","Fuel - Mod."
"USA",2085,"Nuclear - Legacy",9.21094444444444,"Nuclear - Legacy","TWh","Limited Trade - Adv. Reactor","Limited","Reactor - Adv.","Fuel - Mod."
"USA",2085,"Nuclear - SMR - BWR",510.192777777778,"Nuclear - SMR - BWR","TWh","Limited Trade - Adv. Reactor","Limited","Reactor - Adv.","Fuel - Mod."
"USA",2085,"Nuclear - SMR - HTGR",253.017722222222,"Nuclear - SMR - HTGR","TWh","Limited Trade - Adv. Reactor","Limited","Reactor - Adv.","Fuel - Mod."
"USA",2085,"Nuclear - SMR - MSR",33.8388,"Nuclear - SMR - MSR","TWh","Limited Trade - Adv. Reactor","Limited","Reactor - Adv.","Fuel - Mod."
"USA",2085,"Nuclear - SMR - PWR modular",67.5197777777778,"Nuclear - SMR - PWR modular","TWh","Limited Trade - Adv. Reactor","Limited","Reactor - Adv.","Fuel - Mod."
"USA",2085,"Nuclear - SMR - SFR",127.647861111111,"Nuclear - SMR - SFR","TWh","Limited Trade - Adv. Reactor","Limited","Reactor - Adv.","Fuel - Mod."
"USA",2090,"Nuclear - Large - PWR",1088.74619444444,"Nuclear - Large - PWR","TWh","Limited Trade - Adv. Reactor","Limited","Reactor - Adv.","Fuel - Mod."
"USA",2090,"Nuclear - Legacy",9.20466666666667,"Nuclear - Legacy","TWh","Limited Trade - Adv. Reactor","Limited","Reactor - Adv.","Fuel - Mod."
"USA",2090,"Nuclear - SMR - BWR",551.945138888889,"Nuclear - SMR - BWR","TWh","Limited Trade - Adv. Reactor","Limited","Reactor - Adv.","Fuel - Mod."
"USA",2090,"Nuclear - SMR - HTGR",280.489166666667,"Nuclear - SMR - HTGR","TWh","Limited Trade - Adv. Reactor","Limited","Reactor - Adv.","Fuel - Mod."
"USA",2090,"Nuclear - SMR - MSR",36.4918805555556,"Nuclear - SMR - MSR","TWh","Limited Trade - Adv. Reactor","Limited","Reactor - Adv.","Fuel - Mod."
"USA",2090,"Nuclear - SMR - PWR modular",73.9176388888889,"Nuclear - SMR - PWR modular","TWh","Limited Trade - Adv. Reactor","Limited","Reactor - Adv.","Fuel - Mod."
"USA",2090,"Nuclear - SMR - SFR",141.447722222222,"Nuclear - SMR - SFR","TWh","Limited Trade - Adv. Reactor","Limited","Reactor - Adv.","Fuel - Mod."
"USA",2095,"Nuclear - Large - PWR",1149.35916666667,"Nuclear - Large - PWR","TWh","Limited Trade - Adv. Reactor","Limited","Reactor - Adv.","Fuel - Mod."
"USA",2095,"Nuclear - Legacy",9.19208333333333,"Nuclear - Legacy","TWh","Limited Trade - Adv. Reactor","Limited","Reactor - Adv.","Fuel - Mod."
"USA",2095,"Nuclear - SMR - BWR",594.007333333333,"Nuclear - SMR - BWR","TWh","Limited Trade - Adv. Reactor","Limited","Reactor - Adv.","Fuel - Mod."
"USA",2095,"Nuclear - SMR - HTGR",307.585055555556,"Nuclear - SMR - HTGR","TWh","Limited Trade - Adv. Reactor","Limited","Reactor - Adv.","Fuel - Mod."
"USA",2095,"Nuclear - SMR - MSR",38.2032722222222,"Nuclear - SMR - MSR","TWh","Limited Trade - Adv. Reactor","Limited","Reactor - Adv.","Fuel - Mod."
"USA",2095,"Nuclear - SMR - PWR modular",78.5747222222222,"Nuclear - SMR - PWR modular","TWh","Limited Trade - Adv. Reactor","Limited","Reactor - Adv.","Fuel - Mod."
"USA",2095,"Nuclear - SMR - SFR",154.746083333333,"Nuclear - SMR - SFR","TWh","Limited Trade - Adv. Reactor","Limited","Reactor - Adv.","Fuel - Mod."
"USA",2100,"Nuclear - Large - PWR",1176.235,"Nuclear - Large - PWR","TWh","Limited Trade - Adv. Reactor","Limited","Reactor - Adv.","Fuel - Mod."
"USA",2100,"Nuclear - SMR - BWR",628.686833333333,"Nuclear - SMR - BWR","TWh","Limited Trade - Adv. Reactor","Limited","Reactor - Adv.","Fuel - Mod."
"USA",2100,"Nuclear - SMR - HTGR",330.558805555556,"Nuclear - SMR - HTGR","TWh","Limited Trade - Adv. Reactor","Limited","Reactor - Adv.","Fuel - Mod."
"USA",2100,"Nuclear - SMR - MSR",39.3004388888889,"Nuclear - SMR - MSR","TWh","Limited Trade - Adv. Reactor","Limited","Reactor - Adv.","Fuel - Mod."
"USA",2100,"Nuclear - SMR - PWR modular",82.1803055555555,"Nuclear - SMR - PWR modular","TWh","Limited Trade - Adv. Reactor","Limited","Reactor - Adv.","Fuel - Mod."
"USA",2100,"Nuclear - SMR - SFR",166.63975,"Nuclear - SMR - SFR","TWh","Limited Trade - Adv. Reactor","Limited","Reactor - Adv.","Fuel - Mod."
"USA",2021,"Nuclear - Legacy",811.5533,"Nuclear - Legacy","TWh","Unrestricted Trade","Unrestricted","Reactor - Mod.","Fuel - Mod."
"USA",2025,"Nuclear - Large - PWR",18.3333333333333,"Nuclear - Large - PWR","TWh","Unrestricted Trade","Unrestricted","Reactor - Mod.","Fuel - Mod."
"USA",2025,"Nuclear - Legacy",808.465805555556,"Nuclear - Legacy","TWh","Unrestricted Trade","Unrestricted","Reactor - Mod.","Fuel - Mod."
"USA",2030,"Nuclear - Large - PWR",31.0335,"Nuclear - Large - PWR","TWh","Unrestricted Trade","Unrestricted","Reactor - Mod.","Fuel - Mod."
"USA",2030,"Nuclear - Legacy",808.328027777778,"Nuclear - Legacy","TWh","Unrestricted Trade","Unrestricted","Reactor - Mod.","Fuel - Mod."
"USA",2035,"Nuclear - Large - PWR",54.5464166666667,"Nuclear - Large - PWR","TWh","Unrestricted Trade","Unrestricted","Reactor - Mod.","Fuel - Mod."
"USA",2035,"Nuclear - Legacy",788.568138888889,"Nuclear - Legacy","TWh","Unrestricted Trade","Unrestricted","Reactor - Mod.","Fuel - Mod."
"USA",2035,"Nuclear - SMR - BWR",3.51430555555556,"Nuclear - SMR - BWR","TWh","Unrestricted Trade","Unrestricted","Reactor - Mod.","Fuel - Mod."
"USA",2035,"Nuclear - SMR - HTGR",2.97838888888889,"Nuclear - SMR - HTGR","TWh","Unrestricted Trade","Unrestricted","Reactor - Mod.","Fuel - Mod."
"USA",2035,"Nuclear - SMR - MSR",1.50920277777778,"Nuclear - SMR - MSR","TWh","Unrestricted Trade","Unrestricted","Reactor - Mod.","Fuel - Mod."
"USA",2035,"Nuclear - SMR - PWR modular",2.90419444444444,"Nuclear - SMR - PWR modular","TWh","Unrestricted Trade","Unrestricted","Reactor - Mod.","Fuel - Mod."
"USA",2035,"Nuclear - SMR - SFR",2.95427777777778,"Nuclear - SMR - SFR","TWh","Unrestricted Trade","Unrestricted","Reactor - Mod.","Fuel - Mod."
"USA",2040,"Nuclear - Large - PWR",104.964222222222,"Nuclear - Large - PWR","TWh","Unrestricted Trade","Unrestricted","Reactor - Mod.","Fuel - Mod."
"USA",2040,"Nuclear - Legacy",788.510611111111,"Nuclear - Legacy","TWh","Unrestricted Trade","Unrestricted","Reactor - Mod.","Fuel - Mod."
"USA",2040,"Nuclear - SMR - BWR",10.7921944444444,"Nuclear - SMR - BWR","TWh","Unrestricted Trade","Unrestricted","Reactor - Mod.","Fuel - Mod."
"USA",2040,"Nuclear - SMR - HTGR",8.23713888888889,"Nuclear - SMR - HTGR","TWh","Unrestricted Trade","Unrestricted","Reactor - Mod.","Fuel - Mod."
"USA",2040,"Nuclear - SMR - MSR",3.89265555555556,"Nuclear - SMR - MSR","TWh","Unrestricted Trade","Unrestricted","Reactor - Mod.","Fuel - Mod."
"USA",2040,"Nuclear - SMR - PWR modular",7.51477777777778,"Nuclear - SMR - PWR modular","TWh","Unrestricted Trade","Unrestricted","Reactor - Mod.","Fuel - Mod."
"USA",2040,"Nuclear - SMR - SFR",7.85961111111111,"Nuclear - SMR - SFR","TWh","Unrestricted Trade","Unrestricted","Reactor - Mod.","Fuel - Mod."
"USA",2045,"Nuclear - Large - PWR",166.269444444444,"Nuclear - Large - PWR","TWh","Unrestricted Trade","Unrestricted","Reactor - Mod.","Fuel - Mod."
"USA",2045,"Nuclear - Legacy",788.374555555556,"Nuclear - Legacy","TWh","Unrestricted Trade","Unrestricted","Reactor - Mod.","Fuel - Mod."
"USA",2045,"Nuclear - SMR - BWR",22.2094722222222,"Nuclear - SMR - BWR","TWh","Unrestricted Trade","Unrestricted","Reactor - Mod.","Fuel - Mod."
"USA",2045,"Nuclear - SMR - HTGR",15.8180833333333,"Nuclear - SMR - HTGR","TWh","Unrestricted Trade","Unrestricted","Reactor - Mod.","Fuel - Mod."
"USA",2045,"Nuclear - SMR - MSR",6.86563333333333,"Nuclear - SMR - MSR","TWh","Unrestricted Trade","Unrestricted","Reactor - Mod.","Fuel - Mod."
"USA",2045,"Nuclear - SMR - PWR modular",12.8570555555556,"Nuclear - SMR - PWR modular","TWh","Unrestricted Trade","Unrestricted","Reactor - Mod.","Fuel - Mod."
"USA",2045,"Nuclear - SMR - SFR",14.6569444444444,"Nuclear - SMR - SFR","TWh","Unrestricted Trade","Unrestricted","Reactor - Mod.","Fuel - Mod."
"USA",2050,"Nuclear - Large - PWR",279.762388888889,"Nuclear - Large - PWR","TWh","Unrestricted Trade","Unrestricted","Reactor - Mod.","Fuel - Mod."
"USA",2050,"Nuclear - Legacy",760.787166666667,"Nuclear - Legacy","TWh","Unrestricted Trade","Unrestricted","Reactor - Mod.","Fuel - Mod."
"USA",2050,"Nuclear - SMR - BWR",47.7851666666667,"Nuclear - SMR - BWR","TWh","Unrestricted Trade","Unrestricted","Reactor - Mod.","Fuel - Mod."
"USA",2050,"Nuclear - SMR - HTGR",31.8645833333333,"Nuclear - SMR - HTGR","TWh","Unrestricted Trade","Unrestricted","Reactor - Mod.","Fuel - Mod."
"USA",2050,"Nuclear - SMR - MSR",12.4124638888889,"Nuclear - SMR - MSR","TWh","Unrestricted Trade","Unrestricted","Reactor - Mod.","Fuel - Mod."
"USA",2050,"Nuclear - SMR - PWR modular",22.9884444444444,"Nuclear - SMR - PWR modular","TWh","Unrestricted Trade","Unrestricted","Reactor - Mod.","Fuel - Mod."
"USA",2050,"Nuclear - SMR - SFR",28.3115833333333,"Nuclear - SMR - SFR","TWh","Unrestricted Trade","Unrestricted","Reactor - Mod.","Fuel - Mod."
"USA",2055,"Nuclear - Large - PWR",364.378611111111,"Nuclear - Large - PWR","TWh","Unrestricted Trade","Unrestricted","Reactor - Mod.","Fuel - Mod."
"USA",2055,"Nuclear - Legacy",539.597,"Nuclear - Legacy","TWh","Unrestricted Trade","Unrestricted","Reactor - Mod.","Fuel - Mod."
"USA",2055,"Nuclear - SMR - BWR",73.5741111111111,"Nuclear - SMR - BWR","TWh","Unrestricted Trade","Unrestricted","Reactor - Mod.","Fuel - Mod."
"USA",2055,"Nuclear - SMR - HTGR",46.9970555555556,"Nuclear - SMR - HTGR","TWh","Unrestricted Trade","Unrestricted","Reactor - Mod.","Fuel - Mod."
"USA",2055,"Nuclear - SMR - MSR",16.2114083333333,"Nuclear - SMR - MSR","TWh","Unrestricted Trade","Unrestricted","Reactor - Mod.","Fuel - Mod."
"USA",2055,"Nuclear - SMR - PWR modular",30.6796944444444,"Nuclear - SMR - PWR modular","TWh","Unrestricted Trade","Unrestricted","Reactor - Mod.","Fuel - Mod."
"USA",2055,"Nuclear - SMR - SFR",39.4331944444444,"Nuclear - SMR - SFR","TWh","Unrestricted Trade","Unrestricted","Reactor - Mod.","Fuel - Mod."
"USA",2060,"Nuclear - Large - PWR",434.756222222222,"Nuclear - Large - PWR","TWh","Unrestricted Trade","Unrestricted","Reactor - Mod.","Fuel - Mod."
"USA",2060,"Nuclear - Legacy",419.434916666667,"Nuclear - Legacy","TWh","Unrestricted Trade","Unrestricted","Reactor - Mod.","Fuel - Mod."
"USA",2060,"Nuclear - SMR - BWR",98.7617222222222,"Nuclear - SMR - BWR","TWh","Unrestricted Trade","Unrestricted","Reactor - Mod.","Fuel - Mod."
"USA",2060,"Nuclear - SMR - HTGR",61.2560277777778,"Nuclear - SMR - HTGR","TWh","Unrestricted Trade","Unrestricted","Reactor - Mod.","Fuel - Mod."
"USA",2060,"Nuclear - SMR - MSR",19.1402166666667,"Nuclear - SMR - MSR","TWh","Unrestricted Trade","Unrestricted","Reactor - Mod.","Fuel - Mod."
"USA",2060,"Nuclear - SMR - PWR modular",37.0698333333333,"Nuclear - SMR - PWR modular","TWh","Unrestricted Trade","Unrestricted","Reactor - Mod.","Fuel - Mod."
"USA",2060,"Nuclear - SMR - SFR",49.0190555555556,"Nuclear - SMR - SFR","TWh","Unrestricted Trade","Unrestricted","Reactor - Mod.","Fuel - Mod."
"USA",2065,"Nuclear - Large - PWR",511.010388888889,"Nuclear - Large - PWR","TWh","Unrestricted Trade","Unrestricted","Reactor - Mod.","Fuel - Mod."
"USA",2065,"Nuclear - Legacy",239.831555555556,"Nuclear - Legacy","TWh","Unrestricted Trade","Unrestricted","Reactor - Mod.","Fuel - Mod."
"USA",2065,"Nuclear - SMR - BWR",127.916583333333,"Nuclear - SMR - BWR","TWh","Unrestricted Trade","Unrestricted","Reactor - Mod.","Fuel - Mod."
"USA",2065,"Nuclear - SMR - HTGR",77.4705,"Nuclear - SMR - HTGR","TWh","Unrestricted Trade","Unrestricted","Reactor - Mod.","Fuel - Mod."
"USA",2065,"Nuclear - SMR - MSR",22.4685861111111,"Nuclear - SMR - MSR","TWh","Unrestricted Trade","Unrestricted","Reactor - Mod.","Fuel - Mod."
"USA",2065,"Nuclear - SMR - PWR modular",43.9811388888889,"Nuclear - SMR - PWR modular","TWh","Unrestricted Trade","Unrestricted","Reactor - Mod.","Fuel - Mod."
"USA",2065,"Nuclear - SMR - SFR",59.4948333333333,"Nuclear - SMR - SFR","TWh","Unrestricted Trade","Unrestricted","Reactor - Mod.","Fuel - Mod."
"USA",2070,"Nuclear - Large - PWR",589.986555555555,"Nuclear - Large - PWR","TWh","Unrestricted Trade","Unrestricted","Reactor - Mod.","Fuel - Mod."
"USA",2070,"Nuclear - Legacy",46.3966944444444,"Nuclear - Legacy","TWh","Unrestricted Trade","Unrestricted","Reactor - Mod.","Fuel - Mod."
"USA",2070,"Nuclear - SMR - BWR",159.864972222222,"Nuclear - SMR - BWR","TWh","Unrestricted Trade","Unrestricted","Reactor - Mod.","Fuel - Mod."
"USA",2070,"Nuclear - SMR - HTGR",94.9827777777778,"Nuclear - SMR - HTGR","TWh","Unrestricted Trade","Unrestricted","Reactor - Mod.","Fuel - Mod."
"USA",2070,"Nuclear - SMR - MSR",25.9610694444444,"Nuclear - SMR - MSR","TWh","Unrestricted Trade","Unrestricted","Reactor - Mod.","Fuel - Mod."
"USA",2070,"Nuclear - SMR - PWR modular",51.143,"Nuclear - SMR - PWR modular","TWh","Unrestricted Trade","Unrestricted","Reactor - Mod.","Fuel - Mod."
"USA",2070,"Nuclear - SMR - SFR",70.4526944444444,"Nuclear - SMR - SFR","TWh","Unrestricted Trade","Unrestricted","Reactor - Mod.","Fuel - Mod."
"USA",2075,"Nuclear - Large - PWR",666.637944444444,"Nuclear - Large - PWR","TWh","Unrestricted Trade","Unrestricted","Reactor - Mod.","Fuel - Mod."
"USA",2075,"Nuclear - Legacy",18.1315833333333,"Nuclear - Legacy","TWh","Unrestricted Trade","Unrestricted","Reactor - Mod.","Fuel - Mod."
"USA",2075,"Nuclear - SMR - BWR",192.461888888889,"Nuclear - SMR - BWR","TWh","Unrestricted Trade","Unrestricted","Reactor - Mod.","Fuel - Mod."
"USA",2075,"Nuclear - SMR - HTGR",112.645055555556,"Nuclear - SMR - HTGR","TWh","Unrestricted Trade","Unrestricted","Reactor - Mod.","Fuel - Mod."
"USA",2075,"Nuclear - SMR - MSR",29.3621638888889,"Nuclear - SMR - MSR","TWh","Unrestricted Trade","Unrestricted","Reactor - Mod.","Fuel - Mod."
"USA",2075,"Nuclear - SMR - PWR modular",58.0950833333333,"Nuclear - SMR - PWR modular","TWh","Unrestricted Trade","Unrestricted","Reactor - Mod.","Fuel - Mod."
"USA",2075,"Nuclear - SMR - SFR",81.1865555555556,"Nuclear - SMR - SFR","TWh","Unrestricted Trade","Unrestricted","Reactor - Mod.","Fuel - Mod."
"USA",2080,"Nuclear - Large - PWR",763.184722222222,"Nuclear - Large - PWR","TWh","Unrestricted Trade","Unrestricted","Reactor - Mod.","Fuel - Mod."
"USA",2080,"Nuclear - Legacy",9.24955555555555,"Nuclear - Legacy","TWh","Unrestricted Trade","Unrestricted","Reactor - Mod.","Fuel - Mod."
"USA",2080,"Nuclear - SMR - BWR",234.914777777778,"Nuclear - SMR - BWR","TWh","Unrestricted Trade","Unrestricted","Reactor - Mod.","Fuel - Mod."
"USA",2080,"Nuclear - SMR - HTGR",135.468333333333,"Nuclear - SMR - HTGR","TWh","Unrestricted Trade","Unrestricted","Reactor - Mod.","Fuel - Mod."
"USA",2080,"Nuclear - SMR - MSR",33.7493416666667,"Nuclear - SMR - MSR","TWh","Unrestricted Trade","Unrestricted","Reactor - Mod.","Fuel - Mod."
"USA",2080,"Nuclear - SMR - PWR modular",66.8673333333333,"Nuclear - SMR - PWR modular","TWh","Unrestricted Trade","Unrestricted","Reactor - Mod.","Fuel - Mod."
"USA",2080,"Nuclear - SMR - SFR",94.78575,"Nuclear - SMR - SFR","TWh","Unrestricted Trade","Unrestricted","Reactor - Mod.","Fuel - Mod."
"USA",2085,"Nuclear - Large - PWR",834.943166666667,"Nuclear - Large - PWR","TWh","Unrestricted Trade","Unrestricted","Reactor - Mod.","Fuel - Mod."
"USA",2085,"Nuclear - Legacy",9.24266666666667,"Nuclear - Legacy","TWh","Unrestricted Trade","Unrestricted","Reactor - Mod.","Fuel - Mod."
"USA",2085,"Nuclear - SMR - BWR",268.31675,"Nuclear - SMR - BWR","TWh","Unrestricted Trade","Unrestricted","Reactor - Mod.","Fuel - Mod."
"USA",2085,"Nuclear - SMR - HTGR",153.201861111111,"Nuclear - SMR - HTGR","TWh","Unrestricted Trade","Unrestricted","Reactor - Mod.","Fuel - Mod."
"USA",2085,"Nuclear - SMR - MSR",36.7181638888889,"Nuclear - SMR - MSR","TWh","Unrestricted Trade","Unrestricted","Reactor - Mod.","Fuel - Mod."
"USA",2085,"Nuclear - SMR - PWR modular",73.4353055555556,"Nuclear - SMR - PWR modular","TWh","Unrestricted Trade","Unrestricted","Reactor - Mod.","Fuel - Mod."
"USA",2085,"Nuclear - SMR - SFR",105.092472222222,"Nuclear - SMR - SFR","TWh","Unrestricted Trade","Unrestricted","Reactor - Mod.","Fuel - Mod."
"USA",2090,"Nuclear - Large - PWR",884.127527777778,"Nuclear - Large - PWR","TWh","Unrestricted Trade","Unrestricted","Reactor - Mod.","Fuel - Mod."
"USA",2090,"Nuclear - Legacy",9.23347222222222,"Nuclear - Legacy","TWh","Unrestricted Trade","Unrestricted","Reactor - Mod.","Fuel - Mod."
"USA",2090,"Nuclear - SMR - BWR",297.703027777778,"Nuclear - SMR - BWR","TWh","Unrestricted Trade","Unrestricted","Reactor - Mod.","Fuel - Mod."
"USA",2090,"Nuclear - SMR - HTGR",168.707472222222,"Nuclear - SMR - HTGR","TWh","Unrestricted Trade","Unrestricted","Reactor - Mod.","Fuel - Mod."
"USA",2090,"Nuclear - SMR - MSR",39.1654333333333,"Nuclear - SMR - MSR","TWh","Unrestricted Trade","Unrestricted","Reactor - Mod.","Fuel - Mod."
"USA",2090,"Nuclear - SMR - PWR modular",79.1168055555555,"Nuclear - SMR - PWR modular","TWh","Unrestricted Trade","Unrestricted","Reactor - Mod.","Fuel - Mod."
"USA",2090,"Nuclear - SMR - SFR",114.041555555556,"Nuclear - SMR - SFR","TWh","Unrestricted Trade","Unrestricted","Reactor - Mod.","Fuel - Mod."
"USA",2095,"Nuclear - Large - PWR",930.727777777778,"Nuclear - Large - PWR","TWh","Unrestricted Trade","Unrestricted","Reactor - Mod.","Fuel - Mod."
"USA",2095,"Nuclear - Legacy",9.22038888888889,"Nuclear - Legacy","TWh","Unrestricted Trade","Unrestricted","Reactor - Mod.","Fuel - Mod."
"USA",2095,"Nuclear - SMR - BWR",327.828555555556,"Nuclear - SMR - BWR","TWh","Unrestricted Trade","Unrestricted","Reactor - Mod.","Fuel - Mod."
"USA",2095,"Nuclear - SMR - HTGR",183.440638888889,"Nuclear - SMR - HTGR","TWh","Unrestricted Trade","Unrestricted","Reactor - Mod.","Fuel - Mod."
"USA",2095,"Nuclear - SMR - MSR",40.573275,"Nuclear - SMR - MSR","TWh","Unrestricted Trade","Unrestricted","Reactor - Mod.","Fuel - Mod."
"USA",2095,"Nuclear - SMR - PWR modular",82.7468333333333,"Nuclear - SMR - PWR modular","TWh","Unrestricted Trade","Unrestricted","Reactor - Mod.","Fuel - Mod."
"USA",2095,"Nuclear - SMR - SFR",121.329444444444,"Nuclear - SMR - SFR","TWh","Unrestricted Trade","Unrestricted","Reactor - Mod.","Fuel - Mod."
"USA",2100,"Nuclear - Large - PWR",948.158333333333,"Nuclear - Large - PWR","TWh","Unrestricted Trade","Unrestricted","Reactor - Mod.","Fuel - Mod."
"USA",2100,"Nuclear - SMR - BWR",353.260361111111,"Nuclear - SMR - BWR","TWh","Unrestricted Trade","Unrestricted","Reactor - Mod.","Fuel - Mod."
"USA",2100,"Nuclear - SMR - HTGR",195.342416666667,"Nuclear - SMR - HTGR","TWh","Unrestricted Trade","Unrestricted","Reactor - Mod.","Fuel - Mod."
"USA",2100,"Nuclear - SMR - MSR",41.0276972222222,"Nuclear - SMR - MSR","TWh","Unrestricted Trade","Unrestricted","Reactor - Mod.","Fuel - Mod."
"USA",2100,"Nuclear - SMR - PWR modular",84.4666944444444,"Nuclear - SMR - PWR modular","TWh","Unrestricted Trade","Unrestricted","Reactor - Mod.","Fuel - Mod."
"USA",2100,"Nuclear - SMR - SFR",126.330055555556,"Nuclear - SMR - SFR","TWh","Unrestricted Trade","Unrestricted","Reactor - Mod.","Fuel - Mod."
