"region","year","Technology_detailed","value","Technology","Units","scenario","Trade","ReactorCost","FuelCost"
"USA",2021,"Nuclear - Legacy",811.546555555556,"Nuclear - Legacy","TWh","100% Domestic","100% Domestic","Reactor - Mod.","Fuel - Mod."
"USA",2025,"Nuclear - Large - PWR",18.3333333333333,"Nuclear - Large - PWR","TWh","100% Domestic","100% Domestic","Reactor - Mod.","Fuel - Mod."
"USA",2025,"Nuclear - Legacy",808.447666666667,"Nuclear - Legacy","TWh","100% Domestic","100% Domestic","Reactor - Mod.","Fuel - Mod."
"USA",2030,"Nuclear - Large - PWR",31.0618055555556,"Nuclear - Large - PWR","TWh","100% Domestic","100% Domestic","Reactor - Mod.","Fuel - Mod."
"USA",2030,"Nuclear - Legacy",808.315916666667,"Nuclear - Legacy","TWh","100% Domestic","100% Domestic","Reactor - Mod.","Fuel - Mod."
"USA",2035,"Nuclear - Large - PWR",52.9531666666667,"Nuclear - Large - PWR","TWh","100% Domestic","100% Domestic","Reactor - Mod.","Fuel - Mod."
"USA",2035,"Nuclear - Legacy",788.118833333333,"Nuclear - Legacy","TWh","100% Domestic","100% Domestic","Reactor - Mod.","Fuel - Mod."
"USA",2035,"Nuclear - SMR - BWR",3.42127777777778,"Nuclear - SMR - BWR","TWh","100% Domestic","100% Domestic","Reactor - Mod.","Fuel - Mod."
"USA",2035,"Nuclear - SMR - HTGR",2.87177777777778,"Nuclear - SMR - HTGR","TWh","100% Domestic","100% Domestic","Reactor - Mod.","Fuel - Mod."
"USA",2035,"Nuclear - SMR - MSR",1.40336666666667,"Nuclear - SMR - MSR","TWh","100% Domestic","100% Domestic","Reactor - Mod.","Fuel - Mod."
"USA",2035,"Nuclear - SMR - PWR modular",2.67621666666667,"Nuclear - SMR - PWR modular","TWh","100% Domestic","100% Domestic","Reactor - Mod.","Fuel - Mod."
"USA",2035,"Nuclear - SMR - SFR",2.75758333333333,"Nuclear - SMR - SFR","TWh","100% Domestic","100% Domestic","Reactor - Mod.","Fuel - Mod."
"USA",2040,"Nuclear - Large - PWR",89.9493611111111,"Nuclear - Large - PWR","TWh","100% Domestic","100% Domestic","Reactor - Mod.","Fuel - Mod."
"USA",2040,"Nuclear - Legacy",785.040166666667,"Nuclear - Legacy","TWh","100% Domestic","100% Domestic","Reactor - Mod.","Fuel - Mod."
"USA",2040,"Nuclear - SMR - BWR",9.84925,"Nuclear - SMR - BWR","TWh","100% Domestic","100% Domestic","Reactor - Mod.","Fuel - Mod."
"USA",2040,"Nuclear - SMR - HTGR",7.35994444444444,"Nuclear - SMR - HTGR","TWh","100% Domestic","100% Domestic","Reactor - Mod.","Fuel - Mod."
"USA",2040,"Nuclear - SMR - MSR",3.17432222222222,"Nuclear - SMR - MSR","TWh","100% Domestic","100% Domestic","Reactor - Mod.","Fuel - Mod."
"USA",2040,"Nuclear - SMR - PWR modular",6.07916944444445,"Nuclear - SMR - PWR modular","TWh","100% Domestic","100% Domestic","Reactor - Mod.","Fuel - Mod."
"USA",2040,"Nuclear - SMR - SFR",6.40690555555556,"Nuclear - SMR - SFR","TWh","100% Domestic","100% Domestic","Reactor - Mod.","Fuel - Mod."
"USA",2045,"Nuclear - Large - PWR",129.708833333333,"Nuclear - Large - PWR","TWh","100% Domestic","100% Domestic","Reactor - Mod.","Fuel - Mod."
"USA",2045,"Nuclear - Legacy",782.414805555556,"Nuclear - Legacy","TWh","100% Domestic","100% Domestic","Reactor - Mod.","Fuel - Mod."
"USA",2045,"Nuclear - SMR - BWR",19.3940833333333,"Nuclear - SMR - BWR","TWh","100% Domestic","100% Domestic","Reactor - Mod.","Fuel - Mod."
"USA",2045,"Nuclear - SMR - HTGR",13.4193611111111,"Nuclear - SMR - HTGR","TWh","100% Domestic","100% Domestic","Reactor - Mod.","Fuel - Mod."
"USA",2045,"Nuclear - SMR - MSR",5.00695277777778,"Nuclear - SMR - MSR","TWh","100% Domestic","100% Domestic","Reactor - Mod.","Fuel - Mod."
"USA",2045,"Nuclear - SMR - PWR modular",9.36427222222222,"Nuclear - SMR - PWR modular","TWh","100% Domestic","100% Domestic","Reactor - Mod.","Fuel - Mod."
"USA",2045,"Nuclear - SMR - SFR",10.8004277777778,"Nuclear - SMR - SFR","TWh","100% Domestic","100% Domestic","Reactor - Mod.","Fuel - Mod."
"USA",2050,"Nuclear - Large - PWR",200.544833333333,"Nuclear - Large - PWR","TWh","100% Domestic","100% Domestic","Reactor - Mod.","Fuel - Mod."
"USA",2050,"Nuclear - Legacy",751.343,"Nuclear - Legacy","TWh","100% Domestic","100% Domestic","Reactor - Mod.","Fuel - Mod."
"USA",2050,"Nuclear - SMR - BWR",40.40375,"Nuclear - SMR - BWR","TWh","100% Domestic","100% Domestic","Reactor - Mod.","Fuel - Mod."
"USA",2050,"Nuclear - SMR - HTGR",25.9608055555556,"Nuclear - SMR - HTGR","TWh","100% Domestic","100% Domestic","Reactor - Mod.","Fuel - Mod."
"USA",2050,"Nuclear - SMR - MSR",8.27415555555556,"Nuclear - SMR - MSR","TWh","100% Domestic","100% Domestic","Reactor - Mod.","Fuel - Mod."
"USA",2050,"Nuclear - SMR - PWR modular",15.2179222222222,"Nuclear - SMR - PWR modular","TWh","100% Domestic","100% Domestic","Reactor - Mod.","Fuel - Mod."
"USA",2050,"Nuclear - SMR - SFR",19.0788388888889,"Nuclear - SMR - SFR","TWh","100% Domestic","100% Domestic","Reactor - Mod.","Fuel - Mod."
"USA",2055,"Nuclear - Large - PWR",267.319388888889,"Nuclear - Large - PWR","TWh","100% Domestic","100% Domestic","Reactor - Mod.","Fuel - Mod."
"USA",2055,"Nuclear - Legacy",534.243666666667,"Nuclear - Legacy","TWh","100% Domestic","100% Domestic","Reactor - Mod.","Fuel - Mod."
"USA",2055,"Nuclear - SMR - BWR",63.9245277777778,"Nuclear - SMR - BWR","TWh","100% Domestic","100% Domestic","Reactor - Mod.","Fuel - Mod."
"USA",2055,"Nuclear - SMR - HTGR",39.2993611111111,"Nuclear - SMR - HTGR","TWh","100% Domestic","100% Domestic","Reactor - Mod.","Fuel - Mod."
"USA",2055,"Nuclear - SMR - MSR",11.2420055555556,"Nuclear - SMR - MSR","TWh","100% Domestic","100% Domestic","Reactor - Mod.","Fuel - Mod."
"USA",2055,"Nuclear - SMR - PWR modular",20.7836638888889,"Nuclear - SMR - PWR modular","TWh","100% Domestic","100% Domestic","Reactor - Mod.","Fuel - Mod."
"USA",2055,"Nuclear - SMR - SFR",27.2941833333333,"Nuclear - SMR - SFR","TWh","100% Domestic","100% Domestic","Reactor - Mod.","Fuel - Mod."
"USA",2060,"Nuclear - Large - PWR",329.571777777778,"Nuclear - Large - PWR","TWh","100% Domestic","100% Domestic","Reactor - Mod.","Fuel - Mod."
"USA",2060,"Nuclear - Legacy",415.915638888889,"Nuclear - Legacy","TWh","100% Domestic","100% Domestic","Reactor - Mod.","Fuel - Mod."
"USA",2060,"Nuclear - SMR - BWR",88.2608888888889,"Nuclear - SMR - BWR","TWh","100% Domestic","100% Domestic","Reactor - Mod.","Fuel - Mod."
"USA",2060,"Nuclear - SMR - HTGR",52.7083888888889,"Nuclear - SMR - HTGR","TWh","100% Domestic","100% Domestic","Reactor - Mod.","Fuel - Mod."
"USA",2060,"Nuclear - SMR - MSR",13.9098138888889,"Nuclear - SMR - MSR","TWh","100% Domestic","100% Domestic","Reactor - Mod.","Fuel - Mod."
"USA",2060,"Nuclear - SMR - PWR modular",26.0114055555556,"Nuclear - SMR - PWR modular","TWh","100% Domestic","100% Domestic","Reactor - Mod.","Fuel - Mod."
"USA",2060,"Nuclear - SMR - SFR",35.2096083333333,"Nuclear - SMR - SFR","TWh","100% Domestic","100% Domestic","Reactor - Mod.","Fuel - Mod."
"USA",2065,"Nuclear - Large - PWR",398.808527777778,"Nuclear - Large - PWR","TWh","100% Domestic","100% Domestic","Reactor - Mod.","Fuel - Mod."
"USA",2065,"Nuclear - Legacy",237.980694444444,"Nuclear - Legacy","TWh","100% Domestic","100% Domestic","Reactor - Mod.","Fuel - Mod."
"USA",2065,"Nuclear - SMR - BWR",116.881027777778,"Nuclear - SMR - BWR","TWh","100% Domestic","100% Domestic","Reactor - Mod.","Fuel - Mod."
"USA",2065,"Nuclear - SMR - HTGR",68.2268333333333,"Nuclear - SMR - HTGR","TWh","100% Domestic","100% Domestic","Reactor - Mod.","Fuel - Mod."
"USA",2065,"Nuclear - SMR - MSR",16.9441277777778,"Nuclear - SMR - MSR","TWh","100% Domestic","100% Domestic","Reactor - Mod.","Fuel - Mod."
"USA",2065,"Nuclear - SMR - PWR modular",31.8577472222222,"Nuclear - SMR - PWR modular","TWh","100% Domestic","100% Domestic","Reactor - Mod.","Fuel - Mod."
"USA",2065,"Nuclear - SMR - SFR",44.1603194444444,"Nuclear - SMR - SFR","TWh","100% Domestic","100% Domestic","Reactor - Mod.","Fuel - Mod."
"USA",2070,"Nuclear - Large - PWR",474.268777777778,"Nuclear - Large - PWR","TWh","100% Domestic","100% Domestic","Reactor - Mod.","Fuel - Mod."
"USA",2070,"Nuclear - Legacy",46.1193333333333,"Nuclear - Legacy","TWh","100% Domestic","100% Domestic","Reactor - Mod.","Fuel - Mod."
"USA",2070,"Nuclear - SMR - BWR",149.121055555556,"Nuclear - SMR - BWR","TWh","100% Domestic","100% Domestic","Reactor - Mod.","Fuel - Mod."
"USA",2070,"Nuclear - SMR - HTGR",85.5211111111111,"Nuclear - SMR - HTGR","TWh","100% Domestic","100% Domestic","Reactor - Mod.","Fuel - Mod."
"USA",2070,"Nuclear - SMR - MSR",20.3598833333333,"Nuclear - SMR - MSR","TWh","100% Domestic","100% Domestic","Reactor - Mod.","Fuel - Mod."
"USA",2070,"Nuclear - SMR - PWR modular",38.2812444444444,"Nuclear - SMR - PWR modular","TWh","100% Domestic","100% Domestic","Reactor - Mod.","Fuel - Mod."
"USA",2070,"Nuclear - SMR - SFR",54.039525,"Nuclear - SMR - SFR","TWh","100% Domestic","100% Domestic","Reactor - Mod.","Fuel - Mod."
"USA",2075,"Nuclear - Large - PWR",551.165416666667,"Nuclear - Large - PWR","TWh","100% Domestic","100% Domestic","Reactor - Mod.","Fuel - Mod."
"USA",2075,"Nuclear - Legacy",18.0571666666667,"Nuclear - Legacy","TWh","100% Domestic","100% Domestic","Reactor - Mod.","Fuel - Mod."
"USA",2075,"Nuclear - SMR - BWR",182.956083333333,"Nuclear - SMR - BWR","TWh","100% Domestic","100% Domestic","Reactor - Mod.","Fuel - Mod."
"USA",2075,"Nuclear - SMR - HTGR",103.517166666667,"Nuclear - SMR - HTGR","TWh","100% Domestic","100% Domestic","Reactor - Mod.","Fuel - Mod."
"USA",2075,"Nuclear - SMR - MSR",23.9004361111111,"Nuclear - SMR - MSR","TWh","100% Domestic","100% Domestic","Reactor - Mod.","Fuel - Mod."
"USA",2075,"Nuclear - SMR - PWR modular",44.8783805555556,"Nuclear - SMR - PWR modular","TWh","100% Domestic","100% Domestic","Reactor - Mod.","Fuel - Mod."
"USA",2075,"Nuclear - SMR - SFR",64.2376472222222,"Nuclear - SMR - SFR","TWh","100% Domestic","100% Domestic","Reactor - Mod.","Fuel - Mod."
"USA",2080,"Nuclear - Large - PWR",651.364083333333,"Nuclear - Large - PWR","TWh","100% Domestic","100% Domestic","Reactor - Mod.","Fuel - Mod."
"USA",2080,"Nuclear - Legacy",9.22316666666667,"Nuclear - Legacy","TWh","100% Domestic","100% Domestic","Reactor - Mod.","Fuel - Mod."
"USA",2080,"Nuclear - SMR - BWR",228.246611111111,"Nuclear - SMR - BWR","TWh","100% Domestic","100% Domestic","Reactor - Mod.","Fuel - Mod."
"USA",2080,"Nuclear - SMR - HTGR",127.4405,"Nuclear - SMR - HTGR","TWh","100% Domestic","100% Domestic","Reactor - Mod.","Fuel - Mod."
"USA",2080,"Nuclear - SMR - MSR",28.5427361111111,"Nuclear - SMR - MSR","TWh","100% Domestic","100% Domestic","Reactor - Mod.","Fuel - Mod."
"USA",2080,"Nuclear - SMR - PWR modular",53.5401527777778,"Nuclear - SMR - PWR modular","TWh","100% Domestic","100% Domestic","Reactor - Mod.","Fuel - Mod."
"USA",2080,"Nuclear - SMR - SFR",77.6966138888889,"Nuclear - SMR - SFR","TWh","100% Domestic","100% Domestic","Reactor - Mod.","Fuel - Mod."
"USA",2085,"Nuclear - Large - PWR",726.382944444444,"Nuclear - Large - PWR","TWh","100% Domestic","100% Domestic","Reactor - Mod.","Fuel - Mod."
"USA",2085,"Nuclear - Legacy",9.21652777777778,"Nuclear - Legacy","TWh","100% Domestic","100% Domestic","Reactor - Mod.","Fuel - Mod."
"USA",2085,"Nuclear - SMR - BWR",264.00325,"Nuclear - SMR - BWR","TWh","100% Domestic","100% Domestic","Reactor - Mod.","Fuel - Mod."
"USA",2085,"Nuclear - SMR - HTGR",146.104694444444,"Nuclear - SMR - HTGR","TWh","100% Domestic","100% Domestic","Reactor - Mod.","Fuel - Mod."
"USA",2085,"Nuclear - SMR - MSR",31.7111194444444,"Nuclear - SMR - MSR","TWh","100% Domestic","100% Domestic","Reactor - Mod.","Fuel - Mod."
"USA",2085,"Nuclear - SMR - PWR modular",60.1049166666667,"Nuclear - SMR - PWR modular","TWh","100% Domestic","100% Domestic","Reactor - Mod.","Fuel - Mod."
"USA",2085,"Nuclear - SMR - SFR",88.0234166666667,"Nuclear - SMR - SFR","TWh","100% Domestic","100% Domestic","Reactor - Mod.","Fuel - Mod."
"USA",2090,"Nuclear - Large - PWR",777.097333333333,"Nuclear - Large - PWR","TWh","100% Domestic","100% Domestic","Reactor - Mod.","Fuel - Mod."
"USA",2090,"Nuclear - Legacy",9.19841666666667,"Nuclear - Legacy","TWh","100% Domestic","100% Domestic","Reactor - Mod.","Fuel - Mod."
"USA",2090,"Nuclear - SMR - BWR",295.165333333333,"Nuclear - SMR - BWR","TWh","100% Domestic","100% Domestic","Reactor - Mod.","Fuel - Mod."
"USA",2090,"Nuclear - SMR - HTGR",162.251444444444,"Nuclear - SMR - HTGR","TWh","100% Domestic","100% Domestic","Reactor - Mod.","Fuel - Mod."
"USA",2090,"Nuclear - SMR - MSR",34.2001722222222,"Nuclear - SMR - MSR","TWh","100% Domestic","100% Domestic","Reactor - Mod.","Fuel - Mod."
"USA",2090,"Nuclear - SMR - PWR modular",65.6828138888889,"Nuclear - SMR - PWR modular","TWh","100% Domestic","100% Domestic","Reactor - Mod.","Fuel - Mod."
"USA",2090,"Nuclear - SMR - SFR",96.8686055555556,"Nuclear - SMR - SFR","TWh","100% Domestic","100% Domestic","Reactor - Mod.","Fuel - Mod."
"USA",2095,"Nuclear - Large - PWR",826.647777777778,"Nuclear - Large - PWR","TWh","100% Domestic","100% Domestic","Reactor - Mod.","Fuel - Mod."
"USA",2095,"Nuclear - Legacy",9.17305555555556,"Nuclear - Legacy","TWh","100% Domestic","100% Domestic","Reactor - Mod.","Fuel - Mod."
"USA",2095,"Nuclear - SMR - BWR",327.35125,"Nuclear - SMR - BWR","TWh","100% Domestic","100% Domestic","Reactor - Mod.","Fuel - Mod."
"USA",2095,"Nuclear - SMR - HTGR",177.784361111111,"Nuclear - SMR - HTGR","TWh","100% Domestic","100% Domestic","Reactor - Mod.","Fuel - Mod."
"USA",2095,"Nuclear - SMR - MSR",35.7102944444444,"Nuclear - SMR - MSR","TWh","100% Domestic","100% Domestic","Reactor - Mod.","Fuel - Mod."
"USA",2095,"Nuclear - SMR - PWR modular",69.3871111111111,"Nuclear - SMR - PWR modular","TWh","100% Domestic","100% Domestic","Reactor - Mod.","Fuel - Mod."
"USA",2095,"Nuclear - SMR - SFR",104.19875,"Nuclear - SMR - SFR","TWh","100% Domestic","100% Domestic","Reactor - Mod.","Fuel - Mod."
"USA",2100,"Nuclear - Large - PWR",865.615555555555,"Nuclear - Large - PWR","TWh","100% Domestic","100% Domestic","Reactor - Mod.","Fuel - Mod."
"USA",2100,"Nuclear - SMR - BWR",356.319555555556,"Nuclear - SMR - BWR","TWh","100% Domestic","100% Domestic","Reactor - Mod.","Fuel - Mod."
"USA",2100,"Nuclear - SMR - HTGR",191.850444444444,"Nuclear - SMR - HTGR","TWh","100% Domestic","100% Domestic","Reactor - Mod.","Fuel - Mod."
"USA",2100,"Nuclear - SMR - MSR",37.5830305555556,"Nuclear - SMR - MSR","TWh","100% Domestic","100% Domestic","Reactor - Mod.","Fuel - Mod."
"USA",2100,"Nuclear - SMR - PWR modular",72.8504722222222,"Nuclear - SMR - PWR modular","TWh","100% Domestic","100% Domestic","Reactor - Mod.","Fuel - Mod."
"USA",2100,"Nuclear - SMR - SFR",111.219916666667,"Nuclear - SMR - SFR","TWh","100% Domestic","100% Domestic","Reactor - Mod.","Fuel - Mod."
"USA",2021,"Nuclear - Legacy",811.546555555556,"Nuclear - Legacy","TWh","100% Domestic - Adv. Fuel","100% Domestic","Reactor - Mod.","Fuel - Adv."
"USA",2025,"Nuclear - Large - PWR",18.3333333333333,"Nuclear - Large - PWR","TWh","100% Domestic - Adv. Fuel","100% Domestic","Reactor - Mod.","Fuel - Adv."
"USA",2025,"Nuclear - Legacy",808.449611111111,"Nuclear - Legacy","TWh","100% Domestic - Adv. Fuel","100% Domestic","Reactor - Mod.","Fuel - Adv."
"USA",2030,"Nuclear - Large - PWR",31.1176111111111,"Nuclear - Large - PWR","TWh","100% Domestic - Adv. Fuel","100% Domestic","Reactor - Mod.","Fuel - Adv."
"USA",2030,"Nuclear - Legacy",808.334138888889,"Nuclear - Legacy","TWh","100% Domestic - Adv. Fuel","100% Domestic","Reactor - Mod.","Fuel - Adv."
"USA",2035,"Nuclear - Large - PWR",53.5061111111111,"Nuclear - Large - PWR","TWh","100% Domestic - Adv. Fuel","100% Domestic","Reactor - Mod.","Fuel - Adv."
"USA",2035,"Nuclear - Legacy",788.266722222222,"Nuclear - Legacy","TWh","100% Domestic - Adv. Fuel","100% Domestic","Reactor - Mod.","Fuel - Adv."
"USA",2035,"Nuclear - SMR - BWR",3.4245,"Nuclear - SMR - BWR","TWh","100% Domestic - Adv. Fuel","100% Domestic","Reactor - Mod.","Fuel - Adv."
"USA",2035,"Nuclear - SMR - HTGR",2.92266666666667,"Nuclear - SMR - HTGR","TWh","100% Domestic - Adv. Fuel","100% Domestic","Reactor - Mod.","Fuel - Adv."
"USA",2035,"Nuclear - SMR - MSR",1.52058888888889,"Nuclear - SMR - MSR","TWh","100% Domestic - Adv. Fuel","100% Domestic","Reactor - Mod.","Fuel - Adv."
"USA",2035,"Nuclear - SMR - PWR modular",2.72373055555556,"Nuclear - SMR - PWR modular","TWh","100% Domestic - Adv. Fuel","100% Domestic","Reactor - Mod.","Fuel - Adv."
"USA",2035,"Nuclear - SMR - SFR",2.79147222222222,"Nuclear - SMR - SFR","TWh","100% Domestic - Adv. Fuel","100% Domestic","Reactor - Mod.","Fuel - Adv."
"USA",2040,"Nuclear - Large - PWR",97.2599444444444,"Nuclear - Large - PWR","TWh","100% Domestic - Adv. Fuel","100% Domestic","Reactor - Mod.","Fuel - Adv."
"USA",2040,"Nuclear - Legacy",787.544861111111,"Nuclear - Legacy","TWh","100% Domestic - Adv. Fuel","100% Domestic","Reactor - Mod.","Fuel - Adv."
"USA",2040,"Nuclear - SMR - BWR",10.1934722222222,"Nuclear - SMR - BWR","TWh","100% Domestic - Adv. Fuel","100% Domestic","Reactor - Mod.","Fuel - Adv."
"USA",2040,"Nuclear - SMR - HTGR",7.87430555555556,"Nuclear - SMR - HTGR","TWh","100% Domestic - Adv. Fuel","100% Domestic","Reactor - Mod.","Fuel - Adv."
"USA",2040,"Nuclear - SMR - MSR",3.82036666666667,"Nuclear - SMR - MSR","TWh","100% Domestic - Adv. Fuel","100% Domestic","Reactor - Mod.","Fuel - Adv."
"USA",2040,"Nuclear - SMR - PWR modular",6.717225,"Nuclear - SMR - PWR modular","TWh","100% Domestic - Adv. Fuel","100% Domestic","Reactor - Mod.","Fuel - Adv."
"USA",2040,"Nuclear - SMR - SFR",6.96652777777778,"Nuclear - SMR - SFR","TWh","100% Domestic - Adv. Fuel","100% Domestic","Reactor - Mod.","Fuel - Adv."
"USA",2045,"Nuclear - Large - PWR",148.301222222222,"Nuclear - Large - PWR","TWh","100% Domestic - Adv. Fuel","100% Domestic","Reactor - Mod.","Fuel - Adv."
"USA",2045,"Nuclear - Legacy",787.016666666667,"Nuclear - Legacy","TWh","100% Domestic - Adv. Fuel","100% Domestic","Reactor - Mod.","Fuel - Adv."
"USA",2045,"Nuclear - SMR - BWR",20.5478055555556,"Nuclear - SMR - BWR","TWh","100% Domestic - Adv. Fuel","100% Domestic","Reactor - Mod.","Fuel - Adv."
"USA",2045,"Nuclear - SMR - HTGR",14.9125555555556,"Nuclear - SMR - HTGR","TWh","100% Domestic - Adv. Fuel","100% Domestic","Reactor - Mod.","Fuel - Adv."
"USA",2045,"Nuclear - SMR - MSR",6.73250833333333,"Nuclear - SMR - MSR","TWh","100% Domestic - Adv. Fuel","100% Domestic","Reactor - Mod.","Fuel - Adv."
"USA",2045,"Nuclear - SMR - PWR modular",10.9673861111111,"Nuclear - SMR - PWR modular","TWh","100% Domestic - Adv. Fuel","100% Domestic","Reactor - Mod.","Fuel - Adv."
"USA",2045,"Nuclear - SMR - SFR",12.4211111111111,"Nuclear - SMR - SFR","TWh","100% Domestic - Adv. Fuel","100% Domestic","Reactor - Mod.","Fuel - Adv."
"USA",2050,"Nuclear - Large - PWR",244.899027777778,"Nuclear - Large - PWR","TWh","100% Domestic - Adv. Fuel","100% Domestic","Reactor - Mod.","Fuel - Adv."
"USA",2050,"Nuclear - Legacy",759.169583333333,"Nuclear - Legacy","TWh","100% Domestic - Adv. Fuel","100% Domestic","Reactor - Mod.","Fuel - Adv."
"USA",2050,"Nuclear - SMR - BWR",43.8873333333333,"Nuclear - SMR - BWR","TWh","100% Domestic - Adv. Fuel","100% Domestic","Reactor - Mod.","Fuel - Adv."
"USA",2050,"Nuclear - SMR - HTGR",30.11275,"Nuclear - SMR - HTGR","TWh","100% Domestic - Adv. Fuel","100% Domestic","Reactor - Mod.","Fuel - Adv."
"USA",2050,"Nuclear - SMR - MSR",12.5888472222222,"Nuclear - SMR - MSR","TWh","100% Domestic - Adv. Fuel","100% Domestic","Reactor - Mod.","Fuel - Adv."
"USA",2050,"Nuclear - SMR - PWR modular",19.0760722222222,"Nuclear - SMR - PWR modular","TWh","100% Domestic - Adv. Fuel","100% Domestic","Reactor - Mod.","Fuel - Adv."
"USA",2050,"Nuclear - SMR - SFR",23.3808333333333,"Nuclear - SMR - SFR","TWh","100% Domestic - Adv. Fuel","100% Domestic","Reactor - Mod.","Fuel - Adv."
"USA",2055,"Nuclear - Large - PWR",340.512861111111,"Nuclear - Large - PWR","TWh","100% Domestic - Adv. Fuel","100% Domestic","Reactor - Mod.","Fuel - Adv."
"USA",2055,"Nuclear - Legacy",540.455083333333,"Nuclear - Legacy","TWh","100% Domestic - Adv. Fuel","100% Domestic","Reactor - Mod.","Fuel - Adv."
"USA",2055,"Nuclear - SMR - BWR",70.6257222222222,"Nuclear - SMR - BWR","TWh","100% Domestic - Adv. Fuel","100% Domestic","Reactor - Mod.","Fuel - Adv."
"USA",2055,"Nuclear - SMR - HTGR",46.9969444444444,"Nuclear - SMR - HTGR","TWh","100% Domestic - Adv. Fuel","100% Domestic","Reactor - Mod.","Fuel - Adv."
"USA",2055,"Nuclear - SMR - MSR",18.7182527777778,"Nuclear - SMR - MSR","TWh","100% Domestic - Adv. Fuel","100% Domestic","Reactor - Mod.","Fuel - Adv."
"USA",2055,"Nuclear - SMR - PWR modular",27.2422527777778,"Nuclear - SMR - PWR modular","TWh","100% Domestic - Adv. Fuel","100% Domestic","Reactor - Mod.","Fuel - Adv."
"USA",2055,"Nuclear - SMR - SFR",34.8679444444444,"Nuclear - SMR - SFR","TWh","100% Domestic - Adv. Fuel","100% Domestic","Reactor - Mod.","Fuel - Adv."
"USA",2060,"Nuclear - Large - PWR",431.630527777778,"Nuclear - Large - PWR","TWh","100% Domestic - Adv. Fuel","100% Domestic","Reactor - Mod.","Fuel - Adv."
"USA",2060,"Nuclear - Legacy",421.599083333333,"Nuclear - Legacy","TWh","100% Domestic - Adv. Fuel","100% Domestic","Reactor - Mod.","Fuel - Adv."
"USA",2060,"Nuclear - SMR - BWR",98.2794166666667,"Nuclear - SMR - BWR","TWh","100% Domestic - Adv. Fuel","100% Domestic","Reactor - Mod.","Fuel - Adv."
"USA",2060,"Nuclear - SMR - HTGR",64.2700555555556,"Nuclear - SMR - HTGR","TWh","100% Domestic - Adv. Fuel","100% Domestic","Reactor - Mod.","Fuel - Adv."
"USA",2060,"Nuclear - SMR - MSR",24.8678638888889,"Nuclear - SMR - MSR","TWh","100% Domestic - Adv. Fuel","100% Domestic","Reactor - Mod.","Fuel - Adv."
"USA",2060,"Nuclear - SMR - PWR modular",35.1243583333333,"Nuclear - SMR - PWR modular","TWh","100% Domestic - Adv. Fuel","100% Domestic","Reactor - Mod.","Fuel - Adv."
"USA",2060,"Nuclear - SMR - SFR",46.18025,"Nuclear - SMR - SFR","TWh","100% Domestic - Adv. Fuel","100% Domestic","Reactor - Mod.","Fuel - Adv."
"USA",2065,"Nuclear - Large - PWR",533.944861111111,"Nuclear - Large - PWR","TWh","100% Domestic - Adv. Fuel","100% Domestic","Reactor - Mod.","Fuel - Adv."
"USA",2065,"Nuclear - Legacy",241.478444444444,"Nuclear - Legacy","TWh","100% Domestic - Adv. Fuel","100% Domestic","Reactor - Mod.","Fuel - Adv."
"USA",2065,"Nuclear - SMR - BWR",130.917111111111,"Nuclear - SMR - BWR","TWh","100% Domestic - Adv. Fuel","100% Domestic","Reactor - Mod.","Fuel - Adv."
"USA",2065,"Nuclear - SMR - HTGR",84.6220555555556,"Nuclear - SMR - HTGR","TWh","100% Domestic - Adv. Fuel","100% Domestic","Reactor - Mod.","Fuel - Adv."
"USA",2065,"Nuclear - SMR - MSR",32.1532583333333,"Nuclear - SMR - MSR","TWh","100% Domestic - Adv. Fuel","100% Domestic","Reactor - Mod.","Fuel - Adv."
"USA",2065,"Nuclear - SMR - PWR modular",44.041225,"Nuclear - SMR - PWR modular","TWh","100% Domestic - Adv. Fuel","100% Domestic","Reactor - Mod.","Fuel - Adv."
"USA",2065,"Nuclear - SMR - SFR",59.11925,"Nuclear - SMR - SFR","TWh","100% Domestic - Adv. Fuel","100% Domestic","Reactor - Mod.","Fuel - Adv."
"USA",2070,"Nuclear - Large - PWR",642.912833333333,"Nuclear - Large - PWR","TWh","100% Domestic - Adv. Fuel","100% Domestic","Reactor - Mod.","Fuel - Adv."
"USA",2070,"Nuclear - Legacy",46.7558333333333,"Nuclear - Legacy","TWh","100% Domestic - Adv. Fuel","100% Domestic","Reactor - Mod.","Fuel - Adv."
"USA",2070,"Nuclear - SMR - BWR",167.122805555556,"Nuclear - SMR - BWR","TWh","100% Domestic - Adv. Fuel","100% Domestic","Reactor - Mod.","Fuel - Adv."
"USA",2070,"Nuclear - SMR - HTGR",107.250638888889,"Nuclear - SMR - HTGR","TWh","100% Domestic - Adv. Fuel","100% Domestic","Reactor - Mod.","Fuel - Adv."
"USA",2070,"Nuclear - SMR - MSR",40.3322277777778,"Nuclear - SMR - MSR","TWh","100% Domestic - Adv. Fuel","100% Domestic","Reactor - Mod.","Fuel - Adv."
"USA",2070,"Nuclear - SMR - PWR modular",53.6012444444444,"Nuclear - SMR - PWR modular","TWh","100% Domestic - Adv. Fuel","100% Domestic","Reactor - Mod.","Fuel - Adv."
"USA",2070,"Nuclear - SMR - SFR",73.1077777777778,"Nuclear - SMR - SFR","TWh","100% Domestic - Adv. Fuel","100% Domestic","Reactor - Mod.","Fuel - Adv."
"USA",2075,"Nuclear - Large - PWR",752.179527777778,"Nuclear - Large - PWR","TWh","100% Domestic - Adv. Fuel","100% Domestic","Reactor - Mod.","Fuel - Adv."
"USA",2075,"Nuclear - Legacy",18.2836666666667,"Nuclear - Legacy","TWh","100% Domestic - Adv. Fuel","100% Domestic","Reactor - Mod.","Fuel - Adv."
"USA",2075,"Nuclear - SMR - BWR",204.525222222222,"Nuclear - SMR - BWR","TWh","100% Domestic - Adv. Fuel","100% Domestic","Reactor - Mod.","Fuel - Adv."
"USA",2075,"Nuclear - SMR - HTGR",130.76875,"Nuclear - SMR - HTGR","TWh","100% Domestic - Adv. Fuel","100% Domestic","Reactor - Mod.","Fuel - Adv."
"USA",2075,"Nuclear - SMR - MSR",48.9976444444444,"Nuclear - SMR - MSR","TWh","100% Domestic - Adv. Fuel","100% Domestic","Reactor - Mod.","Fuel - Adv."
"USA",2075,"Nuclear - SMR - PWR modular",63.2396166666667,"Nuclear - SMR - PWR modular","TWh","100% Domestic - Adv. Fuel","100% Domestic","Reactor - Mod.","Fuel - Adv."
"USA",2075,"Nuclear - SMR - SFR",87.2915555555556,"Nuclear - SMR - SFR","TWh","100% Domestic - Adv. Fuel","100% Domestic","Reactor - Mod.","Fuel - Adv."
"USA",2080,"Nuclear - Large - PWR",892.548638888889,"Nuclear - Large - PWR","TWh","100% Domestic - Adv. Fuel","100% Domestic","Reactor - Mod.","Fuel - Adv."
"USA",2080,"Nuclear - Legacy",9.33061111111111,"Nuclear - Legacy","TWh","100% Domestic - Adv. Fuel","100% Domestic","Reactor - Mod.","Fuel - Adv."
"USA",2080,"Nuclear - SMR - BWR",253.554111111111,"Nuclear - SMR - BWR","TWh","100% Domestic - Adv. Fuel","100% Domestic","Reactor - Mod.","Fuel - Adv."
"USA",2080,"Nuclear - SMR - HTGR",161.861027777778,"Nuclear - SMR - HTGR","TWh","100% Domestic - Adv. Fuel","100% Domestic","Reactor - Mod.","Fuel - Adv."
"USA",2080,"Nuclear - SMR - MSR",60.7569638888889,"Nuclear - SMR - MSR","TWh","100% Domestic - Adv. Fuel","100% Domestic","Reactor - Mod.","Fuel - Adv."
"USA",2080,"Nuclear - SMR - PWR modular",75.6754138888889,"Nuclear - SMR - PWR modular","TWh","100% Domestic - Adv. Fuel","100% Domestic","Reactor - Mod.","Fuel - Adv."
"USA",2080,"Nuclear - SMR - SFR",105.652833333333,"Nuclear - SMR - SFR","TWh","100% Domestic - Adv. Fuel","100% Domestic","Reactor - Mod.","Fuel - Adv."
"USA",2085,"Nuclear - Large - PWR",998.842555555555,"Nuclear - Large - PWR","TWh","100% Domestic - Adv. Fuel","100% Domestic","Reactor - Mod.","Fuel - Adv."
"USA",2085,"Nuclear - Legacy",9.32866666666667,"Nuclear - Legacy","TWh","100% Domestic - Adv. Fuel","100% Domestic","Reactor - Mod.","Fuel - Adv."
"USA",2085,"Nuclear - SMR - BWR",291.695861111111,"Nuclear - SMR - BWR","TWh","100% Domestic - Adv. Fuel","100% Domestic","Reactor - Mod.","Fuel - Adv."
"USA",2085,"Nuclear - SMR - HTGR",186.280333333333,"Nuclear - SMR - HTGR","TWh","100% Domestic - Adv. Fuel","100% Domestic","Reactor - Mod.","Fuel - Adv."
"USA",2085,"Nuclear - SMR - MSR",70.1978583333333,"Nuclear - SMR - MSR","TWh","100% Domestic - Adv. Fuel","100% Domestic","Reactor - Mod.","Fuel - Adv."
"USA",2085,"Nuclear - SMR - PWR modular",85.1710972222222,"Nuclear - SMR - PWR modular","TWh","100% Domestic - Adv. Fuel","100% Domestic","Reactor - Mod.","Fuel - Adv."
"USA",2085,"Nuclear - SMR - SFR",119.725027777778,"Nuclear - SMR - SFR","TWh","100% Domestic - Adv. Fuel","100% Domestic","Reactor - Mod.","Fuel - Adv."
"USA",2090,"Nuclear - Large - PWR",1074.89447222222,"Nuclear - Large - PWR","TWh","100% Domestic - Adv. Fuel","100% Domestic","Reactor - Mod.","Fuel - Adv."
"USA",2090,"Nuclear - Legacy",9.32447222222222,"Nuclear - Legacy","TWh","100% Domestic - Adv. Fuel","100% Domestic","Reactor - Mod.","Fuel - Adv."
"USA",2090,"Nuclear - SMR - BWR",323.971972222222,"Nuclear - SMR - BWR","TWh","100% Domestic - Adv. Fuel","100% Domestic","Reactor - Mod.","Fuel - Adv."
"USA",2090,"Nuclear - SMR - HTGR",207.183805555556,"Nuclear - SMR - HTGR","TWh","100% Domestic - Adv. Fuel","100% Domestic","Reactor - Mod.","Fuel - Adv."
"USA",2090,"Nuclear - SMR - MSR",78.5659833333333,"Nuclear - SMR - MSR","TWh","100% Domestic - Adv. Fuel","100% Domestic","Reactor - Mod.","Fuel - Adv."
"USA",2090,"Nuclear - SMR - PWR modular",93.1358333333333,"Nuclear - SMR - PWR modular","TWh","100% Domestic - Adv. Fuel","100% Domestic","Reactor - Mod.","Fuel - Adv."
"USA",2090,"Nuclear - SMR - SFR",131.542388888889,"Nuclear - SMR - SFR","TWh","100% Domestic - Adv. Fuel","100% Domestic","Reactor - Mod.","Fuel - Adv."
"USA",2095,"Nuclear - Large - PWR",1151.74055555556,"Nuclear - Large - PWR","TWh","100% Domestic - Adv. Fuel","100% Domestic","Reactor - Mod.","Fuel - Adv."
"USA",2095,"Nuclear - Legacy",9.31861111111111,"Nuclear - Legacy","TWh","100% Domestic - Adv. Fuel","100% Domestic","Reactor - Mod.","Fuel - Adv."
"USA",2095,"Nuclear - SMR - BWR",356.787722222222,"Nuclear - SMR - BWR","TWh","100% Domestic - Adv. Fuel","100% Domestic","Reactor - Mod.","Fuel - Adv."
"USA",2095,"Nuclear - SMR - HTGR",228.031972222222,"Nuclear - SMR - HTGR","TWh","100% Domestic - Adv. Fuel","100% Domestic","Reactor - Mod.","Fuel - Adv."
"USA",2095,"Nuclear - SMR - MSR",86.9665222222222,"Nuclear - SMR - MSR","TWh","100% Domestic - Adv. Fuel","100% Domestic","Reactor - Mod.","Fuel - Adv."
"USA",2095,"Nuclear - SMR - PWR modular",99.3361666666667,"Nuclear - SMR - PWR modular","TWh","100% Domestic - Adv. Fuel","100% Domestic","Reactor - Mod.","Fuel - Adv."
"USA",2095,"Nuclear - SMR - SFR",141.981055555556,"Nuclear - SMR - SFR","TWh","100% Domestic - Adv. Fuel","100% Domestic","Reactor - Mod.","Fuel - Adv."
"USA",2100,"Nuclear - Large - PWR",1208.61055555556,"Nuclear - Large - PWR","TWh","100% Domestic - Adv. Fuel","100% Domestic","Reactor - Mod.","Fuel - Adv."
"USA",2100,"Nuclear - SMR - BWR",385.670777777778,"Nuclear - SMR - BWR","TWh","100% Domestic - Adv. Fuel","100% Domestic","Reactor - Mod.","Fuel - Adv."
"USA",2100,"Nuclear - SMR - HTGR",246.995138888889,"Nuclear - SMR - HTGR","TWh","100% Domestic - Adv. Fuel","100% Domestic","Reactor - Mod.","Fuel - Adv."
"USA",2100,"Nuclear - SMR - MSR",95.4196388888889,"Nuclear - SMR - MSR","TWh","100% Domestic - Adv. Fuel","100% Domestic","Reactor - Mod.","Fuel - Adv."
"USA",2100,"Nuclear - SMR - PWR modular",104.391833333333,"Nuclear - SMR - PWR modular","TWh","100% Domestic - Adv. Fuel","100% Domestic","Reactor - Mod.","Fuel - Adv."
"USA",2100,"Nuclear - SMR - SFR",151.190027777778,"Nuclear - SMR - SFR","TWh","100% Domestic - Adv. Fuel","100% Domestic","Reactor - Mod.","Fuel - Adv."
"USA",2021,"Nuclear - Legacy",811.546555555556,"Nuclear - Legacy","TWh","100% Domestic - Adv. Nuc","100% Domestic","Reactor - Adv.","Fuel - Adv."
"USA",2025,"Nuclear - Large - PWR",18.3333333333333,"Nuclear - Large - PWR","TWh","100% Domestic - Adv. Nuc","100% Domestic","Reactor - Adv.","Fuel - Adv."
"USA",2025,"Nuclear - Legacy",808.449611111111,"Nuclear - Legacy","TWh","100% Domestic - Adv. Nuc","100% Domestic","Reactor - Adv.","Fuel - Adv."
"USA",2030,"Nuclear - Large - PWR",31.1175555555556,"Nuclear - Large - PWR","TWh","100% Domestic - Adv. Nuc","100% Domestic","Reactor - Adv.","Fuel - Adv."
"USA",2030,"Nuclear - Legacy",808.334138888889,"Nuclear - Legacy","TWh","100% Domestic - Adv. Nuc","100% Domestic","Reactor - Adv.","Fuel - Adv."
"USA",2035,"Nuclear - Large - PWR",54.7149722222222,"Nuclear - Large - PWR","TWh","100% Domestic - Adv. Nuc","100% Domestic","Reactor - Adv.","Fuel - Adv."
"USA",2035,"Nuclear - Legacy",788.246805555556,"Nuclear - Legacy","TWh","100% Domestic - Adv. Nuc","100% Domestic","Reactor - Adv.","Fuel - Adv."
"USA",2035,"Nuclear - SMR - BWR",3.42980555555556,"Nuclear - SMR - BWR","TWh","100% Domestic - Adv. Nuc","100% Domestic","Reactor - Adv.","Fuel - Adv."
"USA",2035,"Nuclear - SMR - HTGR",2.92602777777778,"Nuclear - SMR - HTGR","TWh","100% Domestic - Adv. Nuc","100% Domestic","Reactor - Adv.","Fuel - Adv."
"USA",2035,"Nuclear - SMR - MSR",1.51999166666667,"Nuclear - SMR - MSR","TWh","100% Domestic - Adv. Nuc","100% Domestic","Reactor - Adv.","Fuel - Adv."
"USA",2035,"Nuclear - SMR - PWR modular",2.72181388888889,"Nuclear - SMR - PWR modular","TWh","100% Domestic - Adv. Nuc","100% Domestic","Reactor - Adv.","Fuel - Adv."
"USA",2035,"Nuclear - SMR - SFR",2.791,"Nuclear - SMR - SFR","TWh","100% Domestic - Adv. Nuc","100% Domestic","Reactor - Adv.","Fuel - Adv."
"USA",2040,"Nuclear - Large - PWR",108.556055555556,"Nuclear - Large - PWR","TWh","100% Domestic - Adv. Nuc","100% Domestic","Reactor - Adv.","Fuel - Adv."
"USA",2040,"Nuclear - Legacy",787.489194444444,"Nuclear - Legacy","TWh","100% Domestic - Adv. Nuc","100% Domestic","Reactor - Adv.","Fuel - Adv."
"USA",2040,"Nuclear - SMR - BWR",11.1362222222222,"Nuclear - SMR - BWR","TWh","100% Domestic - Adv. Nuc","100% Domestic","Reactor - Adv.","Fuel - Adv."
"USA",2040,"Nuclear - SMR - HTGR",8.06177777777778,"Nuclear - SMR - HTGR","TWh","100% Domestic - Adv. Nuc","100% Domestic","Reactor - Adv.","Fuel - Adv."
"USA",2040,"Nuclear - SMR - MSR",3.78994444444444,"Nuclear - SMR - MSR","TWh","100% Domestic - Adv. Nuc","100% Domestic","Reactor - Adv.","Fuel - Adv."
"USA",2040,"Nuclear - SMR - PWR modular",6.66441666666667,"Nuclear - SMR - PWR modular","TWh","100% Domestic - Adv. Nuc","100% Domestic","Reactor - Adv.","Fuel - Adv."
"USA",2040,"Nuclear - SMR - SFR",6.90477777777778,"Nuclear - SMR - SFR","TWh","100% Domestic - Adv. Nuc","100% Domestic","Reactor - Adv.","Fuel - Adv."
"USA",2045,"Nuclear - Large - PWR",178.220416666667,"Nuclear - Large - PWR","TWh","100% Domestic - Adv. Nuc","100% Domestic","Reactor - Adv.","Fuel - Adv."
"USA",2045,"Nuclear - Legacy",786.845277777778,"Nuclear - Legacy","TWh","100% Domestic - Adv. Nuc","100% Domestic","Reactor - Adv.","Fuel - Adv."
"USA",2045,"Nuclear - SMR - BWR",27.0465,"Nuclear - SMR - BWR","TWh","100% Domestic - Adv. Nuc","100% Domestic","Reactor - Adv.","Fuel - Adv."
"USA",2045,"Nuclear - SMR - HTGR",16.9735555555556,"Nuclear - SMR - HTGR","TWh","100% Domestic - Adv. Nuc","100% Domestic","Reactor - Adv.","Fuel - Adv."
"USA",2045,"Nuclear - SMR - MSR",6.96308333333333,"Nuclear - SMR - MSR","TWh","100% Domestic - Adv. Nuc","100% Domestic","Reactor - Adv.","Fuel - Adv."
"USA",2045,"Nuclear - SMR - PWR modular",10.9355416666667,"Nuclear - SMR - PWR modular","TWh","100% Domestic - Adv. Nuc","100% Domestic","Reactor - Adv.","Fuel - Adv."
"USA",2045,"Nuclear - SMR - SFR",13.0842222222222,"Nuclear - SMR - SFR","TWh","100% Domestic - Adv. Nuc","100% Domestic","Reactor - Adv.","Fuel - Adv."
"USA",2050,"Nuclear - Large - PWR",313.157916666667,"Nuclear - Large - PWR","TWh","100% Domestic - Adv. Nuc","100% Domestic","Reactor - Adv.","Fuel - Adv."
"USA",2050,"Nuclear - Legacy",758.821,"Nuclear - Legacy","TWh","100% Domestic - Adv. Nuc","100% Domestic","Reactor - Adv.","Fuel - Adv."
"USA",2050,"Nuclear - SMR - BWR",71.2571666666667,"Nuclear - SMR - BWR","TWh","100% Domestic - Adv. Nuc","100% Domestic","Reactor - Adv.","Fuel - Adv."
"USA",2050,"Nuclear - SMR - HTGR",38.771,"Nuclear - SMR - HTGR","TWh","100% Domestic - Adv. Nuc","100% Domestic","Reactor - Adv.","Fuel - Adv."
"USA",2050,"Nuclear - SMR - MSR",13.4768583333333,"Nuclear - SMR - MSR","TWh","100% Domestic - Adv. Nuc","100% Domestic","Reactor - Adv.","Fuel - Adv."
"USA",2050,"Nuclear - SMR - PWR modular",19.0338555555556,"Nuclear - SMR - PWR modular","TWh","100% Domestic - Adv. Nuc","100% Domestic","Reactor - Adv.","Fuel - Adv."
"USA",2050,"Nuclear - SMR - SFR",26.3275916666667,"Nuclear - SMR - SFR","TWh","100% Domestic - Adv. Nuc","100% Domestic","Reactor - Adv.","Fuel - Adv."
"USA",2055,"Nuclear - Large - PWR",454.371722222222,"Nuclear - Large - PWR","TWh","100% Domestic - Adv. Nuc","100% Domestic","Reactor - Adv.","Fuel - Adv."
"USA",2055,"Nuclear - Legacy",540.074277777778,"Nuclear - Legacy","TWh","100% Domestic - Adv. Nuc","100% Domestic","Reactor - Adv.","Fuel - Adv."
"USA",2055,"Nuclear - SMR - BWR",135.041472222222,"Nuclear - SMR - BWR","TWh","100% Domestic - Adv. Nuc","100% Domestic","Reactor - Adv.","Fuel - Adv."
"USA",2055,"Nuclear - SMR - HTGR",67.1954166666667,"Nuclear - SMR - HTGR","TWh","100% Domestic - Adv. Nuc","100% Domestic","Reactor - Adv.","Fuel - Adv."
"USA",2055,"Nuclear - SMR - MSR",20.6330777777778,"Nuclear - SMR - MSR","TWh","100% Domestic - Adv. Nuc","100% Domestic","Reactor - Adv.","Fuel - Adv."
"USA",2055,"Nuclear - SMR - PWR modular",27.4647972222222,"Nuclear - SMR - PWR modular","TWh","100% Domestic - Adv. Nuc","100% Domestic","Reactor - Adv.","Fuel - Adv."
"USA",2055,"Nuclear - SMR - SFR",41.6526861111111,"Nuclear - SMR - SFR","TWh","100% Domestic - Adv. Nuc","100% Domestic","Reactor - Adv.","Fuel - Adv."
"USA",2060,"Nuclear - Large - PWR",584.605722222222,"Nuclear - Large - PWR","TWh","100% Domestic - Adv. Nuc","100% Domestic","Reactor - Adv.","Fuel - Adv."
"USA",2060,"Nuclear - Legacy",420.9145,"Nuclear - Legacy","TWh","100% Domestic - Adv. Nuc","100% Domestic","Reactor - Adv.","Fuel - Adv."
"USA",2060,"Nuclear - SMR - BWR",206.931833333333,"Nuclear - SMR - BWR","TWh","100% Domestic - Adv. Nuc","100% Domestic","Reactor - Adv.","Fuel - Adv."
"USA",2060,"Nuclear - SMR - HTGR",97.80025,"Nuclear - SMR - HTGR","TWh","100% Domestic - Adv. Nuc","100% Domestic","Reactor - Adv.","Fuel - Adv."
"USA",2060,"Nuclear - SMR - MSR",27.5057277777778,"Nuclear - SMR - MSR","TWh","100% Domestic - Adv. Nuc","100% Domestic","Reactor - Adv.","Fuel - Adv."
"USA",2060,"Nuclear - SMR - PWR modular",35.2746833333333,"Nuclear - SMR - PWR modular","TWh","100% Domestic - Adv. Nuc","100% Domestic","Reactor - Adv.","Fuel - Adv."
"USA",2060,"Nuclear - SMR - SFR",56.7325361111111,"Nuclear - SMR - SFR","TWh","100% Domestic - Adv. Nuc","100% Domestic","Reactor - Adv.","Fuel - Adv."
"USA",2065,"Nuclear - Large - PWR",730.256555555555,"Nuclear - Large - PWR","TWh","100% Domestic - Adv. Nuc","100% Domestic","Reactor - Adv.","Fuel - Adv."
"USA",2065,"Nuclear - Legacy",241.002638888889,"Nuclear - Legacy","TWh","100% Domestic - Adv. Nuc","100% Domestic","Reactor - Adv.","Fuel - Adv."
"USA",2065,"Nuclear - SMR - BWR",288.542083333333,"Nuclear - SMR - BWR","TWh","100% Domestic - Adv. Nuc","100% Domestic","Reactor - Adv.","Fuel - Adv."
"USA",2065,"Nuclear - SMR - HTGR",135.843611111111,"Nuclear - SMR - HTGR","TWh","100% Domestic - Adv. Nuc","100% Domestic","Reactor - Adv.","Fuel - Adv."
"USA",2065,"Nuclear - SMR - MSR",35.7695305555556,"Nuclear - SMR - MSR","TWh","100% Domestic - Adv. Nuc","100% Domestic","Reactor - Adv.","Fuel - Adv."
"USA",2065,"Nuclear - SMR - PWR modular",44.1598944444444,"Nuclear - SMR - PWR modular","TWh","100% Domestic - Adv. Nuc","100% Domestic","Reactor - Adv.","Fuel - Adv."
"USA",2065,"Nuclear - SMR - SFR",74.4278555555556,"Nuclear - SMR - SFR","TWh","100% Domestic - Adv. Nuc","100% Domestic","Reactor - Adv.","Fuel - Adv."
"USA",2070,"Nuclear - Large - PWR",885.258972222222,"Nuclear - Large - PWR","TWh","100% Domestic - Adv. Nuc","100% Domestic","Reactor - Adv.","Fuel - Adv."
"USA",2070,"Nuclear - Legacy",46.6694722222222,"Nuclear - Legacy","TWh","100% Domestic - Adv. Nuc","100% Domestic","Reactor - Adv.","Fuel - Adv."
"USA",2070,"Nuclear - SMR - BWR",364.311305555556,"Nuclear - SMR - BWR","TWh","100% Domestic - Adv. Nuc","100% Domestic","Reactor - Adv.","Fuel - Adv."
"USA",2070,"Nuclear - SMR - HTGR",181.490083333333,"Nuclear - SMR - HTGR","TWh","100% Domestic - Adv. Nuc","100% Domestic","Reactor - Adv.","Fuel - Adv."
"USA",2070,"Nuclear - SMR - MSR",45.5591833333333,"Nuclear - SMR - MSR","TWh","100% Domestic - Adv. Nuc","100% Domestic","Reactor - Adv.","Fuel - Adv."
"USA",2070,"Nuclear - SMR - PWR modular",54.1201388888889,"Nuclear - SMR - PWR modular","TWh","100% Domestic - Adv. Nuc","100% Domestic","Reactor - Adv.","Fuel - Adv."
"USA",2070,"Nuclear - SMR - SFR",94.7027333333333,"Nuclear - SMR - SFR","TWh","100% Domestic - Adv. Nuc","100% Domestic","Reactor - Adv.","Fuel - Adv."
"USA",2075,"Nuclear - Large - PWR",1034.22083333333,"Nuclear - Large - PWR","TWh","100% Domestic - Adv. Nuc","100% Domestic","Reactor - Adv.","Fuel - Adv."
"USA",2075,"Nuclear - Legacy",18.2512222222222,"Nuclear - Legacy","TWh","100% Domestic - Adv. Nuc","100% Domestic","Reactor - Adv.","Fuel - Adv."
"USA",2075,"Nuclear - SMR - BWR",431.67875,"Nuclear - SMR - BWR","TWh","100% Domestic - Adv. Nuc","100% Domestic","Reactor - Adv.","Fuel - Adv."
"USA",2075,"Nuclear - SMR - HTGR",232.168444444444,"Nuclear - SMR - HTGR","TWh","100% Domestic - Adv. Nuc","100% Domestic","Reactor - Adv.","Fuel - Adv."
"USA",2075,"Nuclear - SMR - MSR",56.4089638888889,"Nuclear - SMR - MSR","TWh","100% Domestic - Adv. Nuc","100% Domestic","Reactor - Adv.","Fuel - Adv."
"USA",2075,"Nuclear - SMR - PWR modular",64.564275,"Nuclear - SMR - PWR modular","TWh","100% Domestic - Adv. Nuc","100% Domestic","Reactor - Adv.","Fuel - Adv."
"USA",2075,"Nuclear - SMR - SFR",116.299652777778,"Nuclear - SMR - SFR","TWh","100% Domestic - Adv. Nuc","100% Domestic","Reactor - Adv.","Fuel - Adv."
"USA",2080,"Nuclear - Large - PWR",1216.19969444444,"Nuclear - Large - PWR","TWh","100% Domestic - Adv. Nuc","100% Domestic","Reactor - Adv.","Fuel - Adv."
"USA",2080,"Nuclear - Legacy",9.3145,"Nuclear - Legacy","TWh","100% Domestic - Adv. Nuc","100% Domestic","Reactor - Adv.","Fuel - Adv."
"USA",2080,"Nuclear - SMR - BWR",509.876583333333,"Nuclear - SMR - BWR","TWh","100% Domestic - Adv. Nuc","100% Domestic","Reactor - Adv.","Fuel - Adv."
"USA",2080,"Nuclear - SMR - HTGR",294.048583333333,"Nuclear - SMR - HTGR","TWh","100% Domestic - Adv. Nuc","100% Domestic","Reactor - Adv.","Fuel - Adv."
"USA",2080,"Nuclear - SMR - MSR",71.785775,"Nuclear - SMR - MSR","TWh","100% Domestic - Adv. Nuc","100% Domestic","Reactor - Adv.","Fuel - Adv."
"USA",2080,"Nuclear - SMR - PWR modular",78.5342083333333,"Nuclear - SMR - PWR modular","TWh","100% Domestic - Adv. Nuc","100% Domestic","Reactor - Adv.","Fuel - Adv."
"USA",2080,"Nuclear - SMR - SFR",145.471730555556,"Nuclear - SMR - SFR","TWh","100% Domestic - Adv. Nuc","100% Domestic","Reactor - Adv.","Fuel - Adv."
"USA",2085,"Nuclear - Large - PWR",1346.94772222222,"Nuclear - Large - PWR","TWh","100% Domestic - Adv. Nuc","100% Domestic","Reactor - Adv.","Fuel - Adv."
"USA",2085,"Nuclear - Legacy",9.3125,"Nuclear - Legacy","TWh","100% Domestic - Adv. Nuc","100% Domestic","Reactor - Adv.","Fuel - Adv."
"USA",2085,"Nuclear - SMR - BWR",563.786805555555,"Nuclear - SMR - BWR","TWh","100% Domestic - Adv. Nuc","100% Domestic","Reactor - Adv.","Fuel - Adv."
"USA",2085,"Nuclear - SMR - HTGR",337.303,"Nuclear - SMR - HTGR","TWh","100% Domestic - Adv. Nuc","100% Domestic","Reactor - Adv.","Fuel - Adv."
"USA",2085,"Nuclear - SMR - MSR",84.8318694444445,"Nuclear - SMR - MSR","TWh","100% Domestic - Adv. Nuc","100% Domestic","Reactor - Adv.","Fuel - Adv."
"USA",2085,"Nuclear - SMR - PWR modular",89.7199055555556,"Nuclear - SMR - PWR modular","TWh","100% Domestic - Adv. Nuc","100% Domestic","Reactor - Adv.","Fuel - Adv."
"USA",2085,"Nuclear - SMR - SFR",169.024041666667,"Nuclear - SMR - SFR","TWh","100% Domestic - Adv. Nuc","100% Domestic","Reactor - Adv.","Fuel - Adv."
"USA",2090,"Nuclear - Large - PWR",1437.40108333333,"Nuclear - Large - PWR","TWh","100% Domestic - Adv. Nuc","100% Domestic","Reactor - Adv.","Fuel - Adv."
"USA",2090,"Nuclear - Legacy",9.30761111111111,"Nuclear - Legacy","TWh","100% Domestic - Adv. Nuc","100% Domestic","Reactor - Adv.","Fuel - Adv."
"USA",2090,"Nuclear - SMR - BWR",604.946722222222,"Nuclear - SMR - BWR","TWh","100% Domestic - Adv. Nuc","100% Domestic","Reactor - Adv.","Fuel - Adv."
"USA",2090,"Nuclear - SMR - HTGR",370.815833333333,"Nuclear - SMR - HTGR","TWh","100% Domestic - Adv. Nuc","100% Domestic","Reactor - Adv.","Fuel - Adv."
"USA",2090,"Nuclear - SMR - MSR",96.6380361111111,"Nuclear - SMR - MSR","TWh","100% Domestic - Adv. Nuc","100% Domestic","Reactor - Adv.","Fuel - Adv."
"USA",2090,"Nuclear - SMR - PWR modular",99.1953222222222,"Nuclear - SMR - PWR modular","TWh","100% Domestic - Adv. Nuc","100% Domestic","Reactor - Adv.","Fuel - Adv."
"USA",2090,"Nuclear - SMR - SFR",189.037405555556,"Nuclear - SMR - SFR","TWh","100% Domestic - Adv. Nuc","100% Domestic","Reactor - Adv.","Fuel - Adv."
"USA",2095,"Nuclear - Large - PWR",1526.80972222222,"Nuclear - Large - PWR","TWh","100% Domestic - Adv. Nuc","100% Domestic","Reactor - Adv.","Fuel - Adv."
"USA",2095,"Nuclear - Legacy",9.30130555555555,"Nuclear - Legacy","TWh","100% Domestic - Adv. Nuc","100% Domestic","Reactor - Adv.","Fuel - Adv."
"USA",2095,"Nuclear - SMR - BWR",645.1085,"Nuclear - SMR - BWR","TWh","100% Domestic - Adv. Nuc","100% Domestic","Reactor - Adv.","Fuel - Adv."
"USA",2095,"Nuclear - SMR - HTGR",403.927722222222,"Nuclear - SMR - HTGR","TWh","100% Domestic - Adv. Nuc","100% Domestic","Reactor - Adv.","Fuel - Adv."
"USA",2095,"Nuclear - SMR - MSR",109.704463888889,"Nuclear - SMR - MSR","TWh","100% Domestic - Adv. Nuc","100% Domestic","Reactor - Adv.","Fuel - Adv."
"USA",2095,"Nuclear - SMR - PWR modular",107.397166666667,"Nuclear - SMR - PWR modular","TWh","100% Domestic - Adv. Nuc","100% Domestic","Reactor - Adv.","Fuel - Adv."
"USA",2095,"Nuclear - SMR - SFR",209.298111111111,"Nuclear - SMR - SFR","TWh","100% Domestic - Adv. Nuc","100% Domestic","Reactor - Adv.","Fuel - Adv."
"USA",2100,"Nuclear - Large - PWR",1589.49222222222,"Nuclear - Large - PWR","TWh","100% Domestic - Adv. Nuc","100% Domestic","Reactor - Adv.","Fuel - Adv."
"USA",2100,"Nuclear - SMR - BWR",679.198361111111,"Nuclear - SMR - BWR","TWh","100% Domestic - Adv. Nuc","100% Domestic","Reactor - Adv.","Fuel - Adv."
"USA",2100,"Nuclear - SMR - HTGR",434.329888888889,"Nuclear - SMR - HTGR","TWh","100% Domestic - Adv. Nuc","100% Domestic","Reactor - Adv.","Fuel - Adv."
"USA",2100,"Nuclear - SMR - MSR",124.609361111111,"Nuclear - SMR - MSR","TWh","100% Domestic - Adv. Nuc","100% Domestic","Reactor - Adv.","Fuel - Adv."
"USA",2100,"Nuclear - SMR - PWR modular",115.263638888889,"Nuclear - SMR - PWR modular","TWh","100% Domestic - Adv. Nuc","100% Domestic","Reactor - Adv.","Fuel - Adv."
"USA",2100,"Nuclear - SMR - SFR",229.512777777778,"Nuclear - SMR - SFR","TWh","100% Domestic - Adv. Nuc","100% Domestic","Reactor - Adv.","Fuel - Adv."
"USA",2021,"Nuclear - Legacy",811.546555555556,"Nuclear - Legacy","TWh","100% Domestic - Expensive U","100% Domestic","Reactor - Mod.","Fuel - Cons."
"USA",2025,"Nuclear - Large - PWR",18.3333333333333,"Nuclear - Large - PWR","TWh","100% Domestic - Expensive U","100% Domestic","Reactor - Mod.","Fuel - Cons."
"USA",2025,"Nuclear - Legacy",808.261944444444,"Nuclear - Legacy","TWh","100% Domestic - Expensive U","100% Domestic","Reactor - Mod.","Fuel - Cons."
"USA",2030,"Nuclear - Large - PWR",30.4793055555556,"Nuclear - Large - PWR","TWh","100% Domestic - Expensive U","100% Domestic","Reactor - Mod.","Fuel - Cons."
"USA",2030,"Nuclear - Legacy",808.074472222222,"Nuclear - Legacy","TWh","100% Domestic - Expensive U","100% Domestic","Reactor - Mod.","Fuel - Cons."
"USA",2035,"Nuclear - Large - PWR",49.9066388888889,"Nuclear - Large - PWR","TWh","100% Domestic - Expensive U","100% Domestic","Reactor - Mod.","Fuel - Cons."
"USA",2035,"Nuclear - Legacy",786.967111111111,"Nuclear - Legacy","TWh","100% Domestic - Expensive U","100% Domestic","Reactor - Mod.","Fuel - Cons."
"USA",2035,"Nuclear - SMR - BWR",3.43769444444444,"Nuclear - SMR - BWR","TWh","100% Domestic - Expensive U","100% Domestic","Reactor - Mod.","Fuel - Cons."
"USA",2035,"Nuclear - SMR - HTGR",2.56955277777778,"Nuclear - SMR - HTGR","TWh","100% Domestic - Expensive U","100% Domestic","Reactor - Mod.","Fuel - Cons."
"USA",2035,"Nuclear - SMR - MSR",0.827530555555556,"Nuclear - SMR - MSR","TWh","100% Domestic - Expensive U","100% Domestic","Reactor - Mod.","Fuel - Cons."
"USA",2035,"Nuclear - SMR - PWR modular",2.47688611111111,"Nuclear - SMR - PWR modular","TWh","100% Domestic - Expensive U","100% Domestic","Reactor - Mod.","Fuel - Cons."
"USA",2035,"Nuclear - SMR - SFR",2.62570833333333,"Nuclear - SMR - SFR","TWh","100% Domestic - Expensive U","100% Domestic","Reactor - Mod.","Fuel - Cons."
"USA",2040,"Nuclear - Large - PWR",80.2009444444444,"Nuclear - Large - PWR","TWh","100% Domestic - Expensive U","100% Domestic","Reactor - Mod.","Fuel - Cons."
"USA",2040,"Nuclear - Legacy",778.531111111111,"Nuclear - Legacy","TWh","100% Domestic - Expensive U","100% Domestic","Reactor - Mod.","Fuel - Cons."
"USA",2040,"Nuclear - SMR - BWR",9.75947222222222,"Nuclear - SMR - BWR","TWh","100% Domestic - Expensive U","100% Domestic","Reactor - Mod.","Fuel - Cons."
"USA",2040,"Nuclear - SMR - HTGR",6.26479444444444,"Nuclear - SMR - HTGR","TWh","100% Domestic - Expensive U","100% Domestic","Reactor - Mod.","Fuel - Cons."
"USA",2040,"Nuclear - SMR - MSR",1.73806111111111,"Nuclear - SMR - MSR","TWh","100% Domestic - Expensive U","100% Domestic","Reactor - Mod.","Fuel - Cons."
"USA",2040,"Nuclear - SMR - PWR modular",5.42061944444444,"Nuclear - SMR - PWR modular","TWh","100% Domestic - Expensive U","100% Domestic","Reactor - Mod.","Fuel - Cons."
"USA",2040,"Nuclear - SMR - SFR",5.91160833333333,"Nuclear - SMR - SFR","TWh","100% Domestic - Expensive U","100% Domestic","Reactor - Mod.","Fuel - Cons."
"USA",2045,"Nuclear - Large - PWR",110.192416666667,"Nuclear - Large - PWR","TWh","100% Domestic - Expensive U","100% Domestic","Reactor - Mod.","Fuel - Cons."
"USA",2045,"Nuclear - Legacy",769.479194444444,"Nuclear - Legacy","TWh","100% Domestic - Expensive U","100% Domestic","Reactor - Mod.","Fuel - Cons."
"USA",2045,"Nuclear - SMR - BWR",18.9691944444444,"Nuclear - SMR - BWR","TWh","100% Domestic - Expensive U","100% Domestic","Reactor - Mod.","Fuel - Cons."
"USA",2045,"Nuclear - SMR - HTGR",11.0812833333333,"Nuclear - SMR - HTGR","TWh","100% Domestic - Expensive U","100% Domestic","Reactor - Mod.","Fuel - Cons."
"USA",2045,"Nuclear - SMR - MSR",2.29479722222222,"Nuclear - SMR - MSR","TWh","100% Domestic - Expensive U","100% Domestic","Reactor - Mod.","Fuel - Cons."
"USA",2045,"Nuclear - SMR - PWR modular",7.94940833333333,"Nuclear - SMR - PWR modular","TWh","100% Domestic - Expensive U","100% Domestic","Reactor - Mod.","Fuel - Cons."
"USA",2045,"Nuclear - SMR - SFR",9.53900833333333,"Nuclear - SMR - SFR","TWh","100% Domestic - Expensive U","100% Domestic","Reactor - Mod.","Fuel - Cons."
"USA",2050,"Nuclear - Large - PWR",156.997694444444,"Nuclear - Large - PWR","TWh","100% Domestic - Expensive U","100% Domestic","Reactor - Mod.","Fuel - Cons."
"USA",2050,"Nuclear - Legacy",720.287305555555,"Nuclear - Legacy","TWh","100% Domestic - Expensive U","100% Domestic","Reactor - Mod.","Fuel - Cons."
"USA",2050,"Nuclear - SMR - BWR",38.0794166666667,"Nuclear - SMR - BWR","TWh","100% Domestic - Expensive U","100% Domestic","Reactor - Mod.","Fuel - Cons."
"USA",2050,"Nuclear - SMR - HTGR",20.447225,"Nuclear - SMR - HTGR","TWh","100% Domestic - Expensive U","100% Domestic","Reactor - Mod.","Fuel - Cons."
"USA",2050,"Nuclear - SMR - MSR",3.26713611111111,"Nuclear - SMR - MSR","TWh","100% Domestic - Expensive U","100% Domestic","Reactor - Mod.","Fuel - Cons."
"USA",2050,"Nuclear - SMR - PWR modular",11.7755638888889,"Nuclear - SMR - PWR modular","TWh","100% Domestic - Expensive U","100% Domestic","Reactor - Mod.","Fuel - Cons."
"USA",2050,"Nuclear - SMR - SFR",15.5062694444444,"Nuclear - SMR - SFR","TWh","100% Domestic - Expensive U","100% Domestic","Reactor - Mod.","Fuel - Cons."
"USA",2055,"Nuclear - Large - PWR",200.766694444444,"Nuclear - Large - PWR","TWh","100% Domestic - Expensive U","100% Domestic","Reactor - Mod.","Fuel - Cons."
"USA",2055,"Nuclear - Legacy",512.074472222222,"Nuclear - Legacy","TWh","100% Domestic - Expensive U","100% Domestic","Reactor - Mod.","Fuel - Cons."
"USA",2055,"Nuclear - SMR - BWR",58.5725833333333,"Nuclear - SMR - BWR","TWh","100% Domestic - Expensive U","100% Domestic","Reactor - Mod.","Fuel - Cons."
"USA",2055,"Nuclear - SMR - HTGR",30.08875,"Nuclear - SMR - HTGR","TWh","100% Domestic - Expensive U","100% Domestic","Reactor - Mod.","Fuel - Cons."
"USA",2055,"Nuclear - SMR - MSR",4.16928055555556,"Nuclear - SMR - MSR","TWh","100% Domestic - Expensive U","100% Domestic","Reactor - Mod.","Fuel - Cons."
"USA",2055,"Nuclear - SMR - PWR modular",15.3600944444444,"Nuclear - SMR - PWR modular","TWh","100% Domestic - Expensive U","100% Domestic","Reactor - Mod.","Fuel - Cons."
"USA",2055,"Nuclear - SMR - SFR",21.1984027777778,"Nuclear - SMR - SFR","TWh","100% Domestic - Expensive U","100% Domestic","Reactor - Mod.","Fuel - Cons."
"USA",2060,"Nuclear - Large - PWR",242.776861111111,"Nuclear - Large - PWR","TWh","100% Domestic - Expensive U","100% Domestic","Reactor - Mod.","Fuel - Cons."
"USA",2060,"Nuclear - Legacy",398.526777777778,"Nuclear - Legacy","TWh","100% Domestic - Expensive U","100% Domestic","Reactor - Mod.","Fuel - Cons."
"USA",2060,"Nuclear - SMR - BWR",79.8808055555556,"Nuclear - SMR - BWR","TWh","100% Domestic - Expensive U","100% Domestic","Reactor - Mod.","Fuel - Cons."
"USA",2060,"Nuclear - SMR - HTGR",39.9584166666667,"Nuclear - SMR - HTGR","TWh","100% Domestic - Expensive U","100% Domestic","Reactor - Mod.","Fuel - Cons."
"USA",2060,"Nuclear - SMR - MSR",5.09846111111111,"Nuclear - SMR - MSR","TWh","100% Domestic - Expensive U","100% Domestic","Reactor - Mod.","Fuel - Cons."
"USA",2060,"Nuclear - SMR - PWR modular",18.8047138888889,"Nuclear - SMR - PWR modular","TWh","100% Domestic - Expensive U","100% Domestic","Reactor - Mod.","Fuel - Cons."
"USA",2060,"Nuclear - SMR - SFR",26.7611527777778,"Nuclear - SMR - SFR","TWh","100% Domestic - Expensive U","100% Domestic","Reactor - Mod.","Fuel - Cons."
"USA",2065,"Nuclear - Large - PWR",291.423222222222,"Nuclear - Large - PWR","TWh","100% Domestic - Expensive U","100% Domestic","Reactor - Mod.","Fuel - Cons."
"USA",2065,"Nuclear - Legacy",228.563,"Nuclear - Legacy","TWh","100% Domestic - Expensive U","100% Domestic","Reactor - Mod.","Fuel - Cons."
"USA",2065,"Nuclear - SMR - BWR",104.967472222222,"Nuclear - SMR - BWR","TWh","100% Domestic - Expensive U","100% Domestic","Reactor - Mod.","Fuel - Cons."
"USA",2065,"Nuclear - SMR - HTGR",51.6002083333333,"Nuclear - SMR - HTGR","TWh","100% Domestic - Expensive U","100% Domestic","Reactor - Mod.","Fuel - Cons."
"USA",2065,"Nuclear - SMR - MSR",6.38980555555556,"Nuclear - SMR - MSR","TWh","100% Domestic - Expensive U","100% Domestic","Reactor - Mod.","Fuel - Cons."
"USA",2065,"Nuclear - SMR - PWR modular",22.8200361111111,"Nuclear - SMR - PWR modular","TWh","100% Domestic - Expensive U","100% Domestic","Reactor - Mod.","Fuel - Cons."
"USA",2065,"Nuclear - SMR - SFR",33.21345,"Nuclear - SMR - SFR","TWh","100% Domestic - Expensive U","100% Domestic","Reactor - Mod.","Fuel - Cons."
"USA",2070,"Nuclear - Large - PWR",345.729444444444,"Nuclear - Large - PWR","TWh","100% Domestic - Expensive U","100% Domestic","Reactor - Mod.","Fuel - Cons."
"USA",2070,"Nuclear - Legacy",44.465,"Nuclear - Legacy","TWh","100% Domestic - Expensive U","100% Domestic","Reactor - Mod.","Fuel - Cons."
"USA",2070,"Nuclear - SMR - BWR",133.3205,"Nuclear - SMR - BWR","TWh","100% Domestic - Expensive U","100% Domestic","Reactor - Mod.","Fuel - Cons."
"USA",2070,"Nuclear - SMR - HTGR",64.812575,"Nuclear - SMR - HTGR","TWh","100% Domestic - Expensive U","100% Domestic","Reactor - Mod.","Fuel - Cons."
"USA",2070,"Nuclear - SMR - MSR",7.994175,"Nuclear - SMR - MSR","TWh","100% Domestic - Expensive U","100% Domestic","Reactor - Mod.","Fuel - Cons."
"USA",2070,"Nuclear - SMR - PWR modular",27.3319694444444,"Nuclear - SMR - PWR modular","TWh","100% Domestic - Expensive U","100% Domestic","Reactor - Mod.","Fuel - Cons."
"USA",2070,"Nuclear - SMR - SFR",40.4390083333333,"Nuclear - SMR - SFR","TWh","100% Domestic - Expensive U","100% Domestic","Reactor - Mod.","Fuel - Cons."
"USA",2075,"Nuclear - Large - PWR",402.952777777778,"Nuclear - Large - PWR","TWh","100% Domestic - Expensive U","100% Domestic","Reactor - Mod.","Fuel - Cons."
"USA",2075,"Nuclear - Legacy",17.4944722222222,"Nuclear - Legacy","TWh","100% Domestic - Expensive U","100% Domestic","Reactor - Mod.","Fuel - Cons."
"USA",2075,"Nuclear - SMR - BWR",163.349388888889,"Nuclear - SMR - BWR","TWh","100% Domestic - Expensive U","100% Domestic","Reactor - Mod.","Fuel - Cons."
"USA",2075,"Nuclear - SMR - HTGR",78.9043,"Nuclear - SMR - HTGR","TWh","100% Domestic - Expensive U","100% Domestic","Reactor - Mod.","Fuel - Cons."
"USA",2075,"Nuclear - SMR - MSR",9.87071666666667,"Nuclear - SMR - MSR","TWh","100% Domestic - Expensive U","100% Domestic","Reactor - Mod.","Fuel - Cons."
"USA",2075,"Nuclear - SMR - PWR modular",32.1169222222222,"Nuclear - SMR - PWR modular","TWh","100% Domestic - Expensive U","100% Domestic","Reactor - Mod.","Fuel - Cons."
"USA",2075,"Nuclear - SMR - SFR",48.0704138888889,"Nuclear - SMR - SFR","TWh","100% Domestic - Expensive U","100% Domestic","Reactor - Mod.","Fuel - Cons."
"USA",2080,"Nuclear - Large - PWR",480.128194444444,"Nuclear - Large - PWR","TWh","100% Domestic - Expensive U","100% Domestic","Reactor - Mod.","Fuel - Cons."
"USA",2080,"Nuclear - Legacy",8.97666666666667,"Nuclear - Legacy","TWh","100% Domestic - Expensive U","100% Domestic","Reactor - Mod.","Fuel - Cons."
"USA",2080,"Nuclear - SMR - BWR",204.323583333333,"Nuclear - SMR - BWR","TWh","100% Domestic - Expensive U","100% Domestic","Reactor - Mod.","Fuel - Cons."
"USA",2080,"Nuclear - SMR - HTGR",98.2590388888889,"Nuclear - SMR - HTGR","TWh","100% Domestic - Expensive U","100% Domestic","Reactor - Mod.","Fuel - Cons."
"USA",2080,"Nuclear - SMR - MSR",12.5971555555556,"Nuclear - SMR - MSR","TWh","100% Domestic - Expensive U","100% Domestic","Reactor - Mod.","Fuel - Cons."
"USA",2080,"Nuclear - SMR - PWR modular",38.59375,"Nuclear - SMR - PWR modular","TWh","100% Domestic - Expensive U","100% Domestic","Reactor - Mod.","Fuel - Cons."
"USA",2080,"Nuclear - SMR - SFR",58.4207583333333,"Nuclear - SMR - SFR","TWh","100% Domestic - Expensive U","100% Domestic","Reactor - Mod.","Fuel - Cons."
"USA",2085,"Nuclear - Large - PWR",535.561388888889,"Nuclear - Large - PWR","TWh","100% Domestic - Expensive U","100% Domestic","Reactor - Mod.","Fuel - Cons."
"USA",2085,"Nuclear - Legacy",8.96994444444445,"Nuclear - Legacy","TWh","100% Domestic - Expensive U","100% Domestic","Reactor - Mod.","Fuel - Cons."
"USA",2085,"Nuclear - SMR - BWR",236.392972222222,"Nuclear - SMR - BWR","TWh","100% Domestic - Expensive U","100% Domestic","Reactor - Mod.","Fuel - Cons."
"USA",2085,"Nuclear - SMR - HTGR",113.314408333333,"Nuclear - SMR - HTGR","TWh","100% Domestic - Expensive U","100% Domestic","Reactor - Mod.","Fuel - Cons."
"USA",2085,"Nuclear - SMR - MSR",14.3124111111111,"Nuclear - SMR - MSR","TWh","100% Domestic - Expensive U","100% Domestic","Reactor - Mod.","Fuel - Cons."
"USA",2085,"Nuclear - SMR - PWR modular",43.2287777777778,"Nuclear - SMR - PWR modular","TWh","100% Domestic - Expensive U","100% Domestic","Reactor - Mod.","Fuel - Cons."
"USA",2085,"Nuclear - SMR - SFR",66.0585388888889,"Nuclear - SMR - SFR","TWh","100% Domestic - Expensive U","100% Domestic","Reactor - Mod.","Fuel - Cons."
"USA",2090,"Nuclear - Large - PWR",570.322527777778,"Nuclear - Large - PWR","TWh","100% Domestic - Expensive U","100% Domestic","Reactor - Mod.","Fuel - Cons."
"USA",2090,"Nuclear - Legacy",8.93097222222222,"Nuclear - Legacy","TWh","100% Domestic - Expensive U","100% Domestic","Reactor - Mod.","Fuel - Cons."
"USA",2090,"Nuclear - SMR - BWR",264.501305555556,"Nuclear - SMR - BWR","TWh","100% Domestic - Expensive U","100% Domestic","Reactor - Mod.","Fuel - Cons."
"USA",2090,"Nuclear - SMR - HTGR",126.546488888889,"Nuclear - SMR - HTGR","TWh","100% Domestic - Expensive U","100% Domestic","Reactor - Mod.","Fuel - Cons."
"USA",2090,"Nuclear - SMR - MSR",15.7293222222222,"Nuclear - SMR - MSR","TWh","100% Domestic - Expensive U","100% Domestic","Reactor - Mod.","Fuel - Cons."
"USA",2090,"Nuclear - SMR - PWR modular",47.0849138888889,"Nuclear - SMR - PWR modular","TWh","100% Domestic - Expensive U","100% Domestic","Reactor - Mod.","Fuel - Cons."
"USA",2090,"Nuclear - SMR - SFR",72.5299055555556,"Nuclear - SMR - SFR","TWh","100% Domestic - Expensive U","100% Domestic","Reactor - Mod.","Fuel - Cons."
"USA",2095,"Nuclear - Large - PWR",604.543055555555,"Nuclear - Large - PWR","TWh","100% Domestic - Expensive U","100% Domestic","Reactor - Mod.","Fuel - Cons."
"USA",2095,"Nuclear - Legacy",8.87575,"Nuclear - Legacy","TWh","100% Domestic - Expensive U","100% Domestic","Reactor - Mod.","Fuel - Cons."
"USA",2095,"Nuclear - SMR - BWR",293.394833333333,"Nuclear - SMR - BWR","TWh","100% Domestic - Expensive U","100% Domestic","Reactor - Mod.","Fuel - Cons."
"USA",2095,"Nuclear - SMR - HTGR",139.388416666667,"Nuclear - SMR - HTGR","TWh","100% Domestic - Expensive U","100% Domestic","Reactor - Mod.","Fuel - Cons."
"USA",2095,"Nuclear - SMR - MSR",16.8452416666667,"Nuclear - SMR - MSR","TWh","100% Domestic - Expensive U","100% Domestic","Reactor - Mod.","Fuel - Cons."
"USA",2095,"Nuclear - SMR - PWR modular",49.1780194444444,"Nuclear - SMR - PWR modular","TWh","100% Domestic - Expensive U","100% Domestic","Reactor - Mod.","Fuel - Cons."
"USA",2095,"Nuclear - SMR - SFR",77.4215277777778,"Nuclear - SMR - SFR","TWh","100% Domestic - Expensive U","100% Domestic","Reactor - Mod.","Fuel - Cons."
"USA",2100,"Nuclear - Large - PWR",635.943888888889,"Nuclear - Large - PWR","TWh","100% Domestic - Expensive U","100% Domestic","Reactor - Mod.","Fuel - Cons."
"USA",2100,"Nuclear - SMR - BWR",319.16375,"Nuclear - SMR - BWR","TWh","100% Domestic - Expensive U","100% Domestic","Reactor - Mod.","Fuel - Cons."
"USA",2100,"Nuclear - SMR - HTGR",151.579972222222,"Nuclear - SMR - HTGR","TWh","100% Domestic - Expensive U","100% Domestic","Reactor - Mod.","Fuel - Cons."
"USA",2100,"Nuclear - SMR - MSR",18.6160388888889,"Nuclear - SMR - MSR","TWh","100% Domestic - Expensive U","100% Domestic","Reactor - Mod.","Fuel - Cons."
"USA",2100,"Nuclear - SMR - PWR modular",51.6545361111111,"Nuclear - SMR - PWR modular","TWh","100% Domestic - Expensive U","100% Domestic","Reactor - Mod.","Fuel - Cons."
"USA",2100,"Nuclear - SMR - SFR",82.6088611111111,"Nuclear - SMR - SFR","TWh","100% Domestic - Expensive U","100% Domestic","Reactor - Mod.","Fuel - Cons."
"USA",2021,"Nuclear - Legacy",811.546555555556,"Nuclear - Legacy","TWh","Current Trade","Current","Reactor - Mod.","Fuel - Mod."
"USA",2025,"Nuclear - Large - PWR",18.3333333333333,"Nuclear - Large - PWR","TWh","Current Trade","Current","Reactor - Mod.","Fuel - Mod."
"USA",2025,"Nuclear - Legacy",808.447694444444,"Nuclear - Legacy","TWh","Current Trade","Current","Reactor - Mod.","Fuel - Mod."
"USA",2030,"Nuclear - Large - PWR",30.9442777777778,"Nuclear - Large - PWR","TWh","Current Trade","Current","Reactor - Mod.","Fuel - Mod."
"USA",2030,"Nuclear - Legacy",808.277861111111,"Nuclear - Legacy","TWh","Current Trade","Current","Reactor - Mod.","Fuel - Mod."
"USA",2035,"Nuclear - Large - PWR",54.3306388888889,"Nuclear - Large - PWR","TWh","Current Trade","Current","Reactor - Mod.","Fuel - Mod."
"USA",2035,"Nuclear - Legacy",788.52025,"Nuclear - Legacy","TWh","Current Trade","Current","Reactor - Mod.","Fuel - Mod."
"USA",2035,"Nuclear - SMR - BWR",3.509,"Nuclear - SMR - BWR","TWh","Current Trade","Current","Reactor - Mod.","Fuel - Mod."
"USA",2035,"Nuclear - SMR - HTGR",2.97255555555556,"Nuclear - SMR - HTGR","TWh","Current Trade","Current","Reactor - Mod.","Fuel - Mod."
"USA",2035,"Nuclear - SMR - MSR",1.50362777777778,"Nuclear - SMR - MSR","TWh","Current Trade","Current","Reactor - Mod.","Fuel - Mod."
"USA",2035,"Nuclear - SMR - PWR modular",2.89219444444444,"Nuclear - SMR - PWR modular","TWh","Current Trade","Current","Reactor - Mod.","Fuel - Mod."
"USA",2035,"Nuclear - SMR - SFR",2.94394444444444,"Nuclear - SMR - SFR","TWh","Current Trade","Current","Reactor - Mod.","Fuel - Mod."
"USA",2040,"Nuclear - Large - PWR",104.609944444444,"Nuclear - Large - PWR","TWh","Current Trade","Current","Reactor - Mod.","Fuel - Mod."
"USA",2040,"Nuclear - Legacy",788.458666666667,"Nuclear - Legacy","TWh","Current Trade","Current","Reactor - Mod.","Fuel - Mod."
"USA",2040,"Nuclear - SMR - BWR",10.7784722222222,"Nuclear - SMR - BWR","TWh","Current Trade","Current","Reactor - Mod.","Fuel - Mod."
"USA",2040,"Nuclear - SMR - HTGR",8.22322222222222,"Nuclear - SMR - HTGR","TWh","Current Trade","Current","Reactor - Mod.","Fuel - Mod."
"USA",2040,"Nuclear - SMR - MSR",3.88512777777778,"Nuclear - SMR - MSR","TWh","Current Trade","Current","Reactor - Mod.","Fuel - Mod."
"USA",2040,"Nuclear - SMR - PWR modular",7.49844444444444,"Nuclear - SMR - PWR modular","TWh","Current Trade","Current","Reactor - Mod.","Fuel - Mod."
"USA",2040,"Nuclear - SMR - SFR",7.83441666666667,"Nuclear - SMR - SFR","TWh","Current Trade","Current","Reactor - Mod.","Fuel - Mod."
"USA",2045,"Nuclear - Large - PWR",166.023555555556,"Nuclear - Large - PWR","TWh","Current Trade","Current","Reactor - Mod.","Fuel - Mod."
"USA",2045,"Nuclear - Legacy",788.313861111111,"Nuclear - Legacy","TWh","Current Trade","Current","Reactor - Mod.","Fuel - Mod."
"USA",2045,"Nuclear - SMR - BWR",22.2074166666667,"Nuclear - SMR - BWR","TWh","Current Trade","Current","Reactor - Mod.","Fuel - Mod."
"USA",2045,"Nuclear - SMR - HTGR",15.8116388888889,"Nuclear - SMR - HTGR","TWh","Current Trade","Current","Reactor - Mod.","Fuel - Mod."
"USA",2045,"Nuclear - SMR - MSR",6.86509722222222,"Nuclear - SMR - MSR","TWh","Current Trade","Current","Reactor - Mod.","Fuel - Mod."
"USA",2045,"Nuclear - SMR - PWR modular",12.8515277777778,"Nuclear - SMR - PWR modular","TWh","Current Trade","Current","Reactor - Mod.","Fuel - Mod."
"USA",2045,"Nuclear - SMR - SFR",14.6392222222222,"Nuclear - SMR - SFR","TWh","Current Trade","Current","Reactor - Mod.","Fuel - Mod."
"USA",2050,"Nuclear - Large - PWR",269.620972222222,"Nuclear - Large - PWR","TWh","Current Trade","Current","Reactor - Mod.","Fuel - Mod."
"USA",2050,"Nuclear - Legacy",759.85725,"Nuclear - Legacy","TWh","Current Trade","Current","Reactor - Mod.","Fuel - Mod."
"USA",2050,"Nuclear - SMR - BWR",46.7481111111111,"Nuclear - SMR - BWR","TWh","Current Trade","Current","Reactor - Mod.","Fuel - Mod."
"USA",2050,"Nuclear - SMR - HTGR",31.10475,"Nuclear - SMR - HTGR","TWh","Current Trade","Current","Reactor - Mod.","Fuel - Mod."
"USA",2050,"Nuclear - SMR - MSR",11.8964944444444,"Nuclear - SMR - MSR","TWh","Current Trade","Current","Reactor - Mod.","Fuel - Mod."
"USA",2050,"Nuclear - SMR - PWR modular",22.0614444444444,"Nuclear - SMR - PWR modular","TWh","Current Trade","Current","Reactor - Mod.","Fuel - Mod."
"USA",2050,"Nuclear - SMR - SFR",27.1624722222222,"Nuclear - SMR - SFR","TWh","Current Trade","Current","Reactor - Mod.","Fuel - Mod."
"USA",2055,"Nuclear - Large - PWR",350.687555555556,"Nuclear - Large - PWR","TWh","Current Trade","Current","Reactor - Mod.","Fuel - Mod."
"USA",2055,"Nuclear - Legacy",538.461777777778,"Nuclear - Legacy","TWh","Current Trade","Current","Reactor - Mod.","Fuel - Mod."
"USA",2055,"Nuclear - SMR - BWR",72.0905555555556,"Nuclear - SMR - BWR","TWh","Current Trade","Current","Reactor - Mod.","Fuel - Mod."
"USA",2055,"Nuclear - SMR - HTGR",45.9214722222222,"Nuclear - SMR - HTGR","TWh","Current Trade","Current","Reactor - Mod.","Fuel - Mod."
"USA",2055,"Nuclear - SMR - MSR",15.5092,"Nuclear - SMR - MSR","TWh","Current Trade","Current","Reactor - Mod.","Fuel - Mod."
"USA",2055,"Nuclear - SMR - PWR modular",29.3586944444444,"Nuclear - SMR - PWR modular","TWh","Current Trade","Current","Reactor - Mod.","Fuel - Mod."
"USA",2055,"Nuclear - SMR - SFR",37.7638055555556,"Nuclear - SMR - SFR","TWh","Current Trade","Current","Reactor - Mod.","Fuel - Mod."
"USA",2060,"Nuclear - Large - PWR",419.042638888889,"Nuclear - Large - PWR","TWh","Current Trade","Current","Reactor - Mod.","Fuel - Mod."
"USA",2060,"Nuclear - Legacy",418.172,"Nuclear - Legacy","TWh","Current Trade","Current","Reactor - Mod.","Fuel - Mod."
"USA",2060,"Nuclear - SMR - BWR",96.995,"Nuclear - SMR - BWR","TWh","Current Trade","Current","Reactor - Mod.","Fuel - Mod."
"USA",2060,"Nuclear - SMR - HTGR",59.9801666666667,"Nuclear - SMR - HTGR","TWh","Current Trade","Current","Reactor - Mod.","Fuel - Mod."
"USA",2060,"Nuclear - SMR - MSR",18.3413305555556,"Nuclear - SMR - MSR","TWh","Current Trade","Current","Reactor - Mod.","Fuel - Mod."
"USA",2060,"Nuclear - SMR - PWR modular",35.5047222222222,"Nuclear - SMR - PWR modular","TWh","Current Trade","Current","Reactor - Mod.","Fuel - Mod."
"USA",2060,"Nuclear - SMR - SFR",47.0151111111111,"Nuclear - SMR - SFR","TWh","Current Trade","Current","Reactor - Mod.","Fuel - Mod."
"USA",2065,"Nuclear - Large - PWR",493.103166666667,"Nuclear - Large - PWR","TWh","Current Trade","Current","Reactor - Mod.","Fuel - Mod."
"USA",2065,"Nuclear - Legacy",238.953972222222,"Nuclear - Legacy","TWh","Current Trade","Current","Reactor - Mod.","Fuel - Mod."
"USA",2065,"Nuclear - SMR - BWR",125.800416666667,"Nuclear - SMR - BWR","TWh","Current Trade","Current","Reactor - Mod.","Fuel - Mod."
"USA",2065,"Nuclear - SMR - HTGR",75.95575,"Nuclear - SMR - HTGR","TWh","Current Trade","Current","Reactor - Mod.","Fuel - Mod."
"USA",2065,"Nuclear - SMR - MSR",21.5520916666667,"Nuclear - SMR - MSR","TWh","Current Trade","Current","Reactor - Mod.","Fuel - Mod."
"USA",2065,"Nuclear - SMR - PWR modular",42.1543055555556,"Nuclear - SMR - PWR modular","TWh","Current Trade","Current","Reactor - Mod.","Fuel - Mod."
"USA",2065,"Nuclear - SMR - SFR",57.1285277777778,"Nuclear - SMR - SFR","TWh","Current Trade","Current","Reactor - Mod.","Fuel - Mod."
"USA",2070,"Nuclear - Large - PWR",570.496388888889,"Nuclear - Large - PWR","TWh","Current Trade","Current","Reactor - Mod.","Fuel - Mod."
"USA",2070,"Nuclear - Legacy",46.2204166666667,"Nuclear - Legacy","TWh","Current Trade","Current","Reactor - Mod.","Fuel - Mod."
"USA",2070,"Nuclear - SMR - BWR",157.466777777778,"Nuclear - SMR - BWR","TWh","Current Trade","Current","Reactor - Mod.","Fuel - Mod."
"USA",2070,"Nuclear - SMR - HTGR",93.2785555555556,"Nuclear - SMR - HTGR","TWh","Current Trade","Current","Reactor - Mod.","Fuel - Mod."
"USA",2070,"Nuclear - SMR - MSR",24.9833,"Nuclear - SMR - MSR","TWh","Current Trade","Current","Reactor - Mod.","Fuel - Mod."
"USA",2070,"Nuclear - SMR - PWR modular",49.1124166666667,"Nuclear - SMR - PWR modular","TWh","Current Trade","Current","Reactor - Mod.","Fuel - Mod."
"USA",2070,"Nuclear - SMR - SFR",67.7923055555556,"Nuclear - SMR - SFR","TWh","Current Trade","Current","Reactor - Mod.","Fuel - Mod."
"USA",2075,"Nuclear - Large - PWR",646.496166666667,"Nuclear - Large - PWR","TWh","Current Trade","Current","Reactor - Mod.","Fuel - Mod."
"USA",2075,"Nuclear - Legacy",18.0648888888889,"Nuclear - Legacy","TWh","Current Trade","Current","Reactor - Mod.","Fuel - Mod."
"USA",2075,"Nuclear - SMR - BWR",189.96925,"Nuclear - SMR - BWR","TWh","Current Trade","Current","Reactor - Mod.","Fuel - Mod."
"USA",2075,"Nuclear - SMR - HTGR",110.867638888889,"Nuclear - SMR - HTGR","TWh","Current Trade","Current","Reactor - Mod.","Fuel - Mod."
"USA",2075,"Nuclear - SMR - MSR",28.3899416666667,"Nuclear - SMR - MSR","TWh","Current Trade","Current","Reactor - Mod.","Fuel - Mod."
"USA",2075,"Nuclear - SMR - PWR modular",55.9542222222222,"Nuclear - SMR - PWR modular","TWh","Current Trade","Current","Reactor - Mod.","Fuel - Mod."
"USA",2075,"Nuclear - SMR - SFR",78.3565,"Nuclear - SMR - SFR","TWh","Current Trade","Current","Reactor - Mod.","Fuel - Mod."
"USA",2080,"Nuclear - Large - PWR",743.200583333333,"Nuclear - Large - PWR","TWh","Current Trade","Current","Reactor - Mod.","Fuel - Mod."
"USA",2080,"Nuclear - Legacy",9.21761111111111,"Nuclear - Legacy","TWh","Current Trade","Current","Reactor - Mod.","Fuel - Mod."
"USA",2080,"Nuclear - SMR - BWR",232.588916666667,"Nuclear - SMR - BWR","TWh","Current Trade","Current","Reactor - Mod.","Fuel - Mod."
"USA",2080,"Nuclear - SMR - HTGR",133.762083333333,"Nuclear - SMR - HTGR","TWh","Current Trade","Current","Reactor - Mod.","Fuel - Mod."
"USA",2080,"Nuclear - SMR - MSR",32.8288555555556,"Nuclear - SMR - MSR","TWh","Current Trade","Current","Reactor - Mod.","Fuel - Mod."
"USA",2080,"Nuclear - SMR - PWR modular",64.6851111111111,"Nuclear - SMR - PWR modular","TWh","Current Trade","Current","Reactor - Mod.","Fuel - Mod."
"USA",2080,"Nuclear - SMR - SFR",91.8857222222222,"Nuclear - SMR - SFR","TWh","Current Trade","Current","Reactor - Mod.","Fuel - Mod."
"USA",2085,"Nuclear - Large - PWR",815.583055555556,"Nuclear - Large - PWR","TWh","Current Trade","Current","Reactor - Mod.","Fuel - Mod."
"USA",2085,"Nuclear - Legacy",9.20963888888889,"Nuclear - Legacy","TWh","Current Trade","Current","Reactor - Mod.","Fuel - Mod."
"USA",2085,"Nuclear - SMR - BWR",266.284666666667,"Nuclear - SMR - BWR","TWh","Current Trade","Current","Reactor - Mod.","Fuel - Mod."
"USA",2085,"Nuclear - SMR - HTGR",151.641805555556,"Nuclear - SMR - HTGR","TWh","Current Trade","Current","Reactor - Mod.","Fuel - Mod."
"USA",2085,"Nuclear - SMR - MSR",35.8617805555556,"Nuclear - SMR - MSR","TWh","Current Trade","Current","Reactor - Mod.","Fuel - Mod."
"USA",2085,"Nuclear - SMR - PWR modular",71.2735,"Nuclear - SMR - PWR modular","TWh","Current Trade","Current","Reactor - Mod.","Fuel - Mod."
"USA",2085,"Nuclear - SMR - SFR",102.217,"Nuclear - SMR - SFR","TWh","Current Trade","Current","Reactor - Mod.","Fuel - Mod."
"USA",2090,"Nuclear - Large - PWR",865.227194444444,"Nuclear - Large - PWR","TWh","Current Trade","Current","Reactor - Mod.","Fuel - Mod."
"USA",2090,"Nuclear - Legacy",9.19652777777778,"Nuclear - Legacy","TWh","Current Trade","Current","Reactor - Mod.","Fuel - Mod."
"USA",2090,"Nuclear - SMR - BWR",295.889583333333,"Nuclear - SMR - BWR","TWh","Current Trade","Current","Reactor - Mod.","Fuel - Mod."
"USA",2090,"Nuclear - SMR - HTGR",167.251194444444,"Nuclear - SMR - HTGR","TWh","Current Trade","Current","Reactor - Mod.","Fuel - Mod."
"USA",2090,"Nuclear - SMR - MSR",38.3414555555556,"Nuclear - SMR - MSR","TWh","Current Trade","Current","Reactor - Mod.","Fuel - Mod."
"USA",2090,"Nuclear - SMR - PWR modular",76.9586388888889,"Nuclear - SMR - PWR modular","TWh","Current Trade","Current","Reactor - Mod.","Fuel - Mod."
"USA",2090,"Nuclear - SMR - SFR",111.173055555556,"Nuclear - SMR - SFR","TWh","Current Trade","Current","Reactor - Mod.","Fuel - Mod."
"USA",2095,"Nuclear - Large - PWR",912.374444444444,"Nuclear - Large - PWR","TWh","Current Trade","Current","Reactor - Mod.","Fuel - Mod."
"USA",2095,"Nuclear - Legacy",9.17775,"Nuclear - Legacy","TWh","Current Trade","Current","Reactor - Mod.","Fuel - Mod."
"USA",2095,"Nuclear - SMR - BWR",326.278305555556,"Nuclear - SMR - BWR","TWh","Current Trade","Current","Reactor - Mod.","Fuel - Mod."
"USA",2095,"Nuclear - SMR - HTGR",182.1115,"Nuclear - SMR - HTGR","TWh","Current Trade","Current","Reactor - Mod.","Fuel - Mod."
"USA",2095,"Nuclear - SMR - MSR",39.785125,"Nuclear - SMR - MSR","TWh","Current Trade","Current","Reactor - Mod.","Fuel - Mod."
"USA",2095,"Nuclear - SMR - PWR modular",80.60525,"Nuclear - SMR - PWR modular","TWh","Current Trade","Current","Reactor - Mod.","Fuel - Mod."
"USA",2095,"Nuclear - SMR - SFR",118.483416666667,"Nuclear - SMR - SFR","TWh","Current Trade","Current","Reactor - Mod.","Fuel - Mod."
"USA",2100,"Nuclear - Large - PWR",882.9775,"Nuclear - Large - PWR","TWh","Current Trade","Current","Reactor - Mod.","Fuel - Mod."
"USA",2100,"Nuclear - SMR - BWR",346.346638888889,"Nuclear - SMR - BWR","TWh","Current Trade","Current","Reactor - Mod.","Fuel - Mod."
"USA",2100,"Nuclear - SMR - HTGR",189.72575,"Nuclear - SMR - HTGR","TWh","Current Trade","Current","Reactor - Mod.","Fuel - Mod."
"USA",2100,"Nuclear - SMR - MSR",34.6918972222222,"Nuclear - SMR - MSR","TWh","Current Trade","Current","Reactor - Mod.","Fuel - Mod."
"USA",2100,"Nuclear - SMR - PWR modular",77.3728888888889,"Nuclear - SMR - PWR modular","TWh","Current Trade","Current","Reactor - Mod.","Fuel - Mod."
"USA",2100,"Nuclear - SMR - SFR",117.777305555556,"Nuclear - SMR - SFR","TWh","Current Trade","Current","Reactor - Mod.","Fuel - Mod."
"USA",2021,"Nuclear - Legacy",811.546555555556,"Nuclear - Legacy","TWh","Limited Trade","Limited","Reactor - Mod.","Fuel - Mod."
"USA",2025,"Nuclear - Large - PWR",18.3333333333333,"Nuclear - Large - PWR","TWh","Limited Trade","Limited","Reactor - Mod.","Fuel - Mod."
"USA",2025,"Nuclear - Legacy",808.447666666667,"Nuclear - Legacy","TWh","Limited Trade","Limited","Reactor - Mod.","Fuel - Mod."
"USA",2030,"Nuclear - Large - PWR",31.0501111111111,"Nuclear - Large - PWR","TWh","Limited Trade","Limited","Reactor - Mod.","Fuel - Mod."
"USA",2030,"Nuclear - Legacy",808.312333333333,"Nuclear - Legacy","TWh","Limited Trade","Limited","Reactor - Mod.","Fuel - Mod."
"USA",2035,"Nuclear - Large - PWR",54.6067777777778,"Nuclear - Large - PWR","TWh","Limited Trade","Limited","Reactor - Mod.","Fuel - Mod."
"USA",2035,"Nuclear - Legacy",788.543416666667,"Nuclear - Legacy","TWh","Limited Trade","Limited","Reactor - Mod.","Fuel - Mod."
"USA",2035,"Nuclear - SMR - BWR",3.51655555555556,"Nuclear - SMR - BWR","TWh","Limited Trade","Limited","Reactor - Mod.","Fuel - Mod."
"USA",2035,"Nuclear - SMR - HTGR",2.98058333333333,"Nuclear - SMR - HTGR","TWh","Limited Trade","Limited","Reactor - Mod.","Fuel - Mod."
"USA",2035,"Nuclear - SMR - MSR",1.51156666666667,"Nuclear - SMR - MSR","TWh","Limited Trade","Limited","Reactor - Mod.","Fuel - Mod."
"USA",2035,"Nuclear - SMR - PWR modular",2.90933333333333,"Nuclear - SMR - PWR modular","TWh","Limited Trade","Limited","Reactor - Mod.","Fuel - Mod."
"USA",2035,"Nuclear - SMR - SFR",2.95841666666667,"Nuclear - SMR - SFR","TWh","Limited Trade","Limited","Reactor - Mod.","Fuel - Mod."
"USA",2040,"Nuclear - Large - PWR",99.5521666666667,"Nuclear - Large - PWR","TWh","Limited Trade","Limited","Reactor - Mod.","Fuel - Mod."
"USA",2040,"Nuclear - Legacy",787.728444444444,"Nuclear - Legacy","TWh","Limited Trade","Limited","Reactor - Mod.","Fuel - Mod."
"USA",2040,"Nuclear - SMR - BWR",10.4750833333333,"Nuclear - SMR - BWR","TWh","Limited Trade","Limited","Reactor - Mod.","Fuel - Mod."
"USA",2040,"Nuclear - SMR - HTGR",7.9555,"Nuclear - SMR - HTGR","TWh","Limited Trade","Limited","Reactor - Mod.","Fuel - Mod."
"USA",2040,"Nuclear - SMR - MSR",3.63878888888889,"Nuclear - SMR - MSR","TWh","Limited Trade","Limited","Reactor - Mod.","Fuel - Mod."
"USA",2040,"Nuclear - SMR - PWR modular",6.99811111111111,"Nuclear - SMR - PWR modular","TWh","Limited Trade","Limited","Reactor - Mod.","Fuel - Mod."
"USA",2040,"Nuclear - SMR - SFR",7.39113888888889,"Nuclear - SMR - SFR","TWh","Limited Trade","Limited","Reactor - Mod.","Fuel - Mod."
"USA",2045,"Nuclear - Large - PWR",149.031555555556,"Nuclear - Large - PWR","TWh","Limited Trade","Limited","Reactor - Mod.","Fuel - Mod."
"USA",2045,"Nuclear - Legacy",786.584055555556,"Nuclear - Legacy","TWh","Limited Trade","Limited","Reactor - Mod.","Fuel - Mod."
"USA",2045,"Nuclear - SMR - BWR",20.9022777777778,"Nuclear - SMR - BWR","TWh","Limited Trade","Limited","Reactor - Mod.","Fuel - Mod."
"USA",2045,"Nuclear - SMR - HTGR",14.7498333333333,"Nuclear - SMR - HTGR","TWh","Limited Trade","Limited","Reactor - Mod.","Fuel - Mod."
"USA",2045,"Nuclear - SMR - MSR",6.00287777777778,"Nuclear - SMR - MSR","TWh","Limited Trade","Limited","Reactor - Mod.","Fuel - Mod."
"USA",2045,"Nuclear - SMR - PWR modular",11.2198333333333,"Nuclear - SMR - PWR modular","TWh","Limited Trade","Limited","Reactor - Mod.","Fuel - Mod."
"USA",2045,"Nuclear - SMR - SFR",12.91775,"Nuclear - SMR - SFR","TWh","Limited Trade","Limited","Reactor - Mod.","Fuel - Mod."
"USA",2050,"Nuclear - Large - PWR",238.337694444444,"Nuclear - Large - PWR","TWh","Limited Trade","Limited","Reactor - Mod.","Fuel - Mod."
"USA",2050,"Nuclear - Legacy",757.835972222222,"Nuclear - Legacy","TWh","Limited Trade","Limited","Reactor - Mod.","Fuel - Mod."
"USA",2050,"Nuclear - SMR - BWR",44.0253611111111,"Nuclear - SMR - BWR","TWh","Limited Trade","Limited","Reactor - Mod.","Fuel - Mod."
"USA",2050,"Nuclear - SMR - HTGR",28.9487777777778,"Nuclear - SMR - HTGR","TWh","Limited Trade","Limited","Reactor - Mod.","Fuel - Mod."
"USA",2050,"Nuclear - SMR - MSR",10.2850694444444,"Nuclear - SMR - MSR","TWh","Limited Trade","Limited","Reactor - Mod.","Fuel - Mod."
"USA",2050,"Nuclear - SMR - PWR modular",18.9085555555556,"Nuclear - SMR - PWR modular","TWh","Limited Trade","Limited","Reactor - Mod.","Fuel - Mod."
"USA",2050,"Nuclear - SMR - SFR",23.5739166666667,"Nuclear - SMR - SFR","TWh","Limited Trade","Limited","Reactor - Mod.","Fuel - Mod."
"USA",2055,"Nuclear - Large - PWR",313.891194444444,"Nuclear - Large - PWR","TWh","Limited Trade","Limited","Reactor - Mod.","Fuel - Mod."
"USA",2055,"Nuclear - Legacy",537.22725,"Nuclear - Legacy","TWh","Limited Trade","Limited","Reactor - Mod.","Fuel - Mod."
"USA",2055,"Nuclear - SMR - BWR",68.7948888888889,"Nuclear - SMR - BWR","TWh","Limited Trade","Limited","Reactor - Mod.","Fuel - Mod."
"USA",2055,"Nuclear - SMR - HTGR",43.2830277777778,"Nuclear - SMR - HTGR","TWh","Limited Trade","Limited","Reactor - Mod.","Fuel - Mod."
"USA",2055,"Nuclear - SMR - MSR",13.635025,"Nuclear - SMR - MSR","TWh","Limited Trade","Limited","Reactor - Mod.","Fuel - Mod."
"USA",2055,"Nuclear - SMR - PWR modular",25.4845277777778,"Nuclear - SMR - PWR modular","TWh","Limited Trade","Limited","Reactor - Mod.","Fuel - Mod."
"USA",2055,"Nuclear - SMR - SFR",33.2328333333333,"Nuclear - SMR - SFR","TWh","Limited Trade","Limited","Reactor - Mod.","Fuel - Mod."
"USA",2060,"Nuclear - Large - PWR",380.554916666667,"Nuclear - Large - PWR","TWh","Limited Trade","Limited","Reactor - Mod.","Fuel - Mod."
"USA",2060,"Nuclear - Legacy",417.548666666667,"Nuclear - Legacy","TWh","Limited Trade","Limited","Reactor - Mod.","Fuel - Mod."
"USA",2060,"Nuclear - SMR - BWR",93.6555,"Nuclear - SMR - BWR","TWh","Limited Trade","Limited","Reactor - Mod.","Fuel - Mod."
"USA",2060,"Nuclear - SMR - HTGR",57.2148888888889,"Nuclear - SMR - HTGR","TWh","Limited Trade","Limited","Reactor - Mod.","Fuel - Mod."
"USA",2060,"Nuclear - SMR - MSR",16.4508416666667,"Nuclear - SMR - MSR","TWh","Limited Trade","Limited","Reactor - Mod.","Fuel - Mod."
"USA",2060,"Nuclear - SMR - PWR modular",31.3070833333333,"Nuclear - SMR - PWR modular","TWh","Limited Trade","Limited","Reactor - Mod.","Fuel - Mod."
"USA",2060,"Nuclear - SMR - SFR",42.0406944444444,"Nuclear - SMR - SFR","TWh","Limited Trade","Limited","Reactor - Mod.","Fuel - Mod."
"USA",2065,"Nuclear - Large - PWR",453.713083333333,"Nuclear - Large - PWR","TWh","Limited Trade","Limited","Reactor - Mod.","Fuel - Mod."
"USA",2065,"Nuclear - Legacy",238.743666666667,"Nuclear - Legacy","TWh","Limited Trade","Limited","Reactor - Mod.","Fuel - Mod."
"USA",2065,"Nuclear - SMR - BWR",122.617916666667,"Nuclear - SMR - BWR","TWh","Limited Trade","Limited","Reactor - Mod.","Fuel - Mod."
"USA",2065,"Nuclear - SMR - HTGR",73.1745,"Nuclear - SMR - HTGR","TWh","Limited Trade","Limited","Reactor - Mod.","Fuel - Mod."
"USA",2065,"Nuclear - SMR - MSR",19.6572111111111,"Nuclear - SMR - MSR","TWh","Limited Trade","Limited","Reactor - Mod.","Fuel - Mod."
"USA",2065,"Nuclear - SMR - PWR modular",37.7123888888889,"Nuclear - SMR - PWR modular","TWh","Limited Trade","Limited","Reactor - Mod.","Fuel - Mod."
"USA",2065,"Nuclear - SMR - SFR",51.8256666666667,"Nuclear - SMR - SFR","TWh","Limited Trade","Limited","Reactor - Mod.","Fuel - Mod."
"USA",2070,"Nuclear - Large - PWR",530.64925,"Nuclear - Large - PWR","TWh","Limited Trade","Limited","Reactor - Mod.","Fuel - Mod."
"USA",2070,"Nuclear - Legacy",46.1946666666667,"Nuclear - Legacy","TWh","Limited Trade","Limited","Reactor - Mod.","Fuel - Mod."
"USA",2070,"Nuclear - SMR - BWR",154.641444444444,"Nuclear - SMR - BWR","TWh","Limited Trade","Limited","Reactor - Mod.","Fuel - Mod."
"USA",2070,"Nuclear - SMR - HTGR",90.5857777777778,"Nuclear - SMR - HTGR","TWh","Limited Trade","Limited","Reactor - Mod.","Fuel - Mod."
"USA",2070,"Nuclear - SMR - MSR",23.0741666666667,"Nuclear - SMR - MSR","TWh","Limited Trade","Limited","Reactor - Mod.","Fuel - Mod."
"USA",2070,"Nuclear - SMR - PWR modular",44.4729444444444,"Nuclear - SMR - PWR modular","TWh","Limited Trade","Limited","Reactor - Mod.","Fuel - Mod."
"USA",2070,"Nuclear - SMR - SFR",62.2423888888889,"Nuclear - SMR - SFR","TWh","Limited Trade","Limited","Reactor - Mod.","Fuel - Mod."
"USA",2075,"Nuclear - Large - PWR",607.269333333333,"Nuclear - Large - PWR","TWh","Limited Trade","Limited","Reactor - Mod.","Fuel - Mod."
"USA",2075,"Nuclear - Legacy",18.06425,"Nuclear - Legacy","TWh","Limited Trade","Limited","Reactor - Mod.","Fuel - Mod."
"USA",2075,"Nuclear - SMR - BWR",187.760166666667,"Nuclear - SMR - BWR","TWh","Limited Trade","Limited","Reactor - Mod.","Fuel - Mod."
"USA",2075,"Nuclear - SMR - HTGR",108.417527777778,"Nuclear - SMR - HTGR","TWh","Limited Trade","Limited","Reactor - Mod.","Fuel - Mod."
"USA",2075,"Nuclear - SMR - MSR",26.5376055555556,"Nuclear - SMR - MSR","TWh","Limited Trade","Limited","Reactor - Mod.","Fuel - Mod."
"USA",2075,"Nuclear - SMR - PWR modular",51.2335277777778,"Nuclear - SMR - PWR modular","TWh","Limited Trade","Limited","Reactor - Mod.","Fuel - Mod."
"USA",2075,"Nuclear - SMR - SFR",72.7201111111111,"Nuclear - SMR - SFR","TWh","Limited Trade","Limited","Reactor - Mod.","Fuel - Mod."
"USA",2080,"Nuclear - Large - PWR",704.098944444444,"Nuclear - Large - PWR","TWh","Limited Trade","Limited","Reactor - Mod.","Fuel - Mod."
"USA",2080,"Nuclear - Legacy",9.21441666666666,"Nuclear - Legacy","TWh","Limited Trade","Limited","Reactor - Mod.","Fuel - Mod."
"USA",2080,"Nuclear - SMR - BWR",231.230472222222,"Nuclear - SMR - BWR","TWh","Limited Trade","Limited","Reactor - Mod.","Fuel - Mod."
"USA",2080,"Nuclear - SMR - HTGR",131.628388888889,"Nuclear - SMR - HTGR","TWh","Limited Trade","Limited","Reactor - Mod.","Fuel - Mod."
"USA",2080,"Nuclear - SMR - MSR",30.9245361111111,"Nuclear - SMR - MSR","TWh","Limited Trade","Limited","Reactor - Mod.","Fuel - Mod."
"USA",2080,"Nuclear - SMR - PWR modular",59.8055555555556,"Nuclear - SMR - PWR modular","TWh","Limited Trade","Limited","Reactor - Mod.","Fuel - Mod."
"USA",2080,"Nuclear - SMR - SFR",86.0978611111111,"Nuclear - SMR - SFR","TWh","Limited Trade","Limited","Reactor - Mod.","Fuel - Mod."
"USA",2085,"Nuclear - Large - PWR",775.696472222222,"Nuclear - Large - PWR","TWh","Limited Trade","Limited","Reactor - Mod.","Fuel - Mod."
"USA",2085,"Nuclear - Legacy",9.20127777777778,"Nuclear - Legacy","TWh","Limited Trade","Limited","Reactor - Mod.","Fuel - Mod."
"USA",2085,"Nuclear - SMR - BWR",265.374944444444,"Nuclear - SMR - BWR","TWh","Limited Trade","Limited","Reactor - Mod.","Fuel - Mod."
"USA",2085,"Nuclear - SMR - HTGR",149.626444444444,"Nuclear - SMR - HTGR","TWh","Limited Trade","Limited","Reactor - Mod.","Fuel - Mod."
"USA",2085,"Nuclear - SMR - MSR",33.8472166666667,"Nuclear - SMR - MSR","TWh","Limited Trade","Limited","Reactor - Mod.","Fuel - Mod."
"USA",2085,"Nuclear - SMR - PWR modular",66.1969166666667,"Nuclear - SMR - PWR modular","TWh","Limited Trade","Limited","Reactor - Mod.","Fuel - Mod."
"USA",2085,"Nuclear - SMR - SFR",96.2119722222222,"Nuclear - SMR - SFR","TWh","Limited Trade","Limited","Reactor - Mod.","Fuel - Mod."
"USA",2090,"Nuclear - Large - PWR",824.912222222222,"Nuclear - Large - PWR","TWh","Limited Trade","Limited","Reactor - Mod.","Fuel - Mod."
"USA",2090,"Nuclear - Legacy",9.18738888888889,"Nuclear - Legacy","TWh","Limited Trade","Limited","Reactor - Mod.","Fuel - Mod."
"USA",2090,"Nuclear - SMR - BWR",295.353166666667,"Nuclear - SMR - BWR","TWh","Limited Trade","Limited","Reactor - Mod.","Fuel - Mod."
"USA",2090,"Nuclear - SMR - HTGR",165.344916666667,"Nuclear - SMR - HTGR","TWh","Limited Trade","Limited","Reactor - Mod.","Fuel - Mod."
"USA",2090,"Nuclear - SMR - MSR",36.2984166666667,"Nuclear - SMR - MSR","TWh","Limited Trade","Limited","Reactor - Mod.","Fuel - Mod."
"USA",2090,"Nuclear - SMR - PWR modular",71.75,"Nuclear - SMR - PWR modular","TWh","Limited Trade","Limited","Reactor - Mod.","Fuel - Mod."
"USA",2090,"Nuclear - SMR - SFR",105.016916666667,"Nuclear - SMR - SFR","TWh","Limited Trade","Limited","Reactor - Mod.","Fuel - Mod."
"USA",2095,"Nuclear - Large - PWR",871.81,"Nuclear - Large - PWR","TWh","Limited Trade","Limited","Reactor - Mod.","Fuel - Mod."
"USA",2095,"Nuclear - Legacy",9.16786111111111,"Nuclear - Legacy","TWh","Limited Trade","Limited","Reactor - Mod.","Fuel - Mod."
"USA",2095,"Nuclear - SMR - BWR",326.253277777778,"Nuclear - SMR - BWR","TWh","Limited Trade","Limited","Reactor - Mod.","Fuel - Mod."
"USA",2095,"Nuclear - SMR - HTGR",180.376555555556,"Nuclear - SMR - HTGR","TWh","Limited Trade","Limited","Reactor - Mod.","Fuel - Mod."
"USA",2095,"Nuclear - SMR - MSR",37.7265833333333,"Nuclear - SMR - MSR","TWh","Limited Trade","Limited","Reactor - Mod.","Fuel - Mod."
"USA",2095,"Nuclear - SMR - PWR modular",75.26075,"Nuclear - SMR - PWR modular","TWh","Limited Trade","Limited","Reactor - Mod.","Fuel - Mod."
"USA",2095,"Nuclear - SMR - SFR",112.184666666667,"Nuclear - SMR - SFR","TWh","Limited Trade","Limited","Reactor - Mod.","Fuel - Mod."
"USA",2100,"Nuclear - Large - PWR",894.275833333333,"Nuclear - Large - PWR","TWh","Limited Trade","Limited","Reactor - Mod.","Fuel - Mod."
"USA",2100,"Nuclear - SMR - BWR",352.512611111111,"Nuclear - SMR - BWR","TWh","Limited Trade","Limited","Reactor - Mod.","Fuel - Mod."
"USA",2100,"Nuclear - SMR - HTGR",192.721388888889,"Nuclear - SMR - HTGR","TWh","Limited Trade","Limited","Reactor - Mod.","Fuel - Mod."
"USA",2100,"Nuclear - SMR - MSR",38.3803916666667,"Nuclear - SMR - MSR","TWh","Limited Trade","Limited","Reactor - Mod.","Fuel - Mod."
"USA",2100,"Nuclear - SMR - PWR modular",77.3333888888889,"Nuclear - SMR - PWR modular","TWh","Limited Trade","Limited","Reactor - Mod.","Fuel - Mod."
"USA",2100,"Nuclear - SMR - SFR",117.471305555556,"Nuclear - SMR - SFR","TWh","Limited Trade","Limited","Reactor - Mod.","Fuel - Mod."
"USA",2021,"Nuclear - Legacy",811.546555555556,"Nuclear - Legacy","TWh","Limited Trade - Adv. Fuel","Limited","Reactor - Mod.","Fuel - Adv."
"USA",2025,"Nuclear - Large - PWR",18.3333333333333,"Nuclear - Large - PWR","TWh","Limited Trade - Adv. Fuel","Limited","Reactor - Mod.","Fuel - Adv."
"USA",2025,"Nuclear - Legacy",808.449611111111,"Nuclear - Legacy","TWh","Limited Trade - Adv. Fuel","Limited","Reactor - Mod.","Fuel - Adv."
"USA",2030,"Nuclear - Large - PWR",31.1076666666667,"Nuclear - Large - PWR","TWh","Limited Trade - Adv. Fuel","Limited","Reactor - Mod.","Fuel - Adv."
"USA",2030,"Nuclear - Legacy",808.331222222222,"Nuclear - Legacy","TWh","Limited Trade - Adv. Fuel","Limited","Reactor - Mod.","Fuel - Adv."
"USA",2035,"Nuclear - Large - PWR",54.88725,"Nuclear - Large - PWR","TWh","Limited Trade - Adv. Fuel","Limited","Reactor - Mod.","Fuel - Adv."
"USA",2035,"Nuclear - Legacy",788.582611111111,"Nuclear - Legacy","TWh","Limited Trade - Adv. Fuel","Limited","Reactor - Mod.","Fuel - Adv."
"USA",2035,"Nuclear - SMR - BWR",3.50191666666667,"Nuclear - SMR - BWR","TWh","Limited Trade - Adv. Fuel","Limited","Reactor - Mod.","Fuel - Adv."
"USA",2035,"Nuclear - SMR - HTGR",3.01344444444444,"Nuclear - SMR - HTGR","TWh","Limited Trade - Adv. Fuel","Limited","Reactor - Mod.","Fuel - Adv."
"USA",2035,"Nuclear - SMR - MSR",1.61816388888889,"Nuclear - SMR - MSR","TWh","Limited Trade - Adv. Fuel","Limited","Reactor - Mod.","Fuel - Adv."
"USA",2035,"Nuclear - SMR - PWR modular",2.91711111111111,"Nuclear - SMR - PWR modular","TWh","Limited Trade - Adv. Fuel","Limited","Reactor - Mod.","Fuel - Adv."
"USA",2035,"Nuclear - SMR - SFR",2.95722222222222,"Nuclear - SMR - SFR","TWh","Limited Trade - Adv. Fuel","Limited","Reactor - Mod.","Fuel - Adv."
"USA",2040,"Nuclear - Large - PWR",103.152527777778,"Nuclear - Large - PWR","TWh","Limited Trade - Adv. Fuel","Limited","Reactor - Mod.","Fuel - Adv."
"USA",2040,"Nuclear - Legacy",788.234916666667,"Nuclear - Legacy","TWh","Limited Trade - Adv. Fuel","Limited","Reactor - Mod.","Fuel - Adv."
"USA",2040,"Nuclear - SMR - BWR",10.5399444444444,"Nuclear - SMR - BWR","TWh","Limited Trade - Adv. Fuel","Limited","Reactor - Mod.","Fuel - Adv."
"USA",2040,"Nuclear - SMR - HTGR",8.23733333333333,"Nuclear - SMR - HTGR","TWh","Limited Trade - Adv. Fuel","Limited","Reactor - Mod.","Fuel - Adv."
"USA",2040,"Nuclear - SMR - MSR",4.16729722222222,"Nuclear - SMR - MSR","TWh","Limited Trade - Adv. Fuel","Limited","Reactor - Mod.","Fuel - Adv."
"USA",2040,"Nuclear - SMR - PWR modular",7.25905555555556,"Nuclear - SMR - PWR modular","TWh","Limited Trade - Adv. Fuel","Limited","Reactor - Mod.","Fuel - Adv."
"USA",2040,"Nuclear - SMR - SFR",7.60152777777778,"Nuclear - SMR - SFR","TWh","Limited Trade - Adv. Fuel","Limited","Reactor - Mod.","Fuel - Adv."
"USA",2045,"Nuclear - Large - PWR",160.49625,"Nuclear - Large - PWR","TWh","Limited Trade - Adv. Fuel","Limited","Reactor - Mod.","Fuel - Adv."
"USA",2045,"Nuclear - Legacy",787.942472222222,"Nuclear - Legacy","TWh","Limited Trade - Adv. Fuel","Limited","Reactor - Mod.","Fuel - Adv."
"USA",2045,"Nuclear - SMR - BWR",21.3551944444444,"Nuclear - SMR - BWR","TWh","Limited Trade - Adv. Fuel","Limited","Reactor - Mod.","Fuel - Adv."
"USA",2045,"Nuclear - SMR - HTGR",15.7183333333333,"Nuclear - SMR - HTGR","TWh","Limited Trade - Adv. Fuel","Limited","Reactor - Mod.","Fuel - Adv."
"USA",2045,"Nuclear - SMR - MSR",7.49155833333333,"Nuclear - SMR - MSR","TWh","Limited Trade - Adv. Fuel","Limited","Reactor - Mod.","Fuel - Adv."
"USA",2045,"Nuclear - SMR - PWR modular",12.1064166666667,"Nuclear - SMR - PWR modular","TWh","Limited Trade - Adv. Fuel","Limited","Reactor - Mod.","Fuel - Adv."
"USA",2045,"Nuclear - SMR - SFR",13.7954166666667,"Nuclear - SMR - SFR","TWh","Limited Trade - Adv. Fuel","Limited","Reactor - Mod.","Fuel - Adv."
"USA",2050,"Nuclear - Large - PWR",271.715222222222,"Nuclear - Large - PWR","TWh","Limited Trade - Adv. Fuel","Limited","Reactor - Mod.","Fuel - Adv."
"USA",2050,"Nuclear - Legacy",760.533611111111,"Nuclear - Legacy","TWh","Limited Trade - Adv. Fuel","Limited","Reactor - Mod.","Fuel - Adv."
"USA",2050,"Nuclear - SMR - BWR",45.9310833333333,"Nuclear - SMR - BWR","TWh","Limited Trade - Adv. Fuel","Limited","Reactor - Mod.","Fuel - Adv."
"USA",2050,"Nuclear - SMR - HTGR",32.0836944444444,"Nuclear - SMR - HTGR","TWh","Limited Trade - Adv. Fuel","Limited","Reactor - Mod.","Fuel - Adv."
"USA",2050,"Nuclear - SMR - MSR",14.373225,"Nuclear - SMR - MSR","TWh","Limited Trade - Adv. Fuel","Limited","Reactor - Mod.","Fuel - Adv."
"USA",2050,"Nuclear - SMR - PWR modular",21.6426944444444,"Nuclear - SMR - PWR modular","TWh","Limited Trade - Adv. Fuel","Limited","Reactor - Mod.","Fuel - Adv."
"USA",2050,"Nuclear - SMR - SFR",26.6041111111111,"Nuclear - SMR - SFR","TWh","Limited Trade - Adv. Fuel","Limited","Reactor - Mod.","Fuel - Adv."
"USA",2055,"Nuclear - Large - PWR",382.753944444444,"Nuclear - Large - PWR","TWh","Limited Trade - Adv. Fuel","Limited","Reactor - Mod.","Fuel - Adv."
"USA",2055,"Nuclear - Legacy",541.409055555556,"Nuclear - Legacy","TWh","Limited Trade - Adv. Fuel","Limited","Reactor - Mod.","Fuel - Adv."
"USA",2055,"Nuclear - SMR - BWR",74.1986388888889,"Nuclear - SMR - BWR","TWh","Limited Trade - Adv. Fuel","Limited","Reactor - Mod.","Fuel - Adv."
"USA",2055,"Nuclear - SMR - HTGR",50.3743333333333,"Nuclear - SMR - HTGR","TWh","Limited Trade - Adv. Fuel","Limited","Reactor - Mod.","Fuel - Adv."
"USA",2055,"Nuclear - SMR - MSR",21.6846083333333,"Nuclear - SMR - MSR","TWh","Limited Trade - Adv. Fuel","Limited","Reactor - Mod.","Fuel - Adv."
"USA",2055,"Nuclear - SMR - PWR modular",31.4025833333333,"Nuclear - SMR - PWR modular","TWh","Limited Trade - Adv. Fuel","Limited","Reactor - Mod.","Fuel - Adv."
"USA",2055,"Nuclear - SMR - SFR",40.2304722222222,"Nuclear - SMR - SFR","TWh","Limited Trade - Adv. Fuel","Limited","Reactor - Mod.","Fuel - Adv."
"USA",2060,"Nuclear - Large - PWR",484.356444444444,"Nuclear - Large - PWR","TWh","Limited Trade - Adv. Fuel","Limited","Reactor - Mod.","Fuel - Adv."
"USA",2060,"Nuclear - Legacy",422.244611111111,"Nuclear - Legacy","TWh","Limited Trade - Adv. Fuel","Limited","Reactor - Mod.","Fuel - Adv."
"USA",2060,"Nuclear - SMR - BWR",102.723777777778,"Nuclear - SMR - BWR","TWh","Limited Trade - Adv. Fuel","Limited","Reactor - Mod.","Fuel - Adv."
"USA",2060,"Nuclear - SMR - HTGR",68.60325,"Nuclear - SMR - HTGR","TWh","Limited Trade - Adv. Fuel","Limited","Reactor - Mod.","Fuel - Adv."
"USA",2060,"Nuclear - SMR - MSR",28.7210388888889,"Nuclear - SMR - MSR","TWh","Limited Trade - Adv. Fuel","Limited","Reactor - Mod.","Fuel - Adv."
"USA",2060,"Nuclear - SMR - PWR modular",40.4756388888889,"Nuclear - SMR - PWR modular","TWh","Limited Trade - Adv. Fuel","Limited","Reactor - Mod.","Fuel - Adv."
"USA",2060,"Nuclear - SMR - SFR",53.1831388888889,"Nuclear - SMR - SFR","TWh","Limited Trade - Adv. Fuel","Limited","Reactor - Mod.","Fuel - Adv."
"USA",2065,"Nuclear - Large - PWR",593.117638888889,"Nuclear - Large - PWR","TWh","Limited Trade - Adv. Fuel","Limited","Reactor - Mod.","Fuel - Adv."
"USA",2065,"Nuclear - Legacy",241.716388888889,"Nuclear - Legacy","TWh","Limited Trade - Adv. Fuel","Limited","Reactor - Mod.","Fuel - Adv."
"USA",2065,"Nuclear - SMR - BWR",135.576777777778,"Nuclear - SMR - BWR","TWh","Limited Trade - Adv. Fuel","Limited","Reactor - Mod.","Fuel - Adv."
"USA",2065,"Nuclear - SMR - HTGR",89.4957777777778,"Nuclear - SMR - HTGR","TWh","Limited Trade - Adv. Fuel","Limited","Reactor - Mod.","Fuel - Adv."
"USA",2065,"Nuclear - SMR - MSR",36.6244166666667,"Nuclear - SMR - MSR","TWh","Limited Trade - Adv. Fuel","Limited","Reactor - Mod.","Fuel - Adv."
"USA",2065,"Nuclear - SMR - PWR modular",50.2514444444444,"Nuclear - SMR - PWR modular","TWh","Limited Trade - Adv. Fuel","Limited","Reactor - Mod.","Fuel - Adv."
"USA",2065,"Nuclear - SMR - SFR",67.3425555555555,"Nuclear - SMR - SFR","TWh","Limited Trade - Adv. Fuel","Limited","Reactor - Mod.","Fuel - Adv."
"USA",2070,"Nuclear - Large - PWR",706.06525,"Nuclear - Large - PWR","TWh","Limited Trade - Adv. Fuel","Limited","Reactor - Mod.","Fuel - Adv."
"USA",2070,"Nuclear - Legacy",46.7837222222222,"Nuclear - Legacy","TWh","Limited Trade - Adv. Fuel","Limited","Reactor - Mod.","Fuel - Adv."
"USA",2070,"Nuclear - SMR - BWR",171.540444444444,"Nuclear - SMR - BWR","TWh","Limited Trade - Adv. Fuel","Limited","Reactor - Mod.","Fuel - Adv."
"USA",2070,"Nuclear - SMR - HTGR",112.374611111111,"Nuclear - SMR - HTGR","TWh","Limited Trade - Adv. Fuel","Limited","Reactor - Mod.","Fuel - Adv."
"USA",2070,"Nuclear - SMR - MSR",45.2634777777778,"Nuclear - SMR - MSR","TWh","Limited Trade - Adv. Fuel","Limited","Reactor - Mod.","Fuel - Adv."
"USA",2070,"Nuclear - SMR - PWR modular",60.44625,"Nuclear - SMR - PWR modular","TWh","Limited Trade - Adv. Fuel","Limited","Reactor - Mod.","Fuel - Adv."
"USA",2070,"Nuclear - SMR - SFR",82.25175,"Nuclear - SMR - SFR","TWh","Limited Trade - Adv. Fuel","Limited","Reactor - Mod.","Fuel - Adv."
"USA",2075,"Nuclear - Large - PWR",817.487583333333,"Nuclear - Large - PWR","TWh","Limited Trade - Adv. Fuel","Limited","Reactor - Mod.","Fuel - Adv."
"USA",2075,"Nuclear - Legacy",18.2896944444444,"Nuclear - Legacy","TWh","Limited Trade - Adv. Fuel","Limited","Reactor - Mod.","Fuel - Adv."
"USA",2075,"Nuclear - SMR - BWR",208.36875,"Nuclear - SMR - BWR","TWh","Limited Trade - Adv. Fuel","Limited","Reactor - Mod.","Fuel - Adv."
"USA",2075,"Nuclear - SMR - HTGR",135.911305555556,"Nuclear - SMR - HTGR","TWh","Limited Trade - Adv. Fuel","Limited","Reactor - Mod.","Fuel - Adv."
"USA",2075,"Nuclear - SMR - MSR",54.2529333333333,"Nuclear - SMR - MSR","TWh","Limited Trade - Adv. Fuel","Limited","Reactor - Mod.","Fuel - Adv."
"USA",2075,"Nuclear - SMR - PWR modular",70.5334444444444,"Nuclear - SMR - PWR modular","TWh","Limited Trade - Adv. Fuel","Limited","Reactor - Mod.","Fuel - Adv."
"USA",2075,"Nuclear - SMR - SFR",97.0983888888889,"Nuclear - SMR - SFR","TWh","Limited Trade - Adv. Fuel","Limited","Reactor - Mod.","Fuel - Adv."
"USA",2080,"Nuclear - Large - PWR",957.890722222222,"Nuclear - Large - PWR","TWh","Limited Trade - Adv. Fuel","Limited","Reactor - Mod.","Fuel - Adv."
"USA",2080,"Nuclear - Legacy",9.33141666666667,"Nuclear - Legacy","TWh","Limited Trade - Adv. Fuel","Limited","Reactor - Mod.","Fuel - Adv."
"USA",2080,"Nuclear - SMR - BWR",256.089861111111,"Nuclear - SMR - BWR","TWh","Limited Trade - Adv. Fuel","Limited","Reactor - Mod.","Fuel - Adv."
"USA",2080,"Nuclear - SMR - HTGR",166.619583333333,"Nuclear - SMR - HTGR","TWh","Limited Trade - Adv. Fuel","Limited","Reactor - Mod.","Fuel - Adv."
"USA",2080,"Nuclear - SMR - MSR",66.1865111111111,"Nuclear - SMR - MSR","TWh","Limited Trade - Adv. Fuel","Limited","Reactor - Mod.","Fuel - Adv."
"USA",2080,"Nuclear - SMR - PWR modular",83.2675,"Nuclear - SMR - PWR modular","TWh","Limited Trade - Adv. Fuel","Limited","Reactor - Mod.","Fuel - Adv."
"USA",2080,"Nuclear - SMR - SFR",115.919305555556,"Nuclear - SMR - SFR","TWh","Limited Trade - Adv. Fuel","Limited","Reactor - Mod.","Fuel - Adv."
"USA",2085,"Nuclear - Large - PWR",1062.33566666667,"Nuclear - Large - PWR","TWh","Limited Trade - Adv. Fuel","Limited","Reactor - Mod.","Fuel - Adv."
"USA",2085,"Nuclear - Legacy",9.32736111111111,"Nuclear - Legacy","TWh","Limited Trade - Adv. Fuel","Limited","Reactor - Mod.","Fuel - Adv."
"USA",2085,"Nuclear - SMR - BWR",292.884833333333,"Nuclear - SMR - BWR","TWh","Limited Trade - Adv. Fuel","Limited","Reactor - Mod.","Fuel - Adv."
"USA",2085,"Nuclear - SMR - HTGR",190.477277777778,"Nuclear - SMR - HTGR","TWh","Limited Trade - Adv. Fuel","Limited","Reactor - Mod.","Fuel - Adv."
"USA",2085,"Nuclear - SMR - MSR",75.5591888888889,"Nuclear - SMR - MSR","TWh","Limited Trade - Adv. Fuel","Limited","Reactor - Mod.","Fuel - Adv."
"USA",2085,"Nuclear - SMR - PWR modular",92.7945,"Nuclear - SMR - PWR modular","TWh","Limited Trade - Adv. Fuel","Limited","Reactor - Mod.","Fuel - Adv."
"USA",2085,"Nuclear - SMR - SFR",130.071,"Nuclear - SMR - SFR","TWh","Limited Trade - Adv. Fuel","Limited","Reactor - Mod.","Fuel - Adv."
"USA",2090,"Nuclear - Large - PWR",1135.34608333333,"Nuclear - Large - PWR","TWh","Limited Trade - Adv. Fuel","Limited","Reactor - Mod.","Fuel - Adv."
"USA",2090,"Nuclear - Legacy",9.32091666666667,"Nuclear - Legacy","TWh","Limited Trade - Adv. Fuel","Limited","Reactor - Mod.","Fuel - Adv."
"USA",2090,"Nuclear - SMR - BWR",323.734555555556,"Nuclear - SMR - BWR","TWh","Limited Trade - Adv. Fuel","Limited","Reactor - Mod.","Fuel - Adv."
"USA",2090,"Nuclear - SMR - HTGR",210.674805555556,"Nuclear - SMR - HTGR","TWh","Limited Trade - Adv. Fuel","Limited","Reactor - Mod.","Fuel - Adv."
"USA",2090,"Nuclear - SMR - MSR",83.6949277777778,"Nuclear - SMR - MSR","TWh","Limited Trade - Adv. Fuel","Limited","Reactor - Mod.","Fuel - Adv."
"USA",2090,"Nuclear - SMR - PWR modular",100.630972222222,"Nuclear - SMR - PWR modular","TWh","Limited Trade - Adv. Fuel","Limited","Reactor - Mod.","Fuel - Adv."
"USA",2090,"Nuclear - SMR - SFR",141.741055555556,"Nuclear - SMR - SFR","TWh","Limited Trade - Adv. Fuel","Limited","Reactor - Mod.","Fuel - Adv."
"USA",2095,"Nuclear - Large - PWR",1208.37222222222,"Nuclear - Large - PWR","TWh","Limited Trade - Adv. Fuel","Limited","Reactor - Mod.","Fuel - Adv."
"USA",2095,"Nuclear - Legacy",9.31477777777778,"Nuclear - Legacy","TWh","Limited Trade - Adv. Fuel","Limited","Reactor - Mod.","Fuel - Adv."
"USA",2095,"Nuclear - SMR - BWR",355.120083333333,"Nuclear - SMR - BWR","TWh","Limited Trade - Adv. Fuel","Limited","Reactor - Mod.","Fuel - Adv."
"USA",2095,"Nuclear - SMR - HTGR",230.789305555556,"Nuclear - SMR - HTGR","TWh","Limited Trade - Adv. Fuel","Limited","Reactor - Mod.","Fuel - Adv."
"USA",2095,"Nuclear - SMR - MSR",91.8176583333333,"Nuclear - SMR - MSR","TWh","Limited Trade - Adv. Fuel","Limited","Reactor - Mod.","Fuel - Adv."
"USA",2095,"Nuclear - SMR - PWR modular",106.569777777778,"Nuclear - SMR - PWR modular","TWh","Limited Trade - Adv. Fuel","Limited","Reactor - Mod.","Fuel - Adv."
"USA",2095,"Nuclear - SMR - SFR",151.946472222222,"Nuclear - SMR - SFR","TWh","Limited Trade - Adv. Fuel","Limited","Reactor - Mod.","Fuel - Adv."
"USA",2100,"Nuclear - Large - PWR",1253.28555555556,"Nuclear - Large - PWR","TWh","Limited Trade - Adv. Fuel","Limited","Reactor - Mod.","Fuel - Adv."
"USA",2100,"Nuclear - SMR - BWR",381.721,"Nuclear - SMR - BWR","TWh","Limited Trade - Adv. Fuel","Limited","Reactor - Mod.","Fuel - Adv."
"USA",2100,"Nuclear - SMR - HTGR",248.155944444444,"Nuclear - SMR - HTGR","TWh","Limited Trade - Adv. Fuel","Limited","Reactor - Mod.","Fuel - Adv."
"USA",2100,"Nuclear - SMR - MSR",99.1944166666667,"Nuclear - SMR - MSR","TWh","Limited Trade - Adv. Fuel","Limited","Reactor - Mod.","Fuel - Adv."
"USA",2100,"Nuclear - SMR - PWR modular",110.743111111111,"Nuclear - SMR - PWR modular","TWh","Limited Trade - Adv. Fuel","Limited","Reactor - Mod.","Fuel - Adv."
"USA",2100,"Nuclear - SMR - SFR",159.945222222222,"Nuclear - SMR - SFR","TWh","Limited Trade - Adv. Fuel","Limited","Reactor - Mod.","Fuel - Adv."
"USA",2021,"Nuclear - Legacy",811.546555555556,"Nuclear - Legacy","TWh","Limited Trade - Adv. Nuc","Limited","Reactor - Adv.","Fuel - Adv."
"USA",2025,"Nuclear - Large - PWR",18.3333333333333,"Nuclear - Large - PWR","TWh","Limited Trade - Adv. Nuc","Limited","Reactor - Adv.","Fuel - Adv."
"USA",2025,"Nuclear - Legacy",808.449611111111,"Nuclear - Legacy","TWh","Limited Trade - Adv. Nuc","Limited","Reactor - Adv.","Fuel - Adv."
"USA",2030,"Nuclear - Large - PWR",31.1075833333333,"Nuclear - Large - PWR","TWh","Limited Trade - Adv. Nuc","Limited","Reactor - Adv.","Fuel - Adv."
"USA",2030,"Nuclear - Legacy",808.331222222222,"Nuclear - Legacy","TWh","Limited Trade - Adv. Nuc","Limited","Reactor - Adv.","Fuel - Adv."
"USA",2035,"Nuclear - Large - PWR",56.2465277777778,"Nuclear - Large - PWR","TWh","Limited Trade - Adv. Nuc","Limited","Reactor - Adv.","Fuel - Adv."
"USA",2035,"Nuclear - Legacy",788.57675,"Nuclear - Legacy","TWh","Limited Trade - Adv. Nuc","Limited","Reactor - Adv.","Fuel - Adv."
"USA",2035,"Nuclear - SMR - BWR",3.51038888888889,"Nuclear - SMR - BWR","TWh","Limited Trade - Adv. Nuc","Limited","Reactor - Adv.","Fuel - Adv."
"USA",2035,"Nuclear - SMR - HTGR",3.02030555555556,"Nuclear - SMR - HTGR","TWh","Limited Trade - Adv. Nuc","Limited","Reactor - Adv.","Fuel - Adv."
"USA",2035,"Nuclear - SMR - MSR",1.62085555555556,"Nuclear - SMR - MSR","TWh","Limited Trade - Adv. Nuc","Limited","Reactor - Adv.","Fuel - Adv."
"USA",2035,"Nuclear - SMR - PWR modular",2.92158333333333,"Nuclear - SMR - PWR modular","TWh","Limited Trade - Adv. Nuc","Limited","Reactor - Adv.","Fuel - Adv."
"USA",2035,"Nuclear - SMR - SFR",2.96244444444444,"Nuclear - SMR - SFR","TWh","Limited Trade - Adv. Nuc","Limited","Reactor - Adv.","Fuel - Adv."
"USA",2040,"Nuclear - Large - PWR",116.275611111111,"Nuclear - Large - PWR","TWh","Limited Trade - Adv. Nuc","Limited","Reactor - Adv.","Fuel - Adv."
"USA",2040,"Nuclear - Legacy",788.17575,"Nuclear - Legacy","TWh","Limited Trade - Adv. Nuc","Limited","Reactor - Adv.","Fuel - Adv."
"USA",2040,"Nuclear - SMR - BWR",11.5803888888889,"Nuclear - SMR - BWR","TWh","Limited Trade - Adv. Nuc","Limited","Reactor - Adv.","Fuel - Adv."
"USA",2040,"Nuclear - SMR - HTGR",8.48675,"Nuclear - SMR - HTGR","TWh","Limited Trade - Adv. Nuc","Limited","Reactor - Adv.","Fuel - Adv."
"USA",2040,"Nuclear - SMR - MSR",4.143825,"Nuclear - SMR - MSR","TWh","Limited Trade - Adv. Nuc","Limited","Reactor - Adv.","Fuel - Adv."
"USA",2040,"Nuclear - SMR - PWR modular",7.17605555555555,"Nuclear - SMR - PWR modular","TWh","Limited Trade - Adv. Nuc","Limited","Reactor - Adv.","Fuel - Adv."
"USA",2040,"Nuclear - SMR - SFR",7.62430555555556,"Nuclear - SMR - SFR","TWh","Limited Trade - Adv. Nuc","Limited","Reactor - Adv.","Fuel - Adv."
"USA",2045,"Nuclear - Large - PWR",196.409805555556,"Nuclear - Large - PWR","TWh","Limited Trade - Adv. Nuc","Limited","Reactor - Adv.","Fuel - Adv."
"USA",2045,"Nuclear - Legacy",787.80375,"Nuclear - Legacy","TWh","Limited Trade - Adv. Nuc","Limited","Reactor - Adv.","Fuel - Adv."
"USA",2045,"Nuclear - SMR - BWR",28.45725,"Nuclear - SMR - BWR","TWh","Limited Trade - Adv. Nuc","Limited","Reactor - Adv.","Fuel - Adv."
"USA",2045,"Nuclear - SMR - HTGR",18.11825,"Nuclear - SMR - HTGR","TWh","Limited Trade - Adv. Nuc","Limited","Reactor - Adv.","Fuel - Adv."
"USA",2045,"Nuclear - SMR - MSR",7.84393611111111,"Nuclear - SMR - MSR","TWh","Limited Trade - Adv. Nuc","Limited","Reactor - Adv.","Fuel - Adv."
"USA",2045,"Nuclear - SMR - PWR modular",12.1205555555556,"Nuclear - SMR - PWR modular","TWh","Limited Trade - Adv. Nuc","Limited","Reactor - Adv.","Fuel - Adv."
"USA",2045,"Nuclear - SMR - SFR",14.9008333333333,"Nuclear - SMR - SFR","TWh","Limited Trade - Adv. Nuc","Limited","Reactor - Adv.","Fuel - Adv."
"USA",2050,"Nuclear - Large - PWR",355.117638888889,"Nuclear - Large - PWR","TWh","Limited Trade - Adv. Nuc","Limited","Reactor - Adv.","Fuel - Adv."
"USA",2050,"Nuclear - Legacy",760.248972222222,"Nuclear - Legacy","TWh","Limited Trade - Adv. Nuc","Limited","Reactor - Adv.","Fuel - Adv."
"USA",2050,"Nuclear - SMR - BWR",75.8409166666667,"Nuclear - SMR - BWR","TWh","Limited Trade - Adv. Nuc","Limited","Reactor - Adv.","Fuel - Adv."
"USA",2050,"Nuclear - SMR - HTGR",41.9581666666667,"Nuclear - SMR - HTGR","TWh","Limited Trade - Adv. Nuc","Limited","Reactor - Adv.","Fuel - Adv."
"USA",2050,"Nuclear - SMR - MSR",15.6631083333333,"Nuclear - SMR - MSR","TWh","Limited Trade - Adv. Nuc","Limited","Reactor - Adv.","Fuel - Adv."
"USA",2050,"Nuclear - SMR - PWR modular",21.7855555555556,"Nuclear - SMR - PWR modular","TWh","Limited Trade - Adv. Nuc","Limited","Reactor - Adv.","Fuel - Adv."
"USA",2050,"Nuclear - SMR - SFR",31.0385277777778,"Nuclear - SMR - SFR","TWh","Limited Trade - Adv. Nuc","Limited","Reactor - Adv.","Fuel - Adv."
"USA",2055,"Nuclear - Large - PWR",517.138805555556,"Nuclear - Large - PWR","TWh","Limited Trade - Adv. Nuc","Limited","Reactor - Adv.","Fuel - Adv."
"USA",2055,"Nuclear - Legacy",540.923694444444,"Nuclear - Legacy","TWh","Limited Trade - Adv. Nuc","Limited","Reactor - Adv.","Fuel - Adv."
"USA",2055,"Nuclear - SMR - BWR",143.478138888889,"Nuclear - SMR - BWR","TWh","Limited Trade - Adv. Nuc","Limited","Reactor - Adv.","Fuel - Adv."
"USA",2055,"Nuclear - SMR - HTGR",72.6813611111111,"Nuclear - SMR - HTGR","TWh","Limited Trade - Adv. Nuc","Limited","Reactor - Adv.","Fuel - Adv."
"USA",2055,"Nuclear - SMR - MSR",24.1092583333333,"Nuclear - SMR - MSR","TWh","Limited Trade - Adv. Nuc","Limited","Reactor - Adv.","Fuel - Adv."
"USA",2055,"Nuclear - SMR - PWR modular",31.7425833333333,"Nuclear - SMR - PWR modular","TWh","Limited Trade - Adv. Nuc","Limited","Reactor - Adv.","Fuel - Adv."
"USA",2055,"Nuclear - SMR - SFR",49.5810277777778,"Nuclear - SMR - SFR","TWh","Limited Trade - Adv. Nuc","Limited","Reactor - Adv.","Fuel - Adv."
"USA",2060,"Nuclear - Large - PWR",658.491083333333,"Nuclear - Large - PWR","TWh","Limited Trade - Adv. Nuc","Limited","Reactor - Adv.","Fuel - Adv."
"USA",2060,"Nuclear - Legacy",421.4645,"Nuclear - Legacy","TWh","Limited Trade - Adv. Nuc","Limited","Reactor - Adv.","Fuel - Adv."
"USA",2060,"Nuclear - SMR - BWR",216.934111111111,"Nuclear - SMR - BWR","TWh","Limited Trade - Adv. Nuc","Limited","Reactor - Adv.","Fuel - Adv."
"USA",2060,"Nuclear - SMR - HTGR",104.554583333333,"Nuclear - SMR - HTGR","TWh","Limited Trade - Adv. Nuc","Limited","Reactor - Adv.","Fuel - Adv."
"USA",2060,"Nuclear - SMR - MSR",31.7911305555556,"Nuclear - SMR - MSR","TWh","Limited Trade - Adv. Nuc","Limited","Reactor - Adv.","Fuel - Adv."
"USA",2060,"Nuclear - SMR - PWR modular",40.5468611111111,"Nuclear - SMR - PWR modular","TWh","Limited Trade - Adv. Nuc","Limited","Reactor - Adv.","Fuel - Adv."
"USA",2060,"Nuclear - SMR - SFR",66.9780833333333,"Nuclear - SMR - SFR","TWh","Limited Trade - Adv. Nuc","Limited","Reactor - Adv.","Fuel - Adv."
"USA",2065,"Nuclear - Large - PWR",810.209,"Nuclear - Large - PWR","TWh","Limited Trade - Adv. Nuc","Limited","Reactor - Adv.","Fuel - Adv."
"USA",2065,"Nuclear - Legacy",241.206555555556,"Nuclear - Legacy","TWh","Limited Trade - Adv. Nuc","Limited","Reactor - Adv.","Fuel - Adv."
"USA",2065,"Nuclear - SMR - BWR",295.348805555556,"Nuclear - SMR - BWR","TWh","Limited Trade - Adv. Nuc","Limited","Reactor - Adv.","Fuel - Adv."
"USA",2065,"Nuclear - SMR - HTGR",143.18325,"Nuclear - SMR - HTGR","TWh","Limited Trade - Adv. Nuc","Limited","Reactor - Adv.","Fuel - Adv."
"USA",2065,"Nuclear - SMR - MSR",40.673575,"Nuclear - SMR - MSR","TWh","Limited Trade - Adv. Nuc","Limited","Reactor - Adv.","Fuel - Adv."
"USA",2065,"Nuclear - SMR - PWR modular",50.2307777777778,"Nuclear - SMR - PWR modular","TWh","Limited Trade - Adv. Nuc","Limited","Reactor - Adv.","Fuel - Adv."
"USA",2065,"Nuclear - SMR - SFR",86.661,"Nuclear - SMR - SFR","TWh","Limited Trade - Adv. Nuc","Limited","Reactor - Adv.","Fuel - Adv."
"USA",2070,"Nuclear - Large - PWR",963.100416666667,"Nuclear - Large - PWR","TWh","Limited Trade - Adv. Nuc","Limited","Reactor - Adv.","Fuel - Adv."
"USA",2070,"Nuclear - Legacy",46.6862777777778,"Nuclear - Legacy","TWh","Limited Trade - Adv. Nuc","Limited","Reactor - Adv.","Fuel - Adv."
"USA",2070,"Nuclear - SMR - BWR",367.378,"Nuclear - SMR - BWR","TWh","Limited Trade - Adv. Nuc","Limited","Reactor - Adv.","Fuel - Adv."
"USA",2070,"Nuclear - SMR - HTGR",188.551138888889,"Nuclear - SMR - HTGR","TWh","Limited Trade - Adv. Nuc","Limited","Reactor - Adv.","Fuel - Adv."
"USA",2070,"Nuclear - SMR - MSR",50.8722194444444,"Nuclear - SMR - MSR","TWh","Limited Trade - Adv. Nuc","Limited","Reactor - Adv.","Fuel - Adv."
"USA",2070,"Nuclear - SMR - PWR modular",60.7805,"Nuclear - SMR - PWR modular","TWh","Limited Trade - Adv. Nuc","Limited","Reactor - Adv.","Fuel - Adv."
"USA",2070,"Nuclear - SMR - SFR",108.499305555556,"Nuclear - SMR - SFR","TWh","Limited Trade - Adv. Nuc","Limited","Reactor - Adv.","Fuel - Adv."
"USA",2075,"Nuclear - Large - PWR",1109.30141666667,"Nuclear - Large - PWR","TWh","Limited Trade - Adv. Nuc","Limited","Reactor - Adv.","Fuel - Adv."
"USA",2075,"Nuclear - Legacy",18.2522222222222,"Nuclear - Legacy","TWh","Limited Trade - Adv. Nuc","Limited","Reactor - Adv.","Fuel - Adv."
"USA",2075,"Nuclear - SMR - BWR",431.666277777778,"Nuclear - SMR - BWR","TWh","Limited Trade - Adv. Nuc","Limited","Reactor - Adv.","Fuel - Adv."
"USA",2075,"Nuclear - SMR - HTGR",238.512583333333,"Nuclear - SMR - HTGR","TWh","Limited Trade - Adv. Nuc","Limited","Reactor - Adv.","Fuel - Adv."
"USA",2075,"Nuclear - SMR - MSR",62.0299222222222,"Nuclear - SMR - MSR","TWh","Limited Trade - Adv. Nuc","Limited","Reactor - Adv.","Fuel - Adv."
"USA",2075,"Nuclear - SMR - PWR modular",71.7099444444444,"Nuclear - SMR - PWR modular","TWh","Limited Trade - Adv. Nuc","Limited","Reactor - Adv.","Fuel - Adv."
"USA",2075,"Nuclear - SMR - SFR",131.399138888889,"Nuclear - SMR - SFR","TWh","Limited Trade - Adv. Nuc","Limited","Reactor - Adv.","Fuel - Adv."
"USA",2080,"Nuclear - Large - PWR",1284.57625,"Nuclear - Large - PWR","TWh","Limited Trade - Adv. Nuc","Limited","Reactor - Adv.","Fuel - Adv."
"USA",2080,"Nuclear - Legacy",9.31225,"Nuclear - Legacy","TWh","Limited Trade - Adv. Nuc","Limited","Reactor - Adv.","Fuel - Adv."
"USA",2080,"Nuclear - SMR - BWR",505.807583333333,"Nuclear - SMR - BWR","TWh","Limited Trade - Adv. Nuc","Limited","Reactor - Adv.","Fuel - Adv."
"USA",2080,"Nuclear - SMR - HTGR",297.354222222222,"Nuclear - SMR - HTGR","TWh","Limited Trade - Adv. Nuc","Limited","Reactor - Adv.","Fuel - Adv."
"USA",2080,"Nuclear - SMR - MSR",77.4404166666667,"Nuclear - SMR - MSR","TWh","Limited Trade - Adv. Nuc","Limited","Reactor - Adv.","Fuel - Adv."
"USA",2080,"Nuclear - SMR - PWR modular",85.9900833333333,"Nuclear - SMR - PWR modular","TWh","Limited Trade - Adv. Nuc","Limited","Reactor - Adv.","Fuel - Adv."
"USA",2080,"Nuclear - SMR - SFR",161.526222222222,"Nuclear - SMR - SFR","TWh","Limited Trade - Adv. Nuc","Limited","Reactor - Adv.","Fuel - Adv."
"USA",2085,"Nuclear - Large - PWR",1409.17361111111,"Nuclear - Large - PWR","TWh","Limited Trade - Adv. Nuc","Limited","Reactor - Adv.","Fuel - Adv."
"USA",2085,"Nuclear - Legacy",9.30786111111111,"Nuclear - Legacy","TWh","Limited Trade - Adv. Nuc","Limited","Reactor - Adv.","Fuel - Adv."
"USA",2085,"Nuclear - SMR - BWR",556.897861111111,"Nuclear - SMR - BWR","TWh","Limited Trade - Adv. Nuc","Limited","Reactor - Adv.","Fuel - Adv."
"USA",2085,"Nuclear - SMR - HTGR",338.377361111111,"Nuclear - SMR - HTGR","TWh","Limited Trade - Adv. Nuc","Limited","Reactor - Adv.","Fuel - Adv."
"USA",2085,"Nuclear - SMR - MSR",90.213175,"Nuclear - SMR - MSR","TWh","Limited Trade - Adv. Nuc","Limited","Reactor - Adv.","Fuel - Adv."
"USA",2085,"Nuclear - SMR - PWR modular",97.196,"Nuclear - SMR - PWR modular","TWh","Limited Trade - Adv. Nuc","Limited","Reactor - Adv.","Fuel - Adv."
"USA",2085,"Nuclear - SMR - SFR",185.311416666667,"Nuclear - SMR - SFR","TWh","Limited Trade - Adv. Nuc","Limited","Reactor - Adv.","Fuel - Adv."
"USA",2090,"Nuclear - Large - PWR",1496.20075,"Nuclear - Large - PWR","TWh","Limited Trade - Adv. Nuc","Limited","Reactor - Adv.","Fuel - Adv."
"USA",2090,"Nuclear - Legacy",9.30338888888889,"Nuclear - Legacy","TWh","Limited Trade - Adv. Nuc","Limited","Reactor - Adv.","Fuel - Adv."
"USA",2090,"Nuclear - SMR - BWR",596.375083333333,"Nuclear - SMR - BWR","TWh","Limited Trade - Adv. Nuc","Limited","Reactor - Adv.","Fuel - Adv."
"USA",2090,"Nuclear - SMR - HTGR",370.558305555556,"Nuclear - SMR - HTGR","TWh","Limited Trade - Adv. Nuc","Limited","Reactor - Adv.","Fuel - Adv."
"USA",2090,"Nuclear - SMR - MSR",101.864972222222,"Nuclear - SMR - MSR","TWh","Limited Trade - Adv. Nuc","Limited","Reactor - Adv.","Fuel - Adv."
"USA",2090,"Nuclear - SMR - PWR modular",106.751694444444,"Nuclear - SMR - PWR modular","TWh","Limited Trade - Adv. Nuc","Limited","Reactor - Adv.","Fuel - Adv."
"USA",2090,"Nuclear - SMR - SFR",205.61625,"Nuclear - SMR - SFR","TWh","Limited Trade - Adv. Nuc","Limited","Reactor - Adv.","Fuel - Adv."
"USA",2095,"Nuclear - Large - PWR",1580.40611111111,"Nuclear - Large - PWR","TWh","Limited Trade - Adv. Nuc","Limited","Reactor - Adv.","Fuel - Adv."
"USA",2095,"Nuclear - Legacy",9.29736111111111,"Nuclear - Legacy","TWh","Limited Trade - Adv. Nuc","Limited","Reactor - Adv.","Fuel - Adv."
"USA",2095,"Nuclear - SMR - BWR",634.766277777778,"Nuclear - SMR - BWR","TWh","Limited Trade - Adv. Nuc","Limited","Reactor - Adv.","Fuel - Adv."
"USA",2095,"Nuclear - SMR - HTGR",402.224527777778,"Nuclear - SMR - HTGR","TWh","Limited Trade - Adv. Nuc","Limited","Reactor - Adv.","Fuel - Adv."
"USA",2095,"Nuclear - SMR - MSR",114.594666666667,"Nuclear - SMR - MSR","TWh","Limited Trade - Adv. Nuc","Limited","Reactor - Adv.","Fuel - Adv."
"USA",2095,"Nuclear - SMR - PWR modular",114.820444444444,"Nuclear - SMR - PWR modular","TWh","Limited Trade - Adv. Nuc","Limited","Reactor - Adv.","Fuel - Adv."
"USA",2095,"Nuclear - SMR - SFR",225.846638888889,"Nuclear - SMR - SFR","TWh","Limited Trade - Adv. Nuc","Limited","Reactor - Adv.","Fuel - Adv."
"USA",2100,"Nuclear - Large - PWR",1625.82638888889,"Nuclear - Large - PWR","TWh","Limited Trade - Adv. Nuc","Limited","Reactor - Adv.","Fuel - Adv."
"USA",2100,"Nuclear - SMR - BWR",666.077194444444,"Nuclear - SMR - BWR","TWh","Limited Trade - Adv. Nuc","Limited","Reactor - Adv.","Fuel - Adv."
"USA",2100,"Nuclear - SMR - HTGR",429.841333333333,"Nuclear - SMR - HTGR","TWh","Limited Trade - Adv. Nuc","Limited","Reactor - Adv.","Fuel - Adv."
"USA",2100,"Nuclear - SMR - MSR",127.511583333333,"Nuclear - SMR - MSR","TWh","Limited Trade - Adv. Nuc","Limited","Reactor - Adv.","Fuel - Adv."
"USA",2100,"Nuclear - SMR - PWR modular",121.740916666667,"Nuclear - SMR - PWR modular","TWh","Limited Trade - Adv. Nuc","Limited","Reactor - Adv.","Fuel - Adv."
"USA",2100,"Nuclear - SMR - SFR",243.071277777778,"Nuclear - SMR - SFR","TWh","Limited Trade - Adv. Nuc","Limited","Reactor - Adv.","Fuel - Adv."
"USA",2021,"Nuclear - Legacy",811.546555555556,"Nuclear - Legacy","TWh","Limited Trade - Adv. Reactor","Limited","Reactor - Adv.","Fuel - Mod."
"USA",2025,"Nuclear - Large - PWR",18.3333333333333,"Nuclear - Large - PWR","TWh","Limited Trade - Adv. Reactor","Limited","Reactor - Adv.","Fuel - Mod."
"USA",2025,"Nuclear - Legacy",808.447666666667,"Nuclear - Legacy","TWh","Limited Trade - Adv. Reactor","Limited","Reactor - Adv.","Fuel - Mod."
"USA",2030,"Nuclear - Large - PWR",31.0500555555556,"Nuclear - Large - PWR","TWh","Limited Trade - Adv. Reactor","Limited","Reactor - Adv.","Fuel - Mod."
"USA",2030,"Nuclear - Legacy",808.312305555556,"Nuclear - Legacy","TWh","Limited Trade - Adv. Reactor","Limited","Reactor - Adv.","Fuel - Mod."
"USA",2035,"Nuclear - Large - PWR",55.92225,"Nuclear - Large - PWR","TWh","Limited Trade - Adv. Reactor","Limited","Reactor - Adv.","Fuel - Mod."
"USA",2035,"Nuclear - Legacy",788.535305555556,"Nuclear - Legacy","TWh","Limited Trade - Adv. Reactor","Limited","Reactor - Adv.","Fuel - Mod."
"USA",2035,"Nuclear - SMR - BWR",3.52441666666667,"Nuclear - SMR - BWR","TWh","Limited Trade - Adv. Reactor","Limited","Reactor - Adv.","Fuel - Mod."
"USA",2035,"Nuclear - SMR - HTGR",2.98669444444444,"Nuclear - SMR - HTGR","TWh","Limited Trade - Adv. Reactor","Limited","Reactor - Adv.","Fuel - Mod."
"USA",2035,"Nuclear - SMR - MSR",1.51348055555556,"Nuclear - SMR - MSR","TWh","Limited Trade - Adv. Reactor","Limited","Reactor - Adv.","Fuel - Mod."
"USA",2035,"Nuclear - SMR - PWR modular",2.91244444444444,"Nuclear - SMR - PWR modular","TWh","Limited Trade - Adv. Reactor","Limited","Reactor - Adv.","Fuel - Mod."
"USA",2035,"Nuclear - SMR - SFR",2.96244444444444,"Nuclear - SMR - SFR","TWh","Limited Trade - Adv. Reactor","Limited","Reactor - Adv.","Fuel - Mod."
"USA",2040,"Nuclear - Large - PWR",110.576888888889,"Nuclear - Large - PWR","TWh","Limited Trade - Adv. Reactor","Limited","Reactor - Adv.","Fuel - Mod."
"USA",2040,"Nuclear - Legacy",787.525,"Nuclear - Legacy","TWh","Limited Trade - Adv. Reactor","Limited","Reactor - Adv.","Fuel - Mod."
"USA",2040,"Nuclear - SMR - BWR",11.4466388888889,"Nuclear - SMR - BWR","TWh","Limited Trade - Adv. Reactor","Limited","Reactor - Adv.","Fuel - Mod."
"USA",2040,"Nuclear - SMR - HTGR",8.12433333333333,"Nuclear - SMR - HTGR","TWh","Limited Trade - Adv. Reactor","Limited","Reactor - Adv.","Fuel - Mod."
"USA",2040,"Nuclear - SMR - MSR",3.56767777777778,"Nuclear - SMR - MSR","TWh","Limited Trade - Adv. Reactor","Limited","Reactor - Adv.","Fuel - Mod."
"USA",2040,"Nuclear - SMR - PWR modular",6.86066666666667,"Nuclear - SMR - PWR modular","TWh","Limited Trade - Adv. Reactor","Limited","Reactor - Adv.","Fuel - Mod."
"USA",2040,"Nuclear - SMR - SFR",7.35297222222222,"Nuclear - SMR - SFR","TWh","Limited Trade - Adv. Reactor","Limited","Reactor - Adv.","Fuel - Mod."
"USA",2045,"Nuclear - Large - PWR",177.155555555556,"Nuclear - Large - PWR","TWh","Limited Trade - Adv. Reactor","Limited","Reactor - Adv.","Fuel - Mod."
"USA",2045,"Nuclear - Legacy",786.266638888889,"Nuclear - Legacy","TWh","Limited Trade - Adv. Reactor","Limited","Reactor - Adv.","Fuel - Mod."
"USA",2045,"Nuclear - SMR - BWR",27.428,"Nuclear - SMR - BWR","TWh","Limited Trade - Adv. Reactor","Limited","Reactor - Adv.","Fuel - Mod."
"USA",2045,"Nuclear - SMR - HTGR",16.6256388888889,"Nuclear - SMR - HTGR","TWh","Limited Trade - Adv. Reactor","Limited","Reactor - Adv.","Fuel - Mod."
"USA",2045,"Nuclear - SMR - MSR",6.03026944444444,"Nuclear - SMR - MSR","TWh","Limited Trade - Adv. Reactor","Limited","Reactor - Adv.","Fuel - Mod."
"USA",2045,"Nuclear - SMR - PWR modular",11.0586388888889,"Nuclear - SMR - PWR modular","TWh","Limited Trade - Adv. Reactor","Limited","Reactor - Adv.","Fuel - Mod."
"USA",2045,"Nuclear - SMR - SFR",13.6790833333333,"Nuclear - SMR - SFR","TWh","Limited Trade - Adv. Reactor","Limited","Reactor - Adv.","Fuel - Mod."
"USA",2050,"Nuclear - Large - PWR",286.418611111111,"Nuclear - Large - PWR","TWh","Limited Trade - Adv. Reactor","Limited","Reactor - Adv.","Fuel - Mod."
"USA",2050,"Nuclear - Legacy",754.721416666667,"Nuclear - Legacy","TWh","Limited Trade - Adv. Reactor","Limited","Reactor - Adv.","Fuel - Mod."
"USA",2050,"Nuclear - SMR - BWR",68.2442777777778,"Nuclear - SMR - BWR","TWh","Limited Trade - Adv. Reactor","Limited","Reactor - Adv.","Fuel - Mod."
"USA",2050,"Nuclear - SMR - HTGR",35.3223055555556,"Nuclear - SMR - HTGR","TWh","Limited Trade - Adv. Reactor","Limited","Reactor - Adv.","Fuel - Mod."
"USA",2050,"Nuclear - SMR - MSR",9.90370833333333,"Nuclear - SMR - MSR","TWh","Limited Trade - Adv. Reactor","Limited","Reactor - Adv.","Fuel - Mod."
"USA",2050,"Nuclear - SMR - PWR modular",17.8841111111111,"Nuclear - SMR - PWR modular","TWh","Limited Trade - Adv. Reactor","Limited","Reactor - Adv.","Fuel - Mod."
"USA",2050,"Nuclear - SMR - SFR",25.3985277777778,"Nuclear - SMR - SFR","TWh","Limited Trade - Adv. Reactor","Limited","Reactor - Adv.","Fuel - Mod."
"USA",2055,"Nuclear - Large - PWR",386.368527777778,"Nuclear - Large - PWR","TWh","Limited Trade - Adv. Reactor","Limited","Reactor - Adv.","Fuel - Mod."
"USA",2055,"Nuclear - Legacy",535.046777777778,"Nuclear - Legacy","TWh","Limited Trade - Adv. Reactor","Limited","Reactor - Adv.","Fuel - Mod."
"USA",2055,"Nuclear - SMR - BWR",121.924,"Nuclear - SMR - BWR","TWh","Limited Trade - Adv. Reactor","Limited","Reactor - Adv.","Fuel - Mod."
"USA",2055,"Nuclear - SMR - HTGR",57.14825,"Nuclear - SMR - HTGR","TWh","Limited Trade - Adv. Reactor","Limited","Reactor - Adv.","Fuel - Mod."
"USA",2055,"Nuclear - SMR - MSR",13.1276805555556,"Nuclear - SMR - MSR","TWh","Limited Trade - Adv. Reactor","Limited","Reactor - Adv.","Fuel - Mod."
"USA",2055,"Nuclear - SMR - PWR modular",24.0841388888889,"Nuclear - SMR - PWR modular","TWh","Limited Trade - Adv. Reactor","Limited","Reactor - Adv.","Fuel - Mod."
"USA",2055,"Nuclear - SMR - SFR",37.1687222222222,"Nuclear - SMR - SFR","TWh","Limited Trade - Adv. Reactor","Limited","Reactor - Adv.","Fuel - Mod."
"USA",2060,"Nuclear - Large - PWR",475.84525,"Nuclear - Large - PWR","TWh","Limited Trade - Adv. Reactor","Limited","Reactor - Adv.","Fuel - Mod."
"USA",2060,"Nuclear - Legacy",415.658222222222,"Nuclear - Legacy","TWh","Limited Trade - Adv. Reactor","Limited","Reactor - Adv.","Fuel - Mod."
"USA",2060,"Nuclear - SMR - BWR",181.018555555556,"Nuclear - SMR - BWR","TWh","Limited Trade - Adv. Reactor","Limited","Reactor - Adv.","Fuel - Mod."
"USA",2060,"Nuclear - SMR - HTGR",79.7485833333333,"Nuclear - SMR - HTGR","TWh","Limited Trade - Adv. Reactor","Limited","Reactor - Adv.","Fuel - Mod."
"USA",2060,"Nuclear - SMR - MSR",15.776375,"Nuclear - SMR - MSR","TWh","Limited Trade - Adv. Reactor","Limited","Reactor - Adv.","Fuel - Mod."
"USA",2060,"Nuclear - SMR - PWR modular",29.62125,"Nuclear - SMR - PWR modular","TWh","Limited Trade - Adv. Reactor","Limited","Reactor - Adv.","Fuel - Mod."
"USA",2060,"Nuclear - SMR - SFR",48.2600277777778,"Nuclear - SMR - SFR","TWh","Limited Trade - Adv. Reactor","Limited","Reactor - Adv.","Fuel - Mod."
"USA",2065,"Nuclear - Large - PWR",574.886305555556,"Nuclear - Large - PWR","TWh","Limited Trade - Adv. Reactor","Limited","Reactor - Adv.","Fuel - Mod."
"USA",2065,"Nuclear - Legacy",237.543277777778,"Nuclear - Legacy","TWh","Limited Trade - Adv. Reactor","Limited","Reactor - Adv.","Fuel - Mod."
"USA",2065,"Nuclear - SMR - BWR",252.985888888889,"Nuclear - SMR - BWR","TWh","Limited Trade - Adv. Reactor","Limited","Reactor - Adv.","Fuel - Mod."
"USA",2065,"Nuclear - SMR - HTGR",106.717333333333,"Nuclear - SMR - HTGR","TWh","Limited Trade - Adv. Reactor","Limited","Reactor - Adv.","Fuel - Mod."
"USA",2065,"Nuclear - SMR - MSR",18.7850916666667,"Nuclear - SMR - MSR","TWh","Limited Trade - Adv. Reactor","Limited","Reactor - Adv.","Fuel - Mod."
"USA",2065,"Nuclear - SMR - PWR modular",35.7718055555556,"Nuclear - SMR - PWR modular","TWh","Limited Trade - Adv. Reactor","Limited","Reactor - Adv.","Fuel - Mod."
"USA",2065,"Nuclear - SMR - SFR",60.8446666666667,"Nuclear - SMR - SFR","TWh","Limited Trade - Adv. Reactor","Limited","Reactor - Adv.","Fuel - Mod."
"USA",2070,"Nuclear - Large - PWR",678.772111111111,"Nuclear - Large - PWR","TWh","Limited Trade - Adv. Reactor","Limited","Reactor - Adv.","Fuel - Mod."
"USA",2070,"Nuclear - Legacy",45.9596111111111,"Nuclear - Legacy","TWh","Limited Trade - Adv. Reactor","Limited","Reactor - Adv.","Fuel - Mod."
"USA",2070,"Nuclear - SMR - BWR",320.641916666667,"Nuclear - SMR - BWR","TWh","Limited Trade - Adv. Reactor","Limited","Reactor - Adv.","Fuel - Mod."
"USA",2070,"Nuclear - SMR - HTGR",137.661944444444,"Nuclear - SMR - HTGR","TWh","Limited Trade - Adv. Reactor","Limited","Reactor - Adv.","Fuel - Mod."
"USA",2070,"Nuclear - SMR - MSR",22.0829722222222,"Nuclear - SMR - MSR","TWh","Limited Trade - Adv. Reactor","Limited","Reactor - Adv.","Fuel - Mod."
"USA",2070,"Nuclear - SMR - PWR modular",42.4640277777778,"Nuclear - SMR - PWR modular","TWh","Limited Trade - Adv. Reactor","Limited","Reactor - Adv.","Fuel - Mod."
"USA",2070,"Nuclear - SMR - SFR",74.7453888888889,"Nuclear - SMR - SFR","TWh","Limited Trade - Adv. Reactor","Limited","Reactor - Adv.","Fuel - Mod."
"USA",2075,"Nuclear - Large - PWR",782.364277777778,"Nuclear - Large - PWR","TWh","Limited Trade - Adv. Reactor","Limited","Reactor - Adv.","Fuel - Mod."
"USA",2075,"Nuclear - Legacy",17.9650555555556,"Nuclear - Legacy","TWh","Limited Trade - Adv. Reactor","Limited","Reactor - Adv.","Fuel - Mod."
"USA",2075,"Nuclear - SMR - BWR",382.355916666667,"Nuclear - SMR - BWR","TWh","Limited Trade - Adv. Reactor","Limited","Reactor - Adv.","Fuel - Mod."
"USA",2075,"Nuclear - SMR - HTGR",170.975111111111,"Nuclear - SMR - HTGR","TWh","Limited Trade - Adv. Reactor","Limited","Reactor - Adv.","Fuel - Mod."
"USA",2075,"Nuclear - SMR - MSR",25.4591694444444,"Nuclear - SMR - MSR","TWh","Limited Trade - Adv. Reactor","Limited","Reactor - Adv.","Fuel - Mod."
"USA",2075,"Nuclear - SMR - PWR modular",49.3598888888889,"Nuclear - SMR - PWR modular","TWh","Limited Trade - Adv. Reactor","Limited","Reactor - Adv.","Fuel - Mod."
"USA",2075,"Nuclear - SMR - SFR",89.2431111111111,"Nuclear - SMR - SFR","TWh","Limited Trade - Adv. Reactor","Limited","Reactor - Adv.","Fuel - Mod."
"USA",2080,"Nuclear - Large - PWR",909.295638888889,"Nuclear - Large - PWR","TWh","Limited Trade - Adv. Reactor","Limited","Reactor - Adv.","Fuel - Mod."
"USA",2080,"Nuclear - Legacy",9.16405555555556,"Nuclear - Legacy","TWh","Limited Trade - Adv. Reactor","Limited","Reactor - Adv.","Fuel - Mod."
"USA",2080,"Nuclear - SMR - BWR",454.719055555556,"Nuclear - SMR - BWR","TWh","Limited Trade - Adv. Reactor","Limited","Reactor - Adv.","Fuel - Mod."
"USA",2080,"Nuclear - SMR - HTGR",215.734416666667,"Nuclear - SMR - HTGR","TWh","Limited Trade - Adv. Reactor","Limited","Reactor - Adv.","Fuel - Mod."
"USA",2080,"Nuclear - SMR - MSR",29.86535,"Nuclear - SMR - MSR","TWh","Limited Trade - Adv. Reactor","Limited","Reactor - Adv.","Fuel - Mod."
"USA",2080,"Nuclear - SMR - PWR modular",58.3397222222222,"Nuclear - SMR - PWR modular","TWh","Limited Trade - Adv. Reactor","Limited","Reactor - Adv.","Fuel - Mod."
"USA",2080,"Nuclear - SMR - SFR",108.260416666667,"Nuclear - SMR - SFR","TWh","Limited Trade - Adv. Reactor","Limited","Reactor - Adv.","Fuel - Mod."
"USA",2085,"Nuclear - Large - PWR",1003.44866666667,"Nuclear - Large - PWR","TWh","Limited Trade - Adv. Reactor","Limited","Reactor - Adv.","Fuel - Mod."
"USA",2085,"Nuclear - Legacy",9.16261111111111,"Nuclear - Legacy","TWh","Limited Trade - Adv. Reactor","Limited","Reactor - Adv.","Fuel - Mod."
"USA",2085,"Nuclear - SMR - BWR",506.986027777778,"Nuclear - SMR - BWR","TWh","Limited Trade - Adv. Reactor","Limited","Reactor - Adv.","Fuel - Mod."
"USA",2085,"Nuclear - SMR - HTGR",250.104638888889,"Nuclear - SMR - HTGR","TWh","Limited Trade - Adv. Reactor","Limited","Reactor - Adv.","Fuel - Mod."
"USA",2085,"Nuclear - SMR - MSR",33.1248944444444,"Nuclear - SMR - MSR","TWh","Limited Trade - Adv. Reactor","Limited","Reactor - Adv.","Fuel - Mod."
"USA",2085,"Nuclear - SMR - PWR modular",65.5938611111111,"Nuclear - SMR - PWR modular","TWh","Limited Trade - Adv. Reactor","Limited","Reactor - Adv.","Fuel - Mod."
"USA",2085,"Nuclear - SMR - SFR",123.781638888889,"Nuclear - SMR - SFR","TWh","Limited Trade - Adv. Reactor","Limited","Reactor - Adv.","Fuel - Mod."
"USA",2090,"Nuclear - Large - PWR",1068.30494444444,"Nuclear - Large - PWR","TWh","Limited Trade - Adv. Reactor","Limited","Reactor - Adv.","Fuel - Mod."
"USA",2090,"Nuclear - Legacy",9.15208333333333,"Nuclear - Legacy","TWh","Limited Trade - Adv. Reactor","Limited","Reactor - Adv.","Fuel - Mod."
"USA",2090,"Nuclear - SMR - BWR",549.248388888889,"Nuclear - SMR - BWR","TWh","Limited Trade - Adv. Reactor","Limited","Reactor - Adv.","Fuel - Mod."
"USA",2090,"Nuclear - SMR - HTGR",277.918666666667,"Nuclear - SMR - HTGR","TWh","Limited Trade - Adv. Reactor","Limited","Reactor - Adv.","Fuel - Mod."
"USA",2090,"Nuclear - SMR - MSR",35.7920361111111,"Nuclear - SMR - MSR","TWh","Limited Trade - Adv. Reactor","Limited","Reactor - Adv.","Fuel - Mod."
"USA",2090,"Nuclear - SMR - PWR modular",71.9557222222222,"Nuclear - SMR - PWR modular","TWh","Limited Trade - Adv. Reactor","Limited","Reactor - Adv.","Fuel - Mod."
"USA",2090,"Nuclear - SMR - SFR",137.506805555556,"Nuclear - SMR - SFR","TWh","Limited Trade - Adv. Reactor","Limited","Reactor - Adv.","Fuel - Mod."
"USA",2095,"Nuclear - Large - PWR",1129.77277777778,"Nuclear - Large - PWR","TWh","Limited Trade - Adv. Reactor","Limited","Reactor - Adv.","Fuel - Mod."
"USA",2095,"Nuclear - Legacy",9.13272222222222,"Nuclear - Legacy","TWh","Limited Trade - Adv. Reactor","Limited","Reactor - Adv.","Fuel - Mod."
"USA",2095,"Nuclear - SMR - BWR",591.853722222222,"Nuclear - SMR - BWR","TWh","Limited Trade - Adv. Reactor","Limited","Reactor - Adv.","Fuel - Mod."
"USA",2095,"Nuclear - SMR - HTGR",305.380305555556,"Nuclear - SMR - HTGR","TWh","Limited Trade - Adv. Reactor","Limited","Reactor - Adv.","Fuel - Mod."
"USA",2095,"Nuclear - SMR - MSR",37.5198916666667,"Nuclear - SMR - MSR","TWh","Limited Trade - Adv. Reactor","Limited","Reactor - Adv.","Fuel - Mod."
"USA",2095,"Nuclear - SMR - PWR modular",76.5790833333333,"Nuclear - SMR - PWR modular","TWh","Limited Trade - Adv. Reactor","Limited","Reactor - Adv.","Fuel - Mod."
"USA",2095,"Nuclear - SMR - SFR",150.740638888889,"Nuclear - SMR - SFR","TWh","Limited Trade - Adv. Reactor","Limited","Reactor - Adv.","Fuel - Mod."
"USA",2100,"Nuclear - Large - PWR",1158.01694444444,"Nuclear - Large - PWR","TWh","Limited Trade - Adv. Reactor","Limited","Reactor - Adv.","Fuel - Mod."
"USA",2100,"Nuclear - SMR - BWR",627.021972222222,"Nuclear - SMR - BWR","TWh","Limited Trade - Adv. Reactor","Limited","Reactor - Adv.","Fuel - Mod."
"USA",2100,"Nuclear - SMR - HTGR",328.692722222222,"Nuclear - SMR - HTGR","TWh","Limited Trade - Adv. Reactor","Limited","Reactor - Adv.","Fuel - Mod."
"USA",2100,"Nuclear - SMR - MSR",38.6540416666667,"Nuclear - SMR - MSR","TWh","Limited Trade - Adv. Reactor","Limited","Reactor - Adv.","Fuel - Mod."
"USA",2100,"Nuclear - SMR - PWR modular",80.1970555555556,"Nuclear - SMR - PWR modular","TWh","Limited Trade - Adv. Reactor","Limited","Reactor - Adv.","Fuel - Mod."
"USA",2100,"Nuclear - SMR - SFR",162.625305555556,"Nuclear - SMR - SFR","TWh","Limited Trade - Adv. Reactor","Limited","Reactor - Adv.","Fuel - Mod."
"USA",2021,"Nuclear - Legacy",811.546555555556,"Nuclear - Legacy","TWh","Unrestricted Trade","Unrestricted","Reactor - Mod.","Fuel - Mod."
"USA",2025,"Nuclear - Large - PWR",18.3333333333333,"Nuclear - Large - PWR","TWh","Unrestricted Trade","Unrestricted","Reactor - Mod.","Fuel - Mod."
"USA",2025,"Nuclear - Legacy",808.447666666667,"Nuclear - Legacy","TWh","Unrestricted Trade","Unrestricted","Reactor - Mod.","Fuel - Mod."
"USA",2030,"Nuclear - Large - PWR",30.92275,"Nuclear - Large - PWR","TWh","Unrestricted Trade","Unrestricted","Reactor - Mod.","Fuel - Mod."
"USA",2030,"Nuclear - Legacy",808.270138888889,"Nuclear - Legacy","TWh","Unrestricted Trade","Unrestricted","Reactor - Mod.","Fuel - Mod."
"USA",2035,"Nuclear - Large - PWR",54.1405277777778,"Nuclear - Large - PWR","TWh","Unrestricted Trade","Unrestricted","Reactor - Mod.","Fuel - Mod."
"USA",2035,"Nuclear - Legacy",788.487111111111,"Nuclear - Legacy","TWh","Unrestricted Trade","Unrestricted","Reactor - Mod.","Fuel - Mod."
"USA",2035,"Nuclear - SMR - BWR",3.50005555555556,"Nuclear - SMR - BWR","TWh","Unrestricted Trade","Unrestricted","Reactor - Mod.","Fuel - Mod."
"USA",2035,"Nuclear - SMR - HTGR",2.96238888888889,"Nuclear - SMR - HTGR","TWh","Unrestricted Trade","Unrestricted","Reactor - Mod.","Fuel - Mod."
"USA",2035,"Nuclear - SMR - MSR",1.49328333333333,"Nuclear - SMR - MSR","TWh","Unrestricted Trade","Unrestricted","Reactor - Mod.","Fuel - Mod."
"USA",2035,"Nuclear - SMR - PWR modular",2.86980555555556,"Nuclear - SMR - PWR modular","TWh","Unrestricted Trade","Unrestricted","Reactor - Mod.","Fuel - Mod."
"USA",2035,"Nuclear - SMR - SFR",2.92486111111111,"Nuclear - SMR - SFR","TWh","Unrestricted Trade","Unrestricted","Reactor - Mod.","Fuel - Mod."
"USA",2040,"Nuclear - Large - PWR",103.783694444444,"Nuclear - Large - PWR","TWh","Unrestricted Trade","Unrestricted","Reactor - Mod.","Fuel - Mod."
"USA",2040,"Nuclear - Legacy",788.403388888889,"Nuclear - Legacy","TWh","Unrestricted Trade","Unrestricted","Reactor - Mod.","Fuel - Mod."
"USA",2040,"Nuclear - SMR - BWR",10.7312222222222,"Nuclear - SMR - BWR","TWh","Unrestricted Trade","Unrestricted","Reactor - Mod.","Fuel - Mod."
"USA",2040,"Nuclear - SMR - HTGR",8.17708333333333,"Nuclear - SMR - HTGR","TWh","Unrestricted Trade","Unrestricted","Reactor - Mod.","Fuel - Mod."
"USA",2040,"Nuclear - SMR - MSR",3.85045555555556,"Nuclear - SMR - MSR","TWh","Unrestricted Trade","Unrestricted","Reactor - Mod.","Fuel - Mod."
"USA",2040,"Nuclear - SMR - PWR modular",7.42494444444444,"Nuclear - SMR - PWR modular","TWh","Unrestricted Trade","Unrestricted","Reactor - Mod.","Fuel - Mod."
"USA",2040,"Nuclear - SMR - SFR",7.74947222222222,"Nuclear - SMR - SFR","TWh","Unrestricted Trade","Unrestricted","Reactor - Mod.","Fuel - Mod."
"USA",2045,"Nuclear - Large - PWR",164.947527777778,"Nuclear - Large - PWR","TWh","Unrestricted Trade","Unrestricted","Reactor - Mod.","Fuel - Mod."
"USA",2045,"Nuclear - Legacy",788.301083333333,"Nuclear - Legacy","TWh","Unrestricted Trade","Unrestricted","Reactor - Mod.","Fuel - Mod."
"USA",2045,"Nuclear - SMR - BWR",22.1494444444444,"Nuclear - SMR - BWR","TWh","Unrestricted Trade","Unrestricted","Reactor - Mod.","Fuel - Mod."
"USA",2045,"Nuclear - SMR - HTGR",15.7515555555556,"Nuclear - SMR - HTGR","TWh","Unrestricted Trade","Unrestricted","Reactor - Mod.","Fuel - Mod."
"USA",2045,"Nuclear - SMR - MSR",6.81843611111111,"Nuclear - SMR - MSR","TWh","Unrestricted Trade","Unrestricted","Reactor - Mod.","Fuel - Mod."
"USA",2045,"Nuclear - SMR - PWR modular",12.7467777777778,"Nuclear - SMR - PWR modular","TWh","Unrestricted Trade","Unrestricted","Reactor - Mod.","Fuel - Mod."
"USA",2045,"Nuclear - SMR - SFR",14.5121944444444,"Nuclear - SMR - SFR","TWh","Unrestricted Trade","Unrestricted","Reactor - Mod.","Fuel - Mod."
"USA",2050,"Nuclear - Large - PWR",268.814611111111,"Nuclear - Large - PWR","TWh","Unrestricted Trade","Unrestricted","Reactor - Mod.","Fuel - Mod."
"USA",2050,"Nuclear - Legacy",759.895805555556,"Nuclear - Legacy","TWh","Unrestricted Trade","Unrestricted","Reactor - Mod.","Fuel - Mod."
"USA",2050,"Nuclear - SMR - BWR",46.7445555555556,"Nuclear - SMR - BWR","TWh","Unrestricted Trade","Unrestricted","Reactor - Mod.","Fuel - Mod."
"USA",2050,"Nuclear - SMR - HTGR",31.0725277777778,"Nuclear - SMR - HTGR","TWh","Unrestricted Trade","Unrestricted","Reactor - Mod.","Fuel - Mod."
"USA",2050,"Nuclear - SMR - MSR",11.8645138888889,"Nuclear - SMR - MSR","TWh","Unrestricted Trade","Unrestricted","Reactor - Mod.","Fuel - Mod."
"USA",2050,"Nuclear - SMR - PWR modular",21.9674166666667,"Nuclear - SMR - PWR modular","TWh","Unrestricted Trade","Unrestricted","Reactor - Mod.","Fuel - Mod."
"USA",2050,"Nuclear - SMR - SFR",27.0418333333333,"Nuclear - SMR - SFR","TWh","Unrestricted Trade","Unrestricted","Reactor - Mod.","Fuel - Mod."
"USA",2055,"Nuclear - Large - PWR",350.8835,"Nuclear - Large - PWR","TWh","Unrestricted Trade","Unrestricted","Reactor - Mod.","Fuel - Mod."
"USA",2055,"Nuclear - Legacy",538.645138888889,"Nuclear - Legacy","TWh","Unrestricted Trade","Unrestricted","Reactor - Mod.","Fuel - Mod."
"USA",2055,"Nuclear - SMR - BWR",72.2516944444444,"Nuclear - SMR - BWR","TWh","Unrestricted Trade","Unrestricted","Reactor - Mod.","Fuel - Mod."
"USA",2055,"Nuclear - SMR - HTGR",45.9912777777778,"Nuclear - SMR - HTGR","TWh","Unrestricted Trade","Unrestricted","Reactor - Mod.","Fuel - Mod."
"USA",2055,"Nuclear - SMR - MSR",15.5448361111111,"Nuclear - SMR - MSR","TWh","Unrestricted Trade","Unrestricted","Reactor - Mod.","Fuel - Mod."
"USA",2055,"Nuclear - SMR - PWR modular",29.3526666666667,"Nuclear - SMR - PWR modular","TWh","Unrestricted Trade","Unrestricted","Reactor - Mod.","Fuel - Mod."
"USA",2055,"Nuclear - SMR - SFR",37.7524166666667,"Nuclear - SMR - SFR","TWh","Unrestricted Trade","Unrestricted","Reactor - Mod.","Fuel - Mod."
"USA",2060,"Nuclear - Large - PWR",419.881333333333,"Nuclear - Large - PWR","TWh","Unrestricted Trade","Unrestricted","Reactor - Mod.","Fuel - Mod."
"USA",2060,"Nuclear - Legacy",418.34,"Nuclear - Legacy","TWh","Unrestricted Trade","Unrestricted","Reactor - Mod.","Fuel - Mod."
"USA",2060,"Nuclear - SMR - BWR",97.2862222222222,"Nuclear - SMR - BWR","TWh","Unrestricted Trade","Unrestricted","Reactor - Mod.","Fuel - Mod."
"USA",2060,"Nuclear - SMR - HTGR",60.1264722222222,"Nuclear - SMR - HTGR","TWh","Unrestricted Trade","Unrestricted","Reactor - Mod.","Fuel - Mod."
"USA",2060,"Nuclear - SMR - MSR",18.4146611111111,"Nuclear - SMR - MSR","TWh","Unrestricted Trade","Unrestricted","Reactor - Mod.","Fuel - Mod."
"USA",2060,"Nuclear - SMR - PWR modular",35.5591944444444,"Nuclear - SMR - PWR modular","TWh","Unrestricted Trade","Unrestricted","Reactor - Mod.","Fuel - Mod."
"USA",2060,"Nuclear - SMR - SFR",47.0830277777778,"Nuclear - SMR - SFR","TWh","Unrestricted Trade","Unrestricted","Reactor - Mod.","Fuel - Mod."
"USA",2065,"Nuclear - Large - PWR",494.338027777778,"Nuclear - Large - PWR","TWh","Unrestricted Trade","Unrestricted","Reactor - Mod.","Fuel - Mod."
"USA",2065,"Nuclear - Legacy",239.025194444444,"Nuclear - Legacy","TWh","Unrestricted Trade","Unrestricted","Reactor - Mod.","Fuel - Mod."
"USA",2065,"Nuclear - SMR - BWR",126.20625,"Nuclear - SMR - BWR","TWh","Unrestricted Trade","Unrestricted","Reactor - Mod.","Fuel - Mod."
"USA",2065,"Nuclear - SMR - HTGR",76.1639722222222,"Nuclear - SMR - HTGR","TWh","Unrestricted Trade","Unrestricted","Reactor - Mod.","Fuel - Mod."
"USA",2065,"Nuclear - SMR - MSR",21.6381916666667,"Nuclear - SMR - MSR","TWh","Unrestricted Trade","Unrestricted","Reactor - Mod.","Fuel - Mod."
"USA",2065,"Nuclear - SMR - PWR modular",42.2464722222222,"Nuclear - SMR - PWR modular","TWh","Unrestricted Trade","Unrestricted","Reactor - Mod.","Fuel - Mod."
"USA",2065,"Nuclear - SMR - SFR",57.25125,"Nuclear - SMR - SFR","TWh","Unrestricted Trade","Unrestricted","Reactor - Mod.","Fuel - Mod."
"USA",2070,"Nuclear - Large - PWR",572.424527777778,"Nuclear - Large - PWR","TWh","Unrestricted Trade","Unrestricted","Reactor - Mod.","Fuel - Mod."
"USA",2070,"Nuclear - Legacy",46.23825,"Nuclear - Legacy","TWh","Unrestricted Trade","Unrestricted","Reactor - Mod.","Fuel - Mod."
"USA",2070,"Nuclear - SMR - BWR",158.038083333333,"Nuclear - SMR - BWR","TWh","Unrestricted Trade","Unrestricted","Reactor - Mod.","Fuel - Mod."
"USA",2070,"Nuclear - SMR - HTGR",93.5816111111111,"Nuclear - SMR - HTGR","TWh","Unrestricted Trade","Unrestricted","Reactor - Mod.","Fuel - Mod."
"USA",2070,"Nuclear - SMR - MSR",25.1146111111111,"Nuclear - SMR - MSR","TWh","Unrestricted Trade","Unrestricted","Reactor - Mod.","Fuel - Mod."
"USA",2070,"Nuclear - SMR - PWR modular",49.2721666666667,"Nuclear - SMR - PWR modular","TWh","Unrestricted Trade","Unrestricted","Reactor - Mod.","Fuel - Mod."
"USA",2070,"Nuclear - SMR - SFR",68.0068055555556,"Nuclear - SMR - SFR","TWh","Unrestricted Trade","Unrestricted","Reactor - Mod.","Fuel - Mod."
"USA",2075,"Nuclear - Large - PWR",649.373833333333,"Nuclear - Large - PWR","TWh","Unrestricted Trade","Unrestricted","Reactor - Mod.","Fuel - Mod."
"USA",2075,"Nuclear - Legacy",18.0742777777778,"Nuclear - Legacy","TWh","Unrestricted Trade","Unrestricted","Reactor - Mod.","Fuel - Mod."
"USA",2075,"Nuclear - SMR - BWR",190.763138888889,"Nuclear - SMR - BWR","TWh","Unrestricted Trade","Unrestricted","Reactor - Mod.","Fuel - Mod."
"USA",2075,"Nuclear - SMR - HTGR",111.300722222222,"Nuclear - SMR - HTGR","TWh","Unrestricted Trade","Unrestricted","Reactor - Mod.","Fuel - Mod."
"USA",2075,"Nuclear - SMR - MSR",28.5863416666667,"Nuclear - SMR - MSR","TWh","Unrestricted Trade","Unrestricted","Reactor - Mod.","Fuel - Mod."
"USA",2075,"Nuclear - SMR - PWR modular",56.2081666666667,"Nuclear - SMR - PWR modular","TWh","Unrestricted Trade","Unrestricted","Reactor - Mod.","Fuel - Mod."
"USA",2075,"Nuclear - SMR - SFR",78.6994722222222,"Nuclear - SMR - SFR","TWh","Unrestricted Trade","Unrestricted","Reactor - Mod.","Fuel - Mod."
"USA",2080,"Nuclear - Large - PWR",747.406027777778,"Nuclear - Large - PWR","TWh","Unrestricted Trade","Unrestricted","Reactor - Mod.","Fuel - Mod."
"USA",2080,"Nuclear - Legacy",9.22325,"Nuclear - Legacy","TWh","Unrestricted Trade","Unrestricted","Reactor - Mod.","Fuel - Mod."
"USA",2080,"Nuclear - SMR - BWR",233.720361111111,"Nuclear - SMR - BWR","TWh","Unrestricted Trade","Unrestricted","Reactor - Mod.","Fuel - Mod."
"USA",2080,"Nuclear - SMR - HTGR",134.388861111111,"Nuclear - SMR - HTGR","TWh","Unrestricted Trade","Unrestricted","Reactor - Mod.","Fuel - Mod."
"USA",2080,"Nuclear - SMR - MSR",33.1058194444444,"Nuclear - SMR - MSR","TWh","Unrestricted Trade","Unrestricted","Reactor - Mod.","Fuel - Mod."
"USA",2080,"Nuclear - SMR - PWR modular",65.0729722222222,"Nuclear - SMR - PWR modular","TWh","Unrestricted Trade","Unrestricted","Reactor - Mod.","Fuel - Mod."
"USA",2080,"Nuclear - SMR - SFR",92.4168888888889,"Nuclear - SMR - SFR","TWh","Unrestricted Trade","Unrestricted","Reactor - Mod.","Fuel - Mod."
"USA",2085,"Nuclear - Large - PWR",820.489166666667,"Nuclear - Large - PWR","TWh","Unrestricted Trade","Unrestricted","Reactor - Mod.","Fuel - Mod."
"USA",2085,"Nuclear - Legacy",9.21455555555555,"Nuclear - Legacy","TWh","Unrestricted Trade","Unrestricted","Reactor - Mod.","Fuel - Mod."
"USA",2085,"Nuclear - SMR - BWR",267.621333333333,"Nuclear - SMR - BWR","TWh","Unrestricted Trade","Unrestricted","Reactor - Mod.","Fuel - Mod."
"USA",2085,"Nuclear - SMR - HTGR",152.382,"Nuclear - SMR - HTGR","TWh","Unrestricted Trade","Unrestricted","Reactor - Mod.","Fuel - Mod."
"USA",2085,"Nuclear - SMR - MSR",36.166775,"Nuclear - SMR - MSR","TWh","Unrestricted Trade","Unrestricted","Reactor - Mod.","Fuel - Mod."
"USA",2085,"Nuclear - SMR - PWR modular",71.7346111111111,"Nuclear - SMR - PWR modular","TWh","Unrestricted Trade","Unrestricted","Reactor - Mod.","Fuel - Mod."
"USA",2085,"Nuclear - SMR - SFR",102.857472222222,"Nuclear - SMR - SFR","TWh","Unrestricted Trade","Unrestricted","Reactor - Mod.","Fuel - Mod."
"USA",2090,"Nuclear - Large - PWR",870.345416666667,"Nuclear - Large - PWR","TWh","Unrestricted Trade","Unrestricted","Reactor - Mod.","Fuel - Mod."
"USA",2090,"Nuclear - Legacy",9.19997222222222,"Nuclear - Legacy","TWh","Unrestricted Trade","Unrestricted","Reactor - Mod.","Fuel - Mod."
"USA",2090,"Nuclear - SMR - BWR",297.323555555556,"Nuclear - SMR - BWR","TWh","Unrestricted Trade","Unrestricted","Reactor - Mod.","Fuel - Mod."
"USA",2090,"Nuclear - SMR - HTGR",168.038972222222,"Nuclear - SMR - HTGR","TWh","Unrestricted Trade","Unrestricted","Reactor - Mod.","Fuel - Mod."
"USA",2090,"Nuclear - SMR - MSR",38.631925,"Nuclear - SMR - MSR","TWh","Unrestricted Trade","Unrestricted","Reactor - Mod.","Fuel - Mod."
"USA",2090,"Nuclear - SMR - PWR modular",77.4435,"Nuclear - SMR - PWR modular","TWh","Unrestricted Trade","Unrestricted","Reactor - Mod.","Fuel - Mod."
"USA",2090,"Nuclear - SMR - SFR",111.857277777778,"Nuclear - SMR - SFR","TWh","Unrestricted Trade","Unrestricted","Reactor - Mod.","Fuel - Mod."
"USA",2095,"Nuclear - Large - PWR",917.8075,"Nuclear - Large - PWR","TWh","Unrestricted Trade","Unrestricted","Reactor - Mod.","Fuel - Mod."
"USA",2095,"Nuclear - Legacy",9.18030555555555,"Nuclear - Legacy","TWh","Unrestricted Trade","Unrestricted","Reactor - Mod.","Fuel - Mod."
"USA",2095,"Nuclear - SMR - BWR",327.797305555556,"Nuclear - SMR - BWR","TWh","Unrestricted Trade","Unrestricted","Reactor - Mod.","Fuel - Mod."
"USA",2095,"Nuclear - SMR - HTGR",182.946138888889,"Nuclear - SMR - HTGR","TWh","Unrestricted Trade","Unrestricted","Reactor - Mod.","Fuel - Mod."
"USA",2095,"Nuclear - SMR - MSR",40.0722527777778,"Nuclear - SMR - MSR","TWh","Unrestricted Trade","Unrestricted","Reactor - Mod.","Fuel - Mod."
"USA",2095,"Nuclear - SMR - PWR modular",81.1311666666667,"Nuclear - SMR - PWR modular","TWh","Unrestricted Trade","Unrestricted","Reactor - Mod.","Fuel - Mod."
"USA",2095,"Nuclear - SMR - SFR",119.222222222222,"Nuclear - SMR - SFR","TWh","Unrestricted Trade","Unrestricted","Reactor - Mod.","Fuel - Mod."
"USA",2100,"Nuclear - Large - PWR",936.437777777778,"Nuclear - Large - PWR","TWh","Unrestricted Trade","Unrestricted","Reactor - Mod.","Fuel - Mod."
"USA",2100,"Nuclear - SMR - BWR",353.580027777778,"Nuclear - SMR - BWR","TWh","Unrestricted Trade","Unrestricted","Reactor - Mod.","Fuel - Mod."
"USA",2100,"Nuclear - SMR - HTGR",195.032694444444,"Nuclear - SMR - HTGR","TWh","Unrestricted Trade","Unrestricted","Reactor - Mod.","Fuel - Mod."
"USA",2100,"Nuclear - SMR - MSR",40.5589666666667,"Nuclear - SMR - MSR","TWh","Unrestricted Trade","Unrestricted","Reactor - Mod.","Fuel - Mod."
"USA",2100,"Nuclear - SMR - PWR modular",82.9208611111111,"Nuclear - SMR - PWR modular","TWh","Unrestricted Trade","Unrestricted","Reactor - Mod.","Fuel - Mod."
"USA",2100,"Nuclear - SMR - SFR",124.338888888889,"Nuclear - SMR - SFR","TWh","Unrestricted Trade","Unrestricted","Reactor - Mod.","Fuel - Mod."
