"","region","scenario","Trade","ReactorCost","FuelCost","Technology","year","Material","demand_type","Units","annual_material_demand"
"1","USA","100% Domestic","100% Domestic","Reactor - Mod.","Fuel - Mod.","Nuclear - Large - PWR",2030,"Copper","installation_demand","kt",0.313179845776462
"2","USA","100% Domestic","100% Domestic","Reactor - Mod.","Fuel - Mod.","Nuclear - Large - PWR",2030,"Hafnium","installation_demand","kt",0.000156589922888231
"3","USA","100% Domestic","100% Domestic","Reactor - Mod.","Fuel - Mod.","Nuclear - Large - PWR",2030,"Zirconium","installation_demand","kt",0.00782949614441155
"4","USA","100% Domestic","100% Domestic","Reactor - Mod.","Fuel - Mod.","Nuclear - Large - PWR",2035,"Copper","installation_demand","kt",0.50096549855516
"5","USA","100% Domestic","100% Domestic","Reactor - Mod.","Fuel - Mod.","Nuclear - Large - PWR",2035,"Hafnium","installation_demand","kt",0.00025048274927758
"6","USA","100% Domestic","100% Domestic","Reactor - Mod.","Fuel - Mod.","Nuclear - Large - PWR",2035,"Zirconium","installation_demand","kt",0.012524137463879
"7","USA","100% Domestic","100% Domestic","Reactor - Mod.","Fuel - Mod.","Nuclear - Large - PWR",2040,"Copper","installation_demand","kt",0.914136594330598
"8","USA","100% Domestic","100% Domestic","Reactor - Mod.","Fuel - Mod.","Nuclear - Large - PWR",2040,"Hafnium","installation_demand","kt",0.000457068297165299
"9","USA","100% Domestic","100% Domestic","Reactor - Mod.","Fuel - Mod.","Nuclear - Large - PWR",2040,"Zirconium","installation_demand","kt",0.022853414858265
"10","USA","100% Domestic","100% Domestic","Reactor - Mod.","Fuel - Mod.","Nuclear - Large - PWR",2045,"Copper","installation_demand","kt",1.00665899610502
"11","USA","100% Domestic","100% Domestic","Reactor - Mod.","Fuel - Mod.","Nuclear - Large - PWR",2045,"Hafnium","installation_demand","kt",0.000503329498052511
"12","USA","100% Domestic","100% Domestic","Reactor - Mod.","Fuel - Mod.","Nuclear - Large - PWR",2045,"Zirconium","installation_demand","kt",0.0251664749026255
"13","USA","100% Domestic","100% Domestic","Reactor - Mod.","Fuel - Mod.","Nuclear - Large - PWR",2050,"Copper","installation_demand","kt",1.84520076073218
"14","USA","100% Domestic","100% Domestic","Reactor - Mod.","Fuel - Mod.","Nuclear - Large - PWR",2050,"Hafnium","installation_demand","kt",0.000922600380366088
"15","USA","100% Domestic","100% Domestic","Reactor - Mod.","Fuel - Mod.","Nuclear - Large - PWR",2050,"Zirconium","installation_demand","kt",0.0461300190183044
"16","USA","100% Domestic","100% Domestic","Reactor - Mod.","Fuel - Mod.","Nuclear - Large - PWR",2055,"Copper","installation_demand","kt",1.80702513321945
"17","USA","100% Domestic","100% Domestic","Reactor - Mod.","Fuel - Mod.","Nuclear - Large - PWR",2055,"Hafnium","installation_demand","kt",0.000903512566609724
"18","USA","100% Domestic","100% Domestic","Reactor - Mod.","Fuel - Mod.","Nuclear - Large - PWR",2055,"Zirconium","installation_demand","kt",0.0451756283304862
"19","USA","100% Domestic","100% Domestic","Reactor - Mod.","Fuel - Mod.","Nuclear - Large - PWR",2060,"Copper","installation_demand","kt",1.68295775112435
"20","USA","100% Domestic","100% Domestic","Reactor - Mod.","Fuel - Mod.","Nuclear - Large - PWR",2060,"Hafnium","installation_demand","kt",0.000841478875562174
"21","USA","100% Domestic","100% Domestic","Reactor - Mod.","Fuel - Mod.","Nuclear - Large - PWR",2060,"Zirconium","installation_demand","kt",0.0420739437781087
"22","USA","100% Domestic","100% Domestic","Reactor - Mod.","Fuel - Mod.","Nuclear - Large - PWR",2065,"Copper","installation_demand","kt",1.84597762998181
"23","USA","100% Domestic","100% Domestic","Reactor - Mod.","Fuel - Mod.","Nuclear - Large - PWR",2065,"Hafnium","installation_demand","kt",0.000922988814990905
"24","USA","100% Domestic","100% Domestic","Reactor - Mod.","Fuel - Mod.","Nuclear - Large - PWR",2065,"Zirconium","installation_demand","kt",0.0461494407495452
"25","USA","100% Domestic","100% Domestic","Reactor - Mod.","Fuel - Mod.","Nuclear - Large - PWR",2070,"Copper","installation_demand","kt",1.94391085793351
"26","USA","100% Domestic","100% Domestic","Reactor - Mod.","Fuel - Mod.","Nuclear - Large - PWR",2070,"Hafnium","installation_demand","kt",0.000971955428966756
"27","USA","100% Domestic","100% Domestic","Reactor - Mod.","Fuel - Mod.","Nuclear - Large - PWR",2070,"Zirconium","installation_demand","kt",0.0485977714483378
"28","USA","100% Domestic","100% Domestic","Reactor - Mod.","Fuel - Mod.","Nuclear - Large - PWR",2075,"Copper","installation_demand","kt",1.93907927637219
"29","USA","100% Domestic","100% Domestic","Reactor - Mod.","Fuel - Mod.","Nuclear - Large - PWR",2075,"Hafnium","installation_demand","kt",0.000969539638186095
"30","USA","100% Domestic","100% Domestic","Reactor - Mod.","Fuel - Mod.","Nuclear - Large - PWR",2075,"Zirconium","installation_demand","kt",0.0484769819093048
"31","USA","100% Domestic","100% Domestic","Reactor - Mod.","Fuel - Mod.","Nuclear - Large - PWR",2080,"Copper","installation_demand","kt",2.49529040054016
"32","USA","100% Domestic","100% Domestic","Reactor - Mod.","Fuel - Mod.","Nuclear - Large - PWR",2080,"Hafnium","installation_demand","kt",0.00124764520027008
"33","USA","100% Domestic","100% Domestic","Reactor - Mod.","Fuel - Mod.","Nuclear - Large - PWR",2080,"Zirconium","installation_demand","kt",0.062382260013504
"34","USA","100% Domestic","100% Domestic","Reactor - Mod.","Fuel - Mod.","Nuclear - Large - PWR",2085,"Copper","installation_demand","kt",1.90393616479005
"35","USA","100% Domestic","100% Domestic","Reactor - Mod.","Fuel - Mod.","Nuclear - Large - PWR",2085,"Hafnium","installation_demand","kt",0.000951968082395025
"36","USA","100% Domestic","100% Domestic","Reactor - Mod.","Fuel - Mod.","Nuclear - Large - PWR",2085,"Zirconium","installation_demand","kt",0.0475984041197512
"37","USA","100% Domestic","100% Domestic","Reactor - Mod.","Fuel - Mod.","Nuclear - Large - PWR",2090,"Copper","installation_demand","kt",1.631602604938
"38","USA","100% Domestic","100% Domestic","Reactor - Mod.","Fuel - Mod.","Nuclear - Large - PWR",2090,"Hafnium","installation_demand","kt",0.000815801302468999
"39","USA","100% Domestic","100% Domestic","Reactor - Mod.","Fuel - Mod.","Nuclear - Large - PWR",2090,"Zirconium","installation_demand","kt",0.04079006512345
"40","USA","100% Domestic","100% Domestic","Reactor - Mod.","Fuel - Mod.","Nuclear - Large - PWR",2095,"Copper","installation_demand","kt",1.84000118847366
"41","USA","100% Domestic","100% Domestic","Reactor - Mod.","Fuel - Mod.","Nuclear - Large - PWR",2095,"Hafnium","installation_demand","kt",0.000920000594236829
"42","USA","100% Domestic","100% Domestic","Reactor - Mod.","Fuel - Mod.","Nuclear - Large - PWR",2095,"Zirconium","installation_demand","kt",0.0460000297118414
"43","USA","100% Domestic","100% Domestic","Reactor - Mod.","Fuel - Mod.","Nuclear - Large - PWR",2100,"Copper","installation_demand","kt",1.73570989903153
"44","USA","100% Domestic","100% Domestic","Reactor - Mod.","Fuel - Mod.","Nuclear - Large - PWR",2100,"Hafnium","installation_demand","kt",0.000867854949515765
"45","USA","100% Domestic","100% Domestic","Reactor - Mod.","Fuel - Mod.","Nuclear - Large - PWR",2100,"Zirconium","installation_demand","kt",0.0433927474757883
"46","USA","100% Domestic","100% Domestic","Reactor - Mod.","Fuel - Mod.","Nuclear - SMR - BWR",2035,"Copper","installation_demand","kt",0.119958854551268
"47","USA","100% Domestic","100% Domestic","Reactor - Mod.","Fuel - Mod.","Nuclear - SMR - BWR",2035,"Zirconium","installation_demand","kt",0.00293776786656166
"48","USA","100% Domestic","100% Domestic","Reactor - Mod.","Fuel - Mod.","Nuclear - SMR - BWR",2040,"Copper","installation_demand","kt",0.229512506368283
"49","USA","100% Domestic","100% Domestic","Reactor - Mod.","Fuel - Mod.","Nuclear - SMR - BWR",2040,"Zirconium","installation_demand","kt",0.00562071444167225
"50","USA","100% Domestic","100% Domestic","Reactor - Mod.","Fuel - Mod.","Nuclear - SMR - BWR",2045,"Copper","installation_demand","kt",0.345914137957258
"51","USA","100% Domestic","100% Domestic","Reactor - Mod.","Fuel - Mod.","Nuclear - SMR - BWR",2045,"Zirconium","installation_demand","kt",0.00847136664385121
"52","USA","100% Domestic","100% Domestic","Reactor - Mod.","Fuel - Mod.","Nuclear - SMR - BWR",2050,"Copper","installation_demand","kt",0.771828226849092
"53","USA","100% Domestic","100% Domestic","Reactor - Mod.","Fuel - Mod.","Nuclear - SMR - BWR",2050,"Zirconium","installation_demand","kt",0.0189019157595696
"54","USA","100% Domestic","100% Domestic","Reactor - Mod.","Fuel - Mod.","Nuclear - SMR - BWR",2055,"Copper","installation_demand","kt",0.882067077344284
"55","USA","100% Domestic","100% Domestic","Reactor - Mod.","Fuel - Mod.","Nuclear - SMR - BWR",2055,"Zirconium","installation_demand","kt",0.0216016427104723
"56","USA","100% Domestic","100% Domestic","Reactor - Mod.","Fuel - Mod.","Nuclear - SMR - BWR",2060,"Copper","installation_demand","kt",0.909791578246678
"57","USA","100% Domestic","100% Domestic","Reactor - Mod.","Fuel - Mod.","Nuclear - SMR - BWR",2060,"Zirconium","installation_demand","kt",0.0222806100795105
"58","USA","100% Domestic","100% Domestic","Reactor - Mod.","Fuel - Mod.","Nuclear - SMR - BWR",2065,"Copper","installation_demand","kt",1.06751750204644
"59","USA","100% Domestic","100% Domestic","Reactor - Mod.","Fuel - Mod.","Nuclear - SMR - BWR",2065,"Zirconium","installation_demand","kt",0.0261432857644026
"60","USA","100% Domestic","100% Domestic","Reactor - Mod.","Fuel - Mod.","Nuclear - SMR - BWR",2070,"Copper","installation_demand","kt",1.1865958161911
"61","USA","100% Domestic","100% Domestic","Reactor - Mod.","Fuel - Mod.","Nuclear - SMR - BWR",2070,"Zirconium","installation_demand","kt",0.0290594893761086
"62","USA","100% Domestic","100% Domestic","Reactor - Mod.","Fuel - Mod.","Nuclear - SMR - BWR",2075,"Copper","installation_demand","kt",1.23316728775319
"63","USA","100% Domestic","100% Domestic","Reactor - Mod.","Fuel - Mod.","Nuclear - SMR - BWR",2075,"Zirconium","installation_demand","kt",0.0302000152102821
"64","USA","100% Domestic","100% Domestic","Reactor - Mod.","Fuel - Mod.","Nuclear - SMR - BWR",2080,"Copper","installation_demand","kt",1.63872676854285
"65","USA","100% Domestic","100% Domestic","Reactor - Mod.","Fuel - Mod.","Nuclear - SMR - BWR",2080,"Zirconium","installation_demand","kt",0.0401320841275799
"66","USA","100% Domestic","100% Domestic","Reactor - Mod.","Fuel - Mod.","Nuclear - SMR - BWR",2085,"Copper","installation_demand","kt",1.29087824659793
"67","USA","100% Domestic","100% Domestic","Reactor - Mod.","Fuel - Mod.","Nuclear - SMR - BWR",2085,"Zirconium","installation_demand","kt",0.0316133448146431
"68","USA","100% Domestic","100% Domestic","Reactor - Mod.","Fuel - Mod.","Nuclear - SMR - BWR",2090,"Copper","installation_demand","kt",1.12698152768476
"69","USA","100% Domestic","100% Domestic","Reactor - Mod.","Fuel - Mod.","Nuclear - SMR - BWR",2090,"Zirconium","installation_demand","kt",0.0275995476167696
"70","USA","100% Domestic","100% Domestic","Reactor - Mod.","Fuel - Mod.","Nuclear - SMR - BWR",2095,"Copper","installation_demand","kt",1.28682114916135
"71","USA","100% Domestic","100% Domestic","Reactor - Mod.","Fuel - Mod.","Nuclear - SMR - BWR",2095,"Zirconium","installation_demand","kt",0.0315139873264003
"72","USA","100% Domestic","100% Domestic","Reactor - Mod.","Fuel - Mod.","Nuclear - SMR - BWR",2100,"Copper","installation_demand","kt",1.2292804882337
"73","USA","100% Domestic","100% Domestic","Reactor - Mod.","Fuel - Mod.","Nuclear - SMR - BWR",2100,"Zirconium","installation_demand","kt",0.0301048282832743
"74","USA","100% Domestic","100% Domestic","Reactor - Mod.","Fuel - Mod.","Nuclear - SMR - HTGR",2035,"Copper","installation_demand","kt",0.0678883548934994
"75","USA","100% Domestic","100% Domestic","Reactor - Mod.","Fuel - Mod.","Nuclear - SMR - HTGR",2035,"Graphite","installation_demand","kt",0.414118964850346
"76","USA","100% Domestic","100% Domestic","Reactor - Mod.","Fuel - Mod.","Nuclear - SMR - HTGR",2035,"Silicon carbide","installation_demand","kt",0.000678883548934994
"77","USA","100% Domestic","100% Domestic","Reactor - Mod.","Fuel - Mod.","Nuclear - SMR - HTGR",2040,"Copper","installation_demand","kt",0.108814167696359
"78","USA","100% Domestic","100% Domestic","Reactor - Mod.","Fuel - Mod.","Nuclear - SMR - HTGR",2040,"Graphite","installation_demand","kt",0.663766422947791
"79","USA","100% Domestic","100% Domestic","Reactor - Mod.","Fuel - Mod.","Nuclear - SMR - HTGR",2040,"Silicon carbide","installation_demand","kt",0.00108814167696359
"80","USA","100% Domestic","100% Domestic","Reactor - Mod.","Fuel - Mod.","Nuclear - SMR - HTGR",2045,"Copper","installation_demand","kt",0.14985330800467
"81","USA","100% Domestic","100% Domestic","Reactor - Mod.","Fuel - Mod.","Nuclear - SMR - HTGR",2045,"Graphite","installation_demand","kt",0.914105178828487
"82","USA","100% Domestic","100% Domestic","Reactor - Mod.","Fuel - Mod.","Nuclear - SMR - HTGR",2045,"Silicon carbide","installation_demand","kt",0.0014985330800467
"83","USA","100% Domestic","100% Domestic","Reactor - Mod.","Fuel - Mod.","Nuclear - SMR - HTGR",2050,"Copper","installation_demand","kt",0.31608629082005
"84","USA","100% Domestic","100% Domestic","Reactor - Mod.","Fuel - Mod.","Nuclear - SMR - HTGR",2050,"Graphite","installation_demand","kt",1.9281263740023
"85","USA","100% Domestic","100% Domestic","Reactor - Mod.","Fuel - Mod.","Nuclear - SMR - HTGR",2050,"Silicon carbide","installation_demand","kt",0.0031608629082005
"86","USA","100% Domestic","100% Domestic","Reactor - Mod.","Fuel - Mod.","Nuclear - SMR - HTGR",2055,"Copper","installation_demand","kt",0.344716648526088
"87","USA","100% Domestic","100% Domestic","Reactor - Mod.","Fuel - Mod.","Nuclear - SMR - HTGR",2055,"Graphite","installation_demand","kt",2.10277155600914
"88","USA","100% Domestic","100% Domestic","Reactor - Mod.","Fuel - Mod.","Nuclear - SMR - HTGR",2055,"Silicon carbide","installation_demand","kt",0.00344716648526088
"89","USA","100% Domestic","100% Domestic","Reactor - Mod.","Fuel - Mod.","Nuclear - SMR - HTGR",2060,"Copper","installation_demand","kt",0.345410379136726
"90","USA","100% Domestic","100% Domestic","Reactor - Mod.","Fuel - Mod.","Nuclear - SMR - HTGR",2060,"Graphite","installation_demand","kt",2.10700331273403
"91","USA","100% Domestic","100% Domestic","Reactor - Mod.","Fuel - Mod.","Nuclear - SMR - HTGR",2060,"Silicon carbide","installation_demand","kt",0.00345410379136726
"92","USA","100% Domestic","100% Domestic","Reactor - Mod.","Fuel - Mod.","Nuclear - SMR - HTGR",2065,"Copper","installation_demand","kt",0.397833379809196
"93","USA","100% Domestic","100% Domestic","Reactor - Mod.","Fuel - Mod.","Nuclear - SMR - HTGR",2065,"Graphite","installation_demand","kt",2.4267836168361
"94","USA","100% Domestic","100% Domestic","Reactor - Mod.","Fuel - Mod.","Nuclear - SMR - HTGR",2065,"Silicon carbide","installation_demand","kt",0.00397833379809196
"95","USA","100% Domestic","100% Domestic","Reactor - Mod.","Fuel - Mod.","Nuclear - SMR - HTGR",2070,"Copper","installation_demand","kt",0.435891114005972
"96","USA","100% Domestic","100% Domestic","Reactor - Mod.","Fuel - Mod.","Nuclear - SMR - HTGR",2070,"Graphite","installation_demand","kt",2.65893579543643
"97","USA","100% Domestic","100% Domestic","Reactor - Mod.","Fuel - Mod.","Nuclear - SMR - HTGR",2070,"Silicon carbide","installation_demand","kt",0.00435891114005972
"98","USA","100% Domestic","100% Domestic","Reactor - Mod.","Fuel - Mod.","Nuclear - SMR - HTGR",2075,"Copper","installation_demand","kt",0.448308755643546
"99","USA","100% Domestic","100% Domestic","Reactor - Mod.","Fuel - Mod.","Nuclear - SMR - HTGR",2075,"Graphite","installation_demand","kt",2.73468340942563
"100","USA","100% Domestic","100% Domestic","Reactor - Mod.","Fuel - Mod.","Nuclear - SMR - HTGR",2075,"Silicon carbide","installation_demand","kt",0.00448308755643546
"101","USA","100% Domestic","100% Domestic","Reactor - Mod.","Fuel - Mod.","Nuclear - SMR - HTGR",2080,"Copper","installation_demand","kt",0.59105507294257
"102","USA","100% Domestic","100% Domestic","Reactor - Mod.","Fuel - Mod.","Nuclear - SMR - HTGR",2080,"Graphite","installation_demand","kt",3.60543594494968
"103","USA","100% Domestic","100% Domestic","Reactor - Mod.","Fuel - Mod.","Nuclear - SMR - HTGR",2080,"Silicon carbide","installation_demand","kt",0.0059105507294257
"104","USA","100% Domestic","100% Domestic","Reactor - Mod.","Fuel - Mod.","Nuclear - SMR - HTGR",2085,"Copper","installation_demand","kt",0.462117947287922
"105","USA","100% Domestic","100% Domestic","Reactor - Mod.","Fuel - Mod.","Nuclear - SMR - HTGR",2085,"Graphite","installation_demand","kt",2.81891947845632
"106","USA","100% Domestic","100% Domestic","Reactor - Mod.","Fuel - Mod.","Nuclear - SMR - HTGR",2085,"Silicon carbide","installation_demand","kt",0.00462117947287922
"107","USA","100% Domestic","100% Domestic","Reactor - Mod.","Fuel - Mod.","Nuclear - SMR - HTGR",2090,"Copper","installation_demand","kt",0.401768154412168
"108","USA","100% Domestic","100% Domestic","Reactor - Mod.","Fuel - Mod.","Nuclear - SMR - HTGR",2090,"Graphite","installation_demand","kt",2.45078574191422
"109","USA","100% Domestic","100% Domestic","Reactor - Mod.","Fuel - Mod.","Nuclear - SMR - HTGR",2090,"Silicon carbide","installation_demand","kt",0.00401768154412168
"110","USA","100% Domestic","100% Domestic","Reactor - Mod.","Fuel - Mod.","Nuclear - SMR - HTGR",2095,"Copper","installation_demand","kt",0.457552136785686
"111","USA","100% Domestic","100% Domestic","Reactor - Mod.","Fuel - Mod.","Nuclear - SMR - HTGR",2095,"Graphite","installation_demand","kt",2.79106803439268
"112","USA","100% Domestic","100% Domestic","Reactor - Mod.","Fuel - Mod.","Nuclear - SMR - HTGR",2095,"Silicon carbide","installation_demand","kt",0.00457552136785686
"113","USA","100% Domestic","100% Domestic","Reactor - Mod.","Fuel - Mod.","Nuclear - SMR - HTGR",2100,"Copper","installation_demand","kt",0.43593949796801
"114","USA","100% Domestic","100% Domestic","Reactor - Mod.","Fuel - Mod.","Nuclear - SMR - HTGR",2100,"Graphite","installation_demand","kt",2.65923093760486
"115","USA","100% Domestic","100% Domestic","Reactor - Mod.","Fuel - Mod.","Nuclear - SMR - HTGR",2100,"Silicon carbide","installation_demand","kt",0.0043593949796801
"116","USA","100% Domestic","100% Domestic","Reactor - Mod.","Fuel - Mod.","Nuclear - SMR - MSR",2035,"Copper","installation_demand","kt",0.03197157694372
"117","USA","100% Domestic","100% Domestic","Reactor - Mod.","Fuel - Mod.","Nuclear - SMR - MSR",2035,"Fluorine","installation_demand","kt",0.00143552380477303
"118","USA","100% Domestic","100% Domestic","Reactor - Mod.","Fuel - Mod.","Nuclear - SMR - MSR",2040,"Copper","installation_demand","kt",0.0457565084606514
"119","USA","100% Domestic","100% Domestic","Reactor - Mod.","Fuel - Mod.","Nuclear - SMR - MSR",2040,"Fluorine","installation_demand","kt",0.00205446722988325
"120","USA","100% Domestic","100% Domestic","Reactor - Mod.","Fuel - Mod.","Nuclear - SMR - MSR",2045,"Copper","installation_demand","kt",0.0494933858442428
"121","USA","100% Domestic","100% Domestic","Reactor - Mod.","Fuel - Mod.","Nuclear - SMR - MSR",2045,"Fluorine","installation_demand","kt",0.0022222530244065
"122","USA","100% Domestic","100% Domestic","Reactor - Mod.","Fuel - Mod.","Nuclear - SMR - MSR",2050,"Copper","installation_demand","kt",0.0909318642054358
"123","USA","100% Domestic","100% Domestic","Reactor - Mod.","Fuel - Mod.","Nuclear - SMR - MSR",2050,"Fluorine","installation_demand","kt",0.00408284070282407
"124","USA","100% Domestic","100% Domestic","Reactor - Mod.","Fuel - Mod.","Nuclear - SMR - MSR",2055,"Copper","installation_demand","kt",0.0883968171803136
"125","USA","100% Domestic","100% Domestic","Reactor - Mod.","Fuel - Mod.","Nuclear - SMR - MSR",2055,"Fluorine","installation_demand","kt",0.00396901709139608
"126","USA","100% Domestic","100% Domestic","Reactor - Mod.","Fuel - Mod.","Nuclear - SMR - MSR",2060,"Copper","installation_demand","kt",0.0818159168788064
"127","USA","100% Domestic","100% Domestic","Reactor - Mod.","Fuel - Mod.","Nuclear - SMR - MSR",2060,"Fluorine","installation_demand","kt",0.00367353466785841
"128","USA","100% Domestic","100% Domestic","Reactor - Mod.","Fuel - Mod.","Nuclear - SMR - MSR",2065,"Copper","installation_demand","kt",0.0892200259992242
"129","USA","100% Domestic","100% Domestic","Reactor - Mod.","Fuel - Mod.","Nuclear - SMR - MSR",2065,"Fluorine","installation_demand","kt",0.00400597916736517
"130","USA","100% Domestic","100% Domestic","Reactor - Mod.","Fuel - Mod.","Nuclear - SMR - MSR",2070,"Copper","installation_demand","kt",0.0934219345897898
"131","USA","100% Domestic","100% Domestic","Reactor - Mod.","Fuel - Mod.","Nuclear - SMR - MSR",2070,"Fluorine","installation_demand","kt",0.00419464486308156
"132","USA","100% Domestic","100% Domestic","Reactor - Mod.","Fuel - Mod.","Nuclear - SMR - MSR",2075,"Copper","installation_demand","kt",0.0927254781221352
"133","USA","100% Domestic","100% Domestic","Reactor - Mod.","Fuel - Mod.","Nuclear - SMR - MSR",2075,"Fluorine","installation_demand","kt",0.00416337396768387
"134","USA","100% Domestic","100% Domestic","Reactor - Mod.","Fuel - Mod.","Nuclear - SMR - MSR",2080,"Copper","installation_demand","kt",0.118829647838354
"135","USA","100% Domestic","100% Domestic","Reactor - Mod.","Fuel - Mod.","Nuclear - SMR - MSR",2080,"Fluorine","installation_demand","kt",0.00533545118794211
"136","USA","100% Domestic","100% Domestic","Reactor - Mod.","Fuel - Mod.","Nuclear - SMR - MSR",2085,"Copper","installation_demand","kt",0.0902892434138524
"137","USA","100% Domestic","100% Domestic","Reactor - Mod.","Fuel - Mod.","Nuclear - SMR - MSR",2085,"Fluorine","installation_demand","kt",0.00405398702928197
"138","USA","100% Domestic","100% Domestic","Reactor - Mod.","Fuel - Mod.","Nuclear - SMR - MSR",2090,"Copper","installation_demand","kt",0.0771928633792286
"139","USA","100% Domestic","100% Domestic","Reactor - Mod.","Fuel - Mod.","Nuclear - SMR - MSR",2090,"Fluorine","installation_demand","kt",0.00346595956572736
"140","USA","100% Domestic","100% Domestic","Reactor - Mod.","Fuel - Mod.","Nuclear - SMR - MSR",2095,"Copper","installation_demand","kt",0.0869180397489922
"141","USA","100% Domestic","100% Domestic","Reactor - Mod.","Fuel - Mod.","Nuclear - SMR - MSR",2095,"Fluorine","installation_demand","kt",0.00390261998472975
"142","USA","100% Domestic","100% Domestic","Reactor - Mod.","Fuel - Mod.","Nuclear - SMR - MSR",2100,"Copper","installation_demand","kt",0.0818499900915098
"143","USA","100% Domestic","100% Domestic","Reactor - Mod.","Fuel - Mod.","Nuclear - SMR - MSR",2100,"Fluorine","installation_demand","kt",0.00367506455510879
"144","USA","100% Domestic","100% Domestic","Reactor - Mod.","Fuel - Mod.","Nuclear - SMR - PWR modular",2035,"Zirconium","installation_demand","kt",0.00181247684725197
"145","USA","100% Domestic","100% Domestic","Reactor - Mod.","Fuel - Mod.","Nuclear - SMR - PWR modular",2040,"Zirconium","installation_demand","kt",0.00255093195688457
"146","USA","100% Domestic","100% Domestic","Reactor - Mod.","Fuel - Mod.","Nuclear - SMR - PWR modular",2045,"Zirconium","installation_demand","kt",0.00247870356059621
"147","USA","100% Domestic","100% Domestic","Reactor - Mod.","Fuel - Mod.","Nuclear - SMR - PWR modular",2050,"Zirconium","installation_demand","kt",0.00455834165401187
"148","USA","100% Domestic","100% Domestic","Reactor - Mod.","Fuel - Mod.","Nuclear - SMR - PWR modular",2055,"Zirconium","installation_demand","kt",0.00451894620548437
"149","USA","100% Domestic","100% Domestic","Reactor - Mod.","Fuel - Mod.","Nuclear - SMR - PWR modular",2060,"Zirconium","installation_demand","kt",0.00425111030970915
"150","USA","100% Domestic","100% Domestic","Reactor - Mod.","Fuel - Mod.","Nuclear - SMR - PWR modular",2065,"Zirconium","installation_demand","kt",0.00469858699749848
"151","USA","100% Domestic","100% Domestic","Reactor - Mod.","Fuel - Mod.","Nuclear - SMR - PWR modular",2070,"Zirconium","installation_demand","kt",0.00498447488136389
"152","USA","100% Domestic","100% Domestic","Reactor - Mod.","Fuel - Mod.","Nuclear - SMR - PWR modular",2075,"Zirconium","installation_demand","kt",0.00501025467409517
"153","USA","100% Domestic","100% Domestic","Reactor - Mod.","Fuel - Mod.","Nuclear - SMR - PWR modular",2080,"Zirconium","installation_demand","kt",0.00649503580549482
"154","USA","100% Domestic","100% Domestic","Reactor - Mod.","Fuel - Mod.","Nuclear - SMR - PWR modular",2085,"Zirconium","installation_demand","kt",0.00500146378521773
"155","USA","100% Domestic","100% Domestic","Reactor - Mod.","Fuel - Mod.","Nuclear - SMR - PWR modular",2090,"Zirconium","installation_demand","kt",0.0043182072801644
"156","USA","100% Domestic","100% Domestic","Reactor - Mod.","Fuel - Mod.","Nuclear - SMR - PWR modular",2095,"Zirconium","installation_demand","kt",0.00490243339981699
"157","USA","100% Domestic","100% Domestic","Reactor - Mod.","Fuel - Mod.","Nuclear - SMR - PWR modular",2100,"Zirconium","installation_demand","kt",0.00465628851124866
"158","USA","100% Domestic","100% Domestic","Reactor - Mod.","Fuel - Mod.","Nuclear - SMR - SFR",2035,"Copper","installation_demand","kt",0.0631095186654422
"159","USA","100% Domestic","100% Domestic","Reactor - Mod.","Fuel - Mod.","Nuclear - SMR - SFR",2040,"Copper","installation_demand","kt",0.091017728701448
"160","USA","100% Domestic","100% Domestic","Reactor - Mod.","Fuel - Mod.","Nuclear - SMR - SFR",2045,"Copper","installation_demand","kt",0.110114401493115
"161","USA","100% Domestic","100% Domestic","Reactor - Mod.","Fuel - Mod.","Nuclear - SMR - SFR",2050,"Copper","installation_demand","kt",0.214154230625494
"162","USA","100% Domestic","100% Domestic","Reactor - Mod.","Fuel - Mod.","Nuclear - SMR - SFR",2055,"Copper","installation_demand","kt",0.221189667584462
"163","USA","100% Domestic","100% Domestic","Reactor - Mod.","Fuel - Mod.","Nuclear - SMR - SFR",2060,"Copper","installation_demand","kt",0.212700667371574
"164","USA","100% Domestic","100% Domestic","Reactor - Mod.","Fuel - Mod.","Nuclear - SMR - SFR",2065,"Copper","installation_demand","kt",0.23820583000847
"165","USA","100% Domestic","100% Domestic","Reactor - Mod.","Fuel - Mod.","Nuclear - SMR - SFR",2070,"Copper","installation_demand","kt",0.255246525145622
"166","USA","100% Domestic","100% Domestic","Reactor - Mod.","Fuel - Mod.","Nuclear - SMR - SFR",2075,"Copper","installation_demand","kt",0.258514827708118
"167","USA","100% Domestic","100% Domestic","Reactor - Mod.","Fuel - Mod.","Nuclear - SMR - SFR",2080,"Copper","installation_demand","kt",0.336959540922064
"168","USA","100% Domestic","100% Domestic","Reactor - Mod.","Fuel - Mod.","Nuclear - SMR - SFR",2085,"Copper","installation_demand","kt",0.260763659746534
"169","USA","100% Domestic","100% Domestic","Reactor - Mod.","Fuel - Mod.","Nuclear - SMR - SFR",2090,"Copper","installation_demand","kt",0.225697553625104
"170","USA","100% Domestic","100% Domestic","Reactor - Mod.","Fuel - Mod.","Nuclear - SMR - SFR",2095,"Copper","installation_demand","kt",0.256608090725244
"171","USA","100% Domestic","100% Domestic","Reactor - Mod.","Fuel - Mod.","Nuclear - SMR - SFR",2100,"Copper","installation_demand","kt",0.244057563558126
"172","USA","100% Domestic - Adv. Fuel","100% Domestic","Reactor - Mod.","Fuel - Adv.","Nuclear - Large - PWR",2030,"Copper","installation_demand","kt",0.314195908979272
"173","USA","100% Domestic - Adv. Fuel","100% Domestic","Reactor - Mod.","Fuel - Adv.","Nuclear - Large - PWR",2030,"Hafnium","installation_demand","kt",0.000157097954489636
"174","USA","100% Domestic - Adv. Fuel","100% Domestic","Reactor - Mod.","Fuel - Adv.","Nuclear - Large - PWR",2030,"Zirconium","installation_demand","kt",0.0078548977244818
"175","USA","100% Domestic - Adv. Fuel","100% Domestic","Reactor - Mod.","Fuel - Adv.","Nuclear - Large - PWR",2035,"Copper","installation_demand","kt",0.537479716216478
"176","USA","100% Domestic - Adv. Fuel","100% Domestic","Reactor - Mod.","Fuel - Adv.","Nuclear - Large - PWR",2035,"Hafnium","installation_demand","kt",0.000268739858108239
"177","USA","100% Domestic - Adv. Fuel","100% Domestic","Reactor - Mod.","Fuel - Adv.","Nuclear - Large - PWR",2035,"Zirconium","installation_demand","kt",0.013436992905412
"178","USA","100% Domestic - Adv. Fuel","100% Domestic","Reactor - Mod.","Fuel - Adv.","Nuclear - Large - PWR",2040,"Copper","installation_demand","kt",1.07824000135203
"179","USA","100% Domestic - Adv. Fuel","100% Domestic","Reactor - Mod.","Fuel - Adv.","Nuclear - Large - PWR",2040,"Hafnium","installation_demand","kt",0.000539120000676013
"180","USA","100% Domestic - Adv. Fuel","100% Domestic","Reactor - Mod.","Fuel - Adv.","Nuclear - Large - PWR",2040,"Zirconium","installation_demand","kt",0.0269560000338007
"181","USA","100% Domestic - Adv. Fuel","100% Domestic","Reactor - Mod.","Fuel - Adv.","Nuclear - Large - PWR",2045,"Copper","installation_demand","kt",1.27429726724657
"182","USA","100% Domestic - Adv. Fuel","100% Domestic","Reactor - Mod.","Fuel - Adv.","Nuclear - Large - PWR",2045,"Hafnium","installation_demand","kt",0.000637148633623283
"183","USA","100% Domestic - Adv. Fuel","100% Domestic","Reactor - Mod.","Fuel - Adv.","Nuclear - Large - PWR",2045,"Zirconium","installation_demand","kt",0.0318574316811642
"184","USA","100% Domestic - Adv. Fuel","100% Domestic","Reactor - Mod.","Fuel - Adv.","Nuclear - Large - PWR",2050,"Copper","installation_demand","kt",2.45190838612636
"185","USA","100% Domestic - Adv. Fuel","100% Domestic","Reactor - Mod.","Fuel - Adv.","Nuclear - Large - PWR",2050,"Hafnium","installation_demand","kt",0.00122595419306318
"186","USA","100% Domestic - Adv. Fuel","100% Domestic","Reactor - Mod.","Fuel - Adv.","Nuclear - Large - PWR",2050,"Zirconium","installation_demand","kt",0.061297709653159
"187","USA","100% Domestic - Adv. Fuel","100% Domestic","Reactor - Mod.","Fuel - Adv.","Nuclear - Large - PWR",2055,"Copper","installation_demand","kt",2.46086282642478
"188","USA","100% Domestic - Adv. Fuel","100% Domestic","Reactor - Mod.","Fuel - Adv.","Nuclear - Large - PWR",2055,"Hafnium","installation_demand","kt",0.00123043141321239
"189","USA","100% Domestic - Adv. Fuel","100% Domestic","Reactor - Mod.","Fuel - Adv.","Nuclear - Large - PWR",2055,"Zirconium","installation_demand","kt",0.0615215706606195
"190","USA","100% Domestic - Adv. Fuel","100% Domestic","Reactor - Mod.","Fuel - Adv.","Nuclear - Large - PWR",2060,"Copper","installation_demand","kt",2.34825085844052
"191","USA","100% Domestic - Adv. Fuel","100% Domestic","Reactor - Mod.","Fuel - Adv.","Nuclear - Large - PWR",2060,"Hafnium","installation_demand","kt",0.00117412542922026
"192","USA","100% Domestic - Adv. Fuel","100% Domestic","Reactor - Mod.","Fuel - Adv.","Nuclear - Large - PWR",2060,"Zirconium","installation_demand","kt",0.058706271461013
"193","USA","100% Domestic - Adv. Fuel","100% Domestic","Reactor - Mod.","Fuel - Adv.","Nuclear - Large - PWR",2065,"Copper","installation_demand","kt",2.62942982431034
"194","USA","100% Domestic - Adv. Fuel","100% Domestic","Reactor - Mod.","Fuel - Adv.","Nuclear - Large - PWR",2065,"Hafnium","installation_demand","kt",0.00131471491215517
"195","USA","100% Domestic - Adv. Fuel","100% Domestic","Reactor - Mod.","Fuel - Adv.","Nuclear - Large - PWR",2065,"Zirconium","installation_demand","kt",0.0657357456077585
"196","USA","100% Domestic - Adv. Fuel","100% Domestic","Reactor - Mod.","Fuel - Adv.","Nuclear - Large - PWR",2070,"Copper","installation_demand","kt",2.77946099448532
"197","USA","100% Domestic - Adv. Fuel","100% Domestic","Reactor - Mod.","Fuel - Adv.","Nuclear - Large - PWR",2070,"Hafnium","installation_demand","kt",0.00138973049724266
"198","USA","100% Domestic - Adv. Fuel","100% Domestic","Reactor - Mod.","Fuel - Adv.","Nuclear - Large - PWR",2070,"Zirconium","installation_demand","kt",0.069486524862133
"199","USA","100% Domestic - Adv. Fuel","100% Domestic","Reactor - Mod.","Fuel - Adv.","Nuclear - Large - PWR",2075,"Copper","installation_demand","kt",2.76442789304064
"200","USA","100% Domestic - Adv. Fuel","100% Domestic","Reactor - Mod.","Fuel - Adv.","Nuclear - Large - PWR",2075,"Hafnium","installation_demand","kt",0.00138221394652032
"201","USA","100% Domestic - Adv. Fuel","100% Domestic","Reactor - Mod.","Fuel - Adv.","Nuclear - Large - PWR",2075,"Zirconium","installation_demand","kt",0.069110697326016
"202","USA","100% Domestic - Adv. Fuel","100% Domestic","Reactor - Mod.","Fuel - Adv.","Nuclear - Large - PWR",2080,"Copper","installation_demand","kt",3.51548327673092
"203","USA","100% Domestic - Adv. Fuel","100% Domestic","Reactor - Mod.","Fuel - Adv.","Nuclear - Large - PWR",2080,"Hafnium","installation_demand","kt",0.00175774163836546
"204","USA","100% Domestic - Adv. Fuel","100% Domestic","Reactor - Mod.","Fuel - Adv.","Nuclear - Large - PWR",2080,"Zirconium","installation_demand","kt",0.087887081918273
"205","USA","100% Domestic - Adv. Fuel","100% Domestic","Reactor - Mod.","Fuel - Adv.","Nuclear - Large - PWR",2085,"Copper","installation_demand","kt",2.66129509283042
"206","USA","100% Domestic - Adv. Fuel","100% Domestic","Reactor - Mod.","Fuel - Adv.","Nuclear - Large - PWR",2085,"Hafnium","installation_demand","kt",0.00133064754641521
"207","USA","100% Domestic - Adv. Fuel","100% Domestic","Reactor - Mod.","Fuel - Adv.","Nuclear - Large - PWR",2085,"Zirconium","installation_demand","kt",0.0665323773207605
"208","USA","100% Domestic - Adv. Fuel","100% Domestic","Reactor - Mod.","Fuel - Adv.","Nuclear - Large - PWR",2090,"Copper","installation_demand","kt",2.21845917661128
"209","USA","100% Domestic - Adv. Fuel","100% Domestic","Reactor - Mod.","Fuel - Adv.","Nuclear - Large - PWR",2090,"Hafnium","installation_demand","kt",0.00110922958830564
"210","USA","100% Domestic - Adv. Fuel","100% Domestic","Reactor - Mod.","Fuel - Adv.","Nuclear - Large - PWR",2090,"Zirconium","installation_demand","kt",0.055461479415282
"211","USA","100% Domestic - Adv. Fuel","100% Domestic","Reactor - Mod.","Fuel - Adv.","Nuclear - Large - PWR",2095,"Copper","installation_demand","kt",2.47783810099354
"212","USA","100% Domestic - Adv. Fuel","100% Domestic","Reactor - Mod.","Fuel - Adv.","Nuclear - Large - PWR",2095,"Hafnium","installation_demand","kt",0.00123891905049677
"213","USA","100% Domestic - Adv. Fuel","100% Domestic","Reactor - Mod.","Fuel - Adv.","Nuclear - Large - PWR",2095,"Zirconium","installation_demand","kt",0.0619459525248385
"214","USA","100% Domestic - Adv. Fuel","100% Domestic","Reactor - Mod.","Fuel - Adv.","Nuclear - Large - PWR",2100,"Copper","installation_demand","kt",2.36494673266512
"215","USA","100% Domestic - Adv. Fuel","100% Domestic","Reactor - Mod.","Fuel - Adv.","Nuclear - Large - PWR",2100,"Hafnium","installation_demand","kt",0.00118247336633256
"216","USA","100% Domestic - Adv. Fuel","100% Domestic","Reactor - Mod.","Fuel - Adv.","Nuclear - Large - PWR",2100,"Zirconium","installation_demand","kt",0.059123668316628
"217","USA","100% Domestic - Adv. Fuel","100% Domestic","Reactor - Mod.","Fuel - Adv.","Nuclear - SMR - BWR",2035,"Copper","installation_demand","kt",0.122370072706784
"218","USA","100% Domestic - Adv. Fuel","100% Domestic","Reactor - Mod.","Fuel - Adv.","Nuclear - SMR - BWR",2035,"Zirconium","installation_demand","kt",0.00299681810710492
"219","USA","100% Domestic - Adv. Fuel","100% Domestic","Reactor - Mod.","Fuel - Adv.","Nuclear - SMR - BWR",2040,"Copper","installation_demand","kt",0.243633208952478
"220","USA","100% Domestic - Adv. Fuel","100% Domestic","Reactor - Mod.","Fuel - Adv.","Nuclear - SMR - BWR",2040,"Zirconium","installation_demand","kt",0.00596652756618313
"221","USA","100% Domestic - Adv. Fuel","100% Domestic","Reactor - Mod.","Fuel - Adv.","Nuclear - SMR - BWR",2045,"Copper","installation_demand","kt",0.375224412993505
"222","USA","100% Domestic - Adv. Fuel","100% Domestic","Reactor - Mod.","Fuel - Adv.","Nuclear - SMR - BWR",2045,"Zirconium","installation_demand","kt",0.00918916929780012
"223","USA","100% Domestic - Adv. Fuel","100% Domestic","Reactor - Mod.","Fuel - Adv.","Nuclear - SMR - BWR",2050,"Copper","installation_demand","kt",0.85186424087199
"224","USA","100% Domestic - Adv. Fuel","100% Domestic","Reactor - Mod.","Fuel - Adv.","Nuclear - SMR - BWR",2050,"Zirconium","installation_demand","kt",0.02086198140911
"225","USA","100% Domestic - Adv. Fuel","100% Domestic","Reactor - Mod.","Fuel - Adv.","Nuclear - SMR - BWR",2055,"Copper","installation_demand","kt",0.982324466393046
"226","USA","100% Domestic - Adv. Fuel","100% Domestic","Reactor - Mod.","Fuel - Adv.","Nuclear - SMR - BWR",2055,"Zirconium","installation_demand","kt",0.0240569257075848
"227","USA","100% Domestic - Adv. Fuel","100% Domestic","Reactor - Mod.","Fuel - Adv.","Nuclear - SMR - BWR",2060,"Copper","installation_demand","kt",1.01472514774826
"228","USA","100% Domestic - Adv. Fuel","100% Domestic","Reactor - Mod.","Fuel - Adv.","Nuclear - SMR - BWR",2060,"Zirconium","installation_demand","kt",0.0248504117815901
"229","USA","100% Domestic - Adv. Fuel","100% Domestic","Reactor - Mod.","Fuel - Adv.","Nuclear - SMR - BWR",2065,"Copper","installation_demand","kt",1.19646307785784
"230","USA","100% Domestic - Adv. Fuel","100% Domestic","Reactor - Mod.","Fuel - Adv.","Nuclear - SMR - BWR",2065,"Zirconium","installation_demand","kt",0.0293011366006001
"231","USA","100% Domestic - Adv. Fuel","100% Domestic","Reactor - Mod.","Fuel - Adv.","Nuclear - SMR - BWR",2070,"Copper","installation_demand","kt",1.32200269532742
"232","USA","100% Domestic - Adv. Fuel","100% Domestic","Reactor - Mod.","Fuel - Adv.","Nuclear - SMR - BWR",2070,"Zirconium","installation_demand","kt",0.0323755762121
"233","USA","100% Domestic - Adv. Fuel","100% Domestic","Reactor - Mod.","Fuel - Adv.","Nuclear - SMR - BWR",2075,"Copper","installation_demand","kt",1.36020953390298
"234","USA","100% Domestic - Adv. Fuel","100% Domestic","Reactor - Mod.","Fuel - Adv.","Nuclear - SMR - BWR",2075,"Zirconium","installation_demand","kt",0.0333112538915016
"235","USA","100% Domestic - Adv. Fuel","100% Domestic","Reactor - Mod.","Fuel - Adv.","Nuclear - SMR - BWR",2080,"Copper","installation_demand","kt",1.77346247353533
"236","USA","100% Domestic - Adv. Fuel","100% Domestic","Reactor - Mod.","Fuel - Adv.","Nuclear - SMR - BWR",2080,"Zirconium","installation_demand","kt",0.0434317340457633
"237","USA","100% Domestic - Adv. Fuel","100% Domestic","Reactor - Mod.","Fuel - Adv.","Nuclear - SMR - BWR",2085,"Copper","installation_demand","kt",1.3748551547728
"238","USA","100% Domestic - Adv. Fuel","100% Domestic","Reactor - Mod.","Fuel - Adv.","Nuclear - SMR - BWR",2085,"Zirconium","installation_demand","kt",0.0336699221577012
"239","USA","100% Domestic - Adv. Fuel","100% Domestic","Reactor - Mod.","Fuel - Adv.","Nuclear - SMR - BWR",2090,"Copper","installation_demand","kt",1.15937820203016
"240","USA","100% Domestic - Adv. Fuel","100% Domestic","Reactor - Mod.","Fuel - Adv.","Nuclear - SMR - BWR",2090,"Zirconium","installation_demand","kt",0.0283929355599224
"241","USA","100% Domestic - Adv. Fuel","100% Domestic","Reactor - Mod.","Fuel - Adv.","Nuclear - SMR - BWR",2095,"Copper","installation_demand","kt",1.30141668240849
"242","USA","100% Domestic - Adv. Fuel","100% Domestic","Reactor - Mod.","Fuel - Adv.","Nuclear - SMR - BWR",2095,"Zirconium","installation_demand","kt",0.0318714289569426
"243","USA","100% Domestic - Adv. Fuel","100% Domestic","Reactor - Mod.","Fuel - Adv.","Nuclear - SMR - BWR",2100,"Copper","installation_demand","kt",1.24677108607139
"244","USA","100% Domestic - Adv. Fuel","100% Domestic","Reactor - Mod.","Fuel - Adv.","Nuclear - SMR - BWR",2100,"Zirconium","installation_demand","kt",0.0305331694548095
"245","USA","100% Domestic - Adv. Fuel","100% Domestic","Reactor - Mod.","Fuel - Adv.","Nuclear - SMR - HTGR",2035,"Copper","installation_demand","kt",0.0708443423883578
"246","USA","100% Domestic - Adv. Fuel","100% Domestic","Reactor - Mod.","Fuel - Adv.","Nuclear - SMR - HTGR",2035,"Graphite","installation_demand","kt",0.432150488568982
"247","USA","100% Domestic - Adv. Fuel","100% Domestic","Reactor - Mod.","Fuel - Adv.","Nuclear - SMR - HTGR",2035,"Silicon carbide","installation_demand","kt",0.000708443423883578
"248","USA","100% Domestic - Adv. Fuel","100% Domestic","Reactor - Mod.","Fuel - Adv.","Nuclear - SMR - HTGR",2040,"Copper","installation_demand","kt",0.121257704975589
"249","USA","100% Domestic - Adv. Fuel","100% Domestic","Reactor - Mod.","Fuel - Adv.","Nuclear - SMR - HTGR",2040,"Graphite","installation_demand","kt",0.73967200035109
"250","USA","100% Domestic - Adv. Fuel","100% Domestic","Reactor - Mod.","Fuel - Adv.","Nuclear - SMR - HTGR",2040,"Silicon carbide","installation_demand","kt",0.00121257704975589
"251","USA","100% Domestic - Adv. Fuel","100% Domestic","Reactor - Mod.","Fuel - Adv.","Nuclear - SMR - HTGR",2045,"Copper","installation_demand","kt",0.174010534347025
"252","USA","100% Domestic - Adv. Fuel","100% Domestic","Reactor - Mod.","Fuel - Adv.","Nuclear - SMR - HTGR",2045,"Graphite","installation_demand","kt",1.06146425951685
"253","USA","100% Domestic - Adv. Fuel","100% Domestic","Reactor - Mod.","Fuel - Adv.","Nuclear - SMR - HTGR",2045,"Silicon carbide","installation_demand","kt",0.00174010534347025
"254","USA","100% Domestic - Adv. Fuel","100% Domestic","Reactor - Mod.","Fuel - Adv.","Nuclear - SMR - HTGR",2050,"Copper","installation_demand","kt",0.380041711064062
"255","USA","100% Domestic - Adv. Fuel","100% Domestic","Reactor - Mod.","Fuel - Adv.","Nuclear - SMR - HTGR",2050,"Graphite","installation_demand","kt",2.31825443749078
"256","USA","100% Domestic - Adv. Fuel","100% Domestic","Reactor - Mod.","Fuel - Adv.","Nuclear - SMR - HTGR",2050,"Silicon carbide","installation_demand","kt",0.00380041711064062
"257","USA","100% Domestic - Adv. Fuel","100% Domestic","Reactor - Mod.","Fuel - Adv.","Nuclear - SMR - HTGR",2055,"Copper","installation_demand","kt",0.426048044320254
"258","USA","100% Domestic - Adv. Fuel","100% Domestic","Reactor - Mod.","Fuel - Adv.","Nuclear - SMR - HTGR",2055,"Graphite","installation_demand","kt",2.59889307035355
"259","USA","100% Domestic - Adv. Fuel","100% Domestic","Reactor - Mod.","Fuel - Adv.","Nuclear - SMR - HTGR",2055,"Silicon carbide","installation_demand","kt",0.00426048044320254
"260","USA","100% Domestic - Adv. Fuel","100% Domestic","Reactor - Mod.","Fuel - Adv.","Nuclear - SMR - HTGR",2060,"Copper","installation_demand","kt",0.435843411508186
"261","USA","100% Domestic - Adv. Fuel","100% Domestic","Reactor - Mod.","Fuel - Adv.","Nuclear - SMR - HTGR",2060,"Graphite","installation_demand","kt",2.65864481019993
"262","USA","100% Domestic - Adv. Fuel","100% Domestic","Reactor - Mod.","Fuel - Adv.","Nuclear - SMR - HTGR",2060,"Silicon carbide","installation_demand","kt",0.00435843411508186
"263","USA","100% Domestic - Adv. Fuel","100% Domestic","Reactor - Mod.","Fuel - Adv.","Nuclear - SMR - HTGR",2065,"Copper","installation_demand","kt",0.512932692320798
"264","USA","100% Domestic - Adv. Fuel","100% Domestic","Reactor - Mod.","Fuel - Adv.","Nuclear - SMR - HTGR",2065,"Graphite","installation_demand","kt",3.12888942315687
"265","USA","100% Domestic - Adv. Fuel","100% Domestic","Reactor - Mod.","Fuel - Adv.","Nuclear - SMR - HTGR",2065,"Silicon carbide","installation_demand","kt",0.00512932692320798
"266","USA","100% Domestic - Adv. Fuel","100% Domestic","Reactor - Mod.","Fuel - Adv.","Nuclear - SMR - HTGR",2070,"Copper","installation_demand","kt",0.567374190113808
"267","USA","100% Domestic - Adv. Fuel","100% Domestic","Reactor - Mod.","Fuel - Adv.","Nuclear - SMR - HTGR",2070,"Graphite","installation_demand","kt",3.46098255969423
"268","USA","100% Domestic - Adv. Fuel","100% Domestic","Reactor - Mod.","Fuel - Adv.","Nuclear - SMR - HTGR",2070,"Silicon carbide","installation_demand","kt",0.00567374190113808
"269","USA","100% Domestic - Adv. Fuel","100% Domestic","Reactor - Mod.","Fuel - Adv.","Nuclear - SMR - HTGR",2075,"Copper","installation_demand","kt",0.58664940654004
"270","USA","100% Domestic - Adv. Fuel","100% Domestic","Reactor - Mod.","Fuel - Adv.","Nuclear - SMR - HTGR",2075,"Graphite","installation_demand","kt",3.57856137989424
"271","USA","100% Domestic - Adv. Fuel","100% Domestic","Reactor - Mod.","Fuel - Adv.","Nuclear - SMR - HTGR",2075,"Silicon carbide","installation_demand","kt",0.0058664940654004
"272","USA","100% Domestic - Adv. Fuel","100% Domestic","Reactor - Mod.","Fuel - Adv.","Nuclear - SMR - HTGR",2080,"Copper","installation_demand","kt",0.770586149211778
"273","USA","100% Domestic - Adv. Fuel","100% Domestic","Reactor - Mod.","Fuel - Adv.","Nuclear - SMR - HTGR",2080,"Graphite","installation_demand","kt",4.70057551019185
"274","USA","100% Domestic - Adv. Fuel","100% Domestic","Reactor - Mod.","Fuel - Adv.","Nuclear - SMR - HTGR",2080,"Silicon carbide","installation_demand","kt",0.00770586149211778
"275","USA","100% Domestic - Adv. Fuel","100% Domestic","Reactor - Mod.","Fuel - Adv.","Nuclear - SMR - HTGR",2085,"Copper","installation_demand","kt",0.60295207589004
"276","USA","100% Domestic - Adv. Fuel","100% Domestic","Reactor - Mod.","Fuel - Adv.","Nuclear - SMR - HTGR",2085,"Graphite","installation_demand","kt",3.67800766292924
"277","USA","100% Domestic - Adv. Fuel","100% Domestic","Reactor - Mod.","Fuel - Adv.","Nuclear - SMR - HTGR",2085,"Silicon carbide","installation_demand","kt",0.0060295207589004
"278","USA","100% Domestic - Adv. Fuel","100% Domestic","Reactor - Mod.","Fuel - Adv.","Nuclear - SMR - HTGR",2090,"Copper","installation_demand","kt",0.514124573301158
"279","USA","100% Domestic - Adv. Fuel","100% Domestic","Reactor - Mod.","Fuel - Adv.","Nuclear - SMR - HTGR",2090,"Graphite","installation_demand","kt",3.13615989713706
"280","USA","100% Domestic - Adv. Fuel","100% Domestic","Reactor - Mod.","Fuel - Adv.","Nuclear - SMR - HTGR",2090,"Silicon carbide","installation_demand","kt",0.00514124573301158
"281","USA","100% Domestic - Adv. Fuel","100% Domestic","Reactor - Mod.","Fuel - Adv.","Nuclear - SMR - HTGR",2095,"Copper","installation_demand","kt",0.584219986474298
"282","USA","100% Domestic - Adv. Fuel","100% Domestic","Reactor - Mod.","Fuel - Adv.","Nuclear - SMR - HTGR",2095,"Graphite","installation_demand","kt",3.56374191749322
"283","USA","100% Domestic - Adv. Fuel","100% Domestic","Reactor - Mod.","Fuel - Adv.","Nuclear - SMR - HTGR",2095,"Silicon carbide","installation_demand","kt",0.00584219986474298
"284","USA","100% Domestic - Adv. Fuel","100% Domestic","Reactor - Mod.","Fuel - Adv.","Nuclear - SMR - HTGR",2100,"Copper","installation_demand","kt",0.567064123878208
"285","USA","100% Domestic - Adv. Fuel","100% Domestic","Reactor - Mod.","Fuel - Adv.","Nuclear - SMR - HTGR",2100,"Graphite","installation_demand","kt",3.45909115565707
"286","USA","100% Domestic - Adv. Fuel","100% Domestic","Reactor - Mod.","Fuel - Adv.","Nuclear - SMR - HTGR",2100,"Silicon carbide","installation_demand","kt",0.00567064123878208
"287","USA","100% Domestic - Adv. Fuel","100% Domestic","Reactor - Mod.","Fuel - Adv.","Nuclear - SMR - MSR",2035,"Copper","installation_demand","kt",0.0363881467743162
"288","USA","100% Domestic - Adv. Fuel","100% Domestic","Reactor - Mod.","Fuel - Adv.","Nuclear - SMR - MSR",2035,"Fluorine","installation_demand","kt",0.0016338277901668
"289","USA","100% Domestic - Adv. Fuel","100% Domestic","Reactor - Mod.","Fuel - Adv.","Nuclear - SMR - MSR",2040,"Copper","installation_demand","kt",0.0574828727589026
"290","USA","100% Domestic - Adv. Fuel","100% Domestic","Reactor - Mod.","Fuel - Adv.","Nuclear - SMR - MSR",2040,"Fluorine","installation_demand","kt",0.00258098098687473
"291","USA","100% Domestic - Adv. Fuel","100% Domestic","Reactor - Mod.","Fuel - Adv.","Nuclear - SMR - MSR",2045,"Copper","installation_demand","kt",0.0735190895855634
"292","USA","100% Domestic - Adv. Fuel","100% Domestic","Reactor - Mod.","Fuel - Adv.","Nuclear - SMR - MSR",2045,"Fluorine","installation_demand","kt",0.0033010071223918
"293","USA","100% Domestic - Adv. Fuel","100% Domestic","Reactor - Mod.","Fuel - Adv.","Nuclear - SMR - MSR",2050,"Copper","installation_demand","kt",0.150042073603046
"294","USA","100% Domestic - Adv. Fuel","100% Domestic","Reactor - Mod.","Fuel - Adv.","Nuclear - SMR - MSR",2050,"Fluorine","installation_demand","kt",0.00673688910477677
"295","USA","100% Domestic - Adv. Fuel","100% Domestic","Reactor - Mod.","Fuel - Adv.","Nuclear - SMR - MSR",2055,"Copper","installation_demand","kt",0.159842211040757
"296","USA","100% Domestic - Adv. Fuel","100% Domestic","Reactor - Mod.","Fuel - Adv.","Nuclear - SMR - MSR",2055,"Fluorine","installation_demand","kt",0.00717691527572998
"297","USA","100% Domestic - Adv. Fuel","100% Domestic","Reactor - Mod.","Fuel - Adv.","Nuclear - SMR - MSR",2060,"Copper","installation_demand","kt",0.160739699463361
"298","USA","100% Domestic - Adv. Fuel","100% Domestic","Reactor - Mod.","Fuel - Adv.","Nuclear - SMR - MSR",2060,"Fluorine","installation_demand","kt",0.00721721250590489
"299","USA","100% Domestic - Adv. Fuel","100% Domestic","Reactor - Mod.","Fuel - Adv.","Nuclear - SMR - MSR",2065,"Copper","installation_demand","kt",0.189222179426267
"300","USA","100% Domestic - Adv. Fuel","100% Domestic","Reactor - Mod.","Fuel - Adv.","Nuclear - SMR - MSR",2065,"Fluorine","installation_demand","kt",0.00849607585623939
"301","USA","100% Domestic - Adv. Fuel","100% Domestic","Reactor - Mod.","Fuel - Adv.","Nuclear - SMR - MSR",2070,"Copper","installation_demand","kt",0.2105090783305
"302","USA","100% Domestic - Adv. Fuel","100% Domestic","Reactor - Mod.","Fuel - Adv.","Nuclear - SMR - MSR",2070,"Fluorine","installation_demand","kt",0.00945185761703945
"303","USA","100% Domestic - Adv. Fuel","100% Domestic","Reactor - Mod.","Fuel - Adv.","Nuclear - SMR - MSR",2075,"Copper","installation_demand","kt",0.220704465035568
"304","USA","100% Domestic - Adv. Fuel","100% Domestic","Reactor - Mod.","Fuel - Adv.","Nuclear - SMR - MSR",2075,"Fluorine","installation_demand","kt",0.009909630480097
"305","USA","100% Domestic - Adv. Fuel","100% Domestic","Reactor - Mod.","Fuel - Adv.","Nuclear - SMR - MSR",2080,"Copper","installation_demand","kt",0.296101670105336
"306","USA","100% Domestic - Adv. Fuel","100% Domestic","Reactor - Mod.","Fuel - Adv.","Nuclear - SMR - MSR",2080,"Fluorine","installation_demand","kt",0.0132949649877296
"307","USA","100% Domestic - Adv. Fuel","100% Domestic","Reactor - Mod.","Fuel - Adv.","Nuclear - SMR - MSR",2085,"Copper","installation_demand","kt",0.237602734143622
"308","USA","100% Domestic - Adv. Fuel","100% Domestic","Reactor - Mod.","Fuel - Adv.","Nuclear - SMR - MSR",2085,"Fluorine","installation_demand","kt",0.0106683627630486
"309","USA","100% Domestic - Adv. Fuel","100% Domestic","Reactor - Mod.","Fuel - Adv.","Nuclear - SMR - MSR",2090,"Copper","installation_demand","kt",0.209430320416314
"310","USA","100% Domestic - Adv. Fuel","100% Domestic","Reactor - Mod.","Fuel - Adv.","Nuclear - SMR - MSR",2090,"Fluorine","installation_demand","kt",0.0094034213866925
"311","USA","100% Domestic - Adv. Fuel","100% Domestic","Reactor - Mod.","Fuel - Adv.","Nuclear - SMR - MSR",2095,"Copper","installation_demand","kt",0.247299970478968
"312","USA","100% Domestic - Adv. Fuel","100% Domestic","Reactor - Mod.","Fuel - Adv.","Nuclear - SMR - MSR",2095,"Fluorine","installation_demand","kt",0.0111037686745057
"313","USA","100% Domestic - Adv. Fuel","100% Domestic","Reactor - Mod.","Fuel - Adv.","Nuclear - SMR - MSR",2100,"Copper","installation_demand","kt",0.25025888827012
"314","USA","100% Domestic - Adv. Fuel","100% Domestic","Reactor - Mod.","Fuel - Adv.","Nuclear - SMR - MSR",2100,"Fluorine","installation_demand","kt",0.0112366240833284
"315","USA","100% Domestic - Adv. Fuel","100% Domestic","Reactor - Mod.","Fuel - Adv.","Nuclear - SMR - PWR modular",2035,"Zirconium","installation_demand","kt",0.00195034047317062
"316","USA","100% Domestic - Adv. Fuel","100% Domestic","Reactor - Mod.","Fuel - Adv.","Nuclear - SMR - PWR modular",2040,"Zirconium","installation_demand","kt",0.00296463527624244
"317","USA","100% Domestic - Adv. Fuel","100% Domestic","Reactor - Mod.","Fuel - Adv.","Nuclear - SMR - PWR modular",2045,"Zirconium","installation_demand","kt",0.00317438997364369
"318","USA","100% Domestic - Adv. Fuel","100% Domestic","Reactor - Mod.","Fuel - Adv.","Nuclear - SMR - PWR modular",2050,"Zirconium","installation_demand","kt",0.00616531614080796
"319","USA","100% Domestic - Adv. Fuel","100% Domestic","Reactor - Mod.","Fuel - Adv.","Nuclear - SMR - PWR modular",2055,"Zirconium","installation_demand","kt",0.0063069721153005
"320","USA","100% Domestic - Adv. Fuel","100% Domestic","Reactor - Mod.","Fuel - Adv.","Nuclear - SMR - PWR modular",2060,"Zirconium","installation_demand","kt",0.00610288038585054
"321","USA","100% Domestic - Adv. Fuel","100% Domestic","Reactor - Mod.","Fuel - Adv.","Nuclear - SMR - PWR modular",2065,"Zirconium","installation_demand","kt",0.00689757674037114
"322","USA","100% Domestic - Adv. Fuel","100% Domestic","Reactor - Mod.","Fuel - Adv.","Nuclear - SMR - PWR modular",2070,"Zirconium","installation_demand","kt",0.00734677071808068
"323","USA","100% Domestic - Adv. Fuel","100% Domestic","Reactor - Mod.","Fuel - Adv.","Nuclear - SMR - PWR modular",2075,"Zirconium","installation_demand","kt",0.0073520656953348
"324","USA","100% Domestic - Adv. Fuel","100% Domestic","Reactor - Mod.","Fuel - Adv.","Nuclear - SMR - PWR modular",2080,"Zirconium","installation_demand","kt",0.00939230834022294
"325","USA","100% Domestic - Adv. Fuel","100% Domestic","Reactor - Mod.","Fuel - Adv.","Nuclear - SMR - PWR modular",2085,"Zirconium","installation_demand","kt",0.00714983436329838
"326","USA","100% Domestic - Adv. Fuel","100% Domestic","Reactor - Mod.","Fuel - Adv.","Nuclear - SMR - PWR modular",2090,"Zirconium","installation_demand","kt",0.00597545338498287
"327","USA","100% Domestic - Adv. Fuel","100% Domestic","Reactor - Mod.","Fuel - Adv.","Nuclear - SMR - PWR modular",2095,"Zirconium","installation_demand","kt",0.00668076888794028
"328","USA","100% Domestic - Adv. Fuel","100% Domestic","Reactor - Mod.","Fuel - Adv.","Nuclear - SMR - PWR modular",2100,"Zirconium","installation_demand","kt",0.00638077469401572
"329","USA","100% Domestic - Adv. Fuel","100% Domestic","Reactor - Mod.","Fuel - Adv.","Nuclear - SMR - SFR",2035,"Copper","installation_demand","kt",0.0669475934907624
"330","USA","100% Domestic - Adv. Fuel","100% Domestic","Reactor - Mod.","Fuel - Adv.","Nuclear - SMR - SFR",2040,"Copper","installation_demand","kt",0.102827504224397
"331","USA","100% Domestic - Adv. Fuel","100% Domestic","Reactor - Mod.","Fuel - Adv.","Nuclear - SMR - SFR",2045,"Copper","installation_demand","kt",0.135636600736363
"332","USA","100% Domestic - Adv. Fuel","100% Domestic","Reactor - Mod.","Fuel - Adv.","Nuclear - SMR - SFR",2050,"Copper","installation_demand","kt",0.277912707700082
"333","USA","100% Domestic - Adv. Fuel","100% Domestic","Reactor - Mod.","Fuel - Adv.","Nuclear - SMR - SFR",2055,"Copper","installation_demand","kt",0.296021257323356
"334","USA","100% Domestic - Adv. Fuel","100% Domestic","Reactor - Mod.","Fuel - Adv.","Nuclear - SMR - SFR",2060,"Copper","installation_demand","kt",0.292307958602954
"335","USA","100% Domestic - Adv. Fuel","100% Domestic","Reactor - Mod.","Fuel - Adv.","Nuclear - SMR - SFR",2065,"Copper","installation_demand","kt",0.334055821735494
"336","USA","100% Domestic - Adv. Fuel","100% Domestic","Reactor - Mod.","Fuel - Adv.","Nuclear - SMR - SFR",2070,"Copper","installation_demand","kt",0.358628741272828
"337","USA","100% Domestic - Adv. Fuel","100% Domestic","Reactor - Mod.","Fuel - Adv.","Nuclear - SMR - SFR",2075,"Copper","installation_demand","kt",0.360906194809914
"338","USA","100% Domestic - Adv. Fuel","100% Domestic","Reactor - Mod.","Fuel - Adv.","Nuclear - SMR - SFR",2080,"Copper","installation_demand","kt",0.462685607011558
"339","USA","100% Domestic - Adv. Fuel","100% Domestic","Reactor - Mod.","Fuel - Adv.","Nuclear - SMR - SFR",2085,"Copper","installation_demand","kt",0.353211781917264
"340","USA","100% Domestic - Adv. Fuel","100% Domestic","Reactor - Mod.","Fuel - Adv.","Nuclear - SMR - SFR",2090,"Copper","installation_demand","kt",0.295407258030442
"341","USA","100% Domestic - Adv. Fuel","100% Domestic","Reactor - Mod.","Fuel - Adv.","Nuclear - SMR - SFR",2095,"Copper","installation_demand","kt",0.330204185771518
"342","USA","100% Domestic - Adv. Fuel","100% Domestic","Reactor - Mod.","Fuel - Adv.","Nuclear - SMR - SFR",2100,"Copper","installation_demand","kt",0.315232416109706
"343","USA","100% Domestic - Adv. Nuc","100% Domestic","Reactor - Adv.","Fuel - Adv.","Nuclear - Large - PWR",2030,"Copper","installation_demand","kt",0.314193183122256
"344","USA","100% Domestic - Adv. Nuc","100% Domestic","Reactor - Adv.","Fuel - Adv.","Nuclear - Large - PWR",2030,"Hafnium","installation_demand","kt",0.000157096591561128
"345","USA","100% Domestic - Adv. Nuc","100% Domestic","Reactor - Adv.","Fuel - Adv.","Nuclear - Large - PWR",2030,"Zirconium","installation_demand","kt",0.0078548295780564
"346","USA","100% Domestic - Adv. Nuc","100% Domestic","Reactor - Adv.","Fuel - Adv.","Nuclear - Large - PWR",2035,"Copper","installation_demand","kt",0.567246074834044
"347","USA","100% Domestic - Adv. Nuc","100% Domestic","Reactor - Adv.","Fuel - Adv.","Nuclear - Large - PWR",2035,"Hafnium","installation_demand","kt",0.000283623037417022
"348","USA","100% Domestic - Adv. Nuc","100% Domestic","Reactor - Adv.","Fuel - Adv.","Nuclear - Large - PWR",2035,"Zirconium","installation_demand","kt",0.0141811518708511
"349","USA","100% Domestic - Adv. Nuc","100% Domestic","Reactor - Adv.","Fuel - Adv.","Nuclear - Large - PWR",2040,"Copper","installation_demand","kt",1.32593862841962
"350","USA","100% Domestic - Adv. Nuc","100% Domestic","Reactor - Adv.","Fuel - Adv.","Nuclear - Large - PWR",2040,"Hafnium","installation_demand","kt",0.000662969314209811
"351","USA","100% Domestic - Adv. Nuc","100% Domestic","Reactor - Adv.","Fuel - Adv.","Nuclear - Large - PWR",2040,"Zirconium","installation_demand","kt",0.0331484657104906
"352","USA","100% Domestic - Adv. Nuc","100% Domestic","Reactor - Adv.","Fuel - Adv.","Nuclear - Large - PWR",2045,"Copper","installation_demand","kt",1.74493011038903
"353","USA","100% Domestic - Adv. Nuc","100% Domestic","Reactor - Adv.","Fuel - Adv.","Nuclear - Large - PWR",2045,"Hafnium","installation_demand","kt",0.000872465055194516
"354","USA","100% Domestic - Adv. Nuc","100% Domestic","Reactor - Adv.","Fuel - Adv.","Nuclear - Large - PWR",2045,"Zirconium","installation_demand","kt",0.0436232527597258
"355","USA","100% Domestic - Adv. Nuc","100% Domestic","Reactor - Adv.","Fuel - Adv.","Nuclear - Large - PWR",2050,"Copper","installation_demand","kt",3.44776617380446
"356","USA","100% Domestic - Adv. Nuc","100% Domestic","Reactor - Adv.","Fuel - Adv.","Nuclear - Large - PWR",2050,"Hafnium","installation_demand","kt",0.00172388308690223
"357","USA","100% Domestic - Adv. Nuc","100% Domestic","Reactor - Adv.","Fuel - Adv.","Nuclear - Large - PWR",2050,"Zirconium","installation_demand","kt",0.0861941543451115
"358","USA","100% Domestic - Adv. Nuc","100% Domestic","Reactor - Adv.","Fuel - Adv.","Nuclear - Large - PWR",2055,"Copper","installation_demand","kt",3.64272628224996
"359","USA","100% Domestic - Adv. Nuc","100% Domestic","Reactor - Adv.","Fuel - Adv.","Nuclear - Large - PWR",2055,"Hafnium","installation_demand","kt",0.00182136314112498
"360","USA","100% Domestic - Adv. Nuc","100% Domestic","Reactor - Adv.","Fuel - Adv.","Nuclear - Large - PWR",2055,"Zirconium","installation_demand","kt",0.091068157056249
"361","USA","100% Domestic - Adv. Nuc","100% Domestic","Reactor - Adv.","Fuel - Adv.","Nuclear - Large - PWR",2060,"Copper","installation_demand","kt",3.447268704899
"362","USA","100% Domestic - Adv. Nuc","100% Domestic","Reactor - Adv.","Fuel - Adv.","Nuclear - Large - PWR",2060,"Hafnium","installation_demand","kt",0.0017236343524495
"363","USA","100% Domestic - Adv. Nuc","100% Domestic","Reactor - Adv.","Fuel - Adv.","Nuclear - Large - PWR",2060,"Zirconium","installation_demand","kt",0.086181717622475
"364","USA","100% Domestic - Adv. Nuc","100% Domestic","Reactor - Adv.","Fuel - Adv.","Nuclear - Large - PWR",2065,"Copper","installation_demand","kt",3.78147921902016
"365","USA","100% Domestic - Adv. Nuc","100% Domestic","Reactor - Adv.","Fuel - Adv.","Nuclear - Large - PWR",2065,"Hafnium","installation_demand","kt",0.00189073960951008
"366","USA","100% Domestic - Adv. Nuc","100% Domestic","Reactor - Adv.","Fuel - Adv.","Nuclear - Large - PWR",2065,"Zirconium","installation_demand","kt",0.094536980475504
"367","USA","100% Domestic - Adv. Nuc","100% Domestic","Reactor - Adv.","Fuel - Adv.","Nuclear - Large - PWR",2070,"Copper","installation_demand","kt",3.8979414600399
"368","USA","100% Domestic - Adv. Nuc","100% Domestic","Reactor - Adv.","Fuel - Adv.","Nuclear - Large - PWR",2070,"Hafnium","installation_demand","kt",0.00194897073001995
"369","USA","100% Domestic - Adv. Nuc","100% Domestic","Reactor - Adv.","Fuel - Adv.","Nuclear - Large - PWR",2070,"Zirconium","installation_demand","kt",0.0974485365009975
"370","USA","100% Domestic - Adv. Nuc","100% Domestic","Reactor - Adv.","Fuel - Adv.","Nuclear - Large - PWR",2075,"Copper","installation_demand","kt",3.72551055983378
"371","USA","100% Domestic - Adv. Nuc","100% Domestic","Reactor - Adv.","Fuel - Adv.","Nuclear - Large - PWR",2075,"Hafnium","installation_demand","kt",0.00186275527991689
"372","USA","100% Domestic - Adv. Nuc","100% Domestic","Reactor - Adv.","Fuel - Adv.","Nuclear - Large - PWR",2075,"Zirconium","installation_demand","kt",0.0931377639958445
"373","USA","100% Domestic - Adv. Nuc","100% Domestic","Reactor - Adv.","Fuel - Adv.","Nuclear - Large - PWR",2080,"Copper","installation_demand","kt",4.51624760703828
"374","USA","100% Domestic - Adv. Nuc","100% Domestic","Reactor - Adv.","Fuel - Adv.","Nuclear - Large - PWR",2080,"Hafnium","installation_demand","kt",0.00225812380351914
"375","USA","100% Domestic - Adv. Nuc","100% Domestic","Reactor - Adv.","Fuel - Adv.","Nuclear - Large - PWR",2080,"Zirconium","installation_demand","kt",0.112906190175957
"376","USA","100% Domestic - Adv. Nuc","100% Domestic","Reactor - Adv.","Fuel - Adv.","Nuclear - Large - PWR",2085,"Copper","installation_demand","kt",3.26601965724528
"377","USA","100% Domestic - Adv. Nuc","100% Domestic","Reactor - Adv.","Fuel - Adv.","Nuclear - Large - PWR",2085,"Hafnium","installation_demand","kt",0.00163300982862264
"378","USA","100% Domestic - Adv. Nuc","100% Domestic","Reactor - Adv.","Fuel - Adv.","Nuclear - Large - PWR",2085,"Zirconium","installation_demand","kt",0.081650491431132
"379","USA","100% Domestic - Adv. Nuc","100% Domestic","Reactor - Adv.","Fuel - Adv.","Nuclear - Large - PWR",2090,"Copper","installation_demand","kt",2.59209921247264
"380","USA","100% Domestic - Adv. Nuc","100% Domestic","Reactor - Adv.","Fuel - Adv.","Nuclear - Large - PWR",2090,"Hafnium","installation_demand","kt",0.00129604960623632
"381","USA","100% Domestic - Adv. Nuc","100% Domestic","Reactor - Adv.","Fuel - Adv.","Nuclear - Large - PWR",2090,"Zirconium","installation_demand","kt",0.064802480311816
"382","USA","100% Domestic - Adv. Nuc","100% Domestic","Reactor - Adv.","Fuel - Adv.","Nuclear - Large - PWR",2095,"Copper","installation_demand","kt",2.82049877186512
"383","USA","100% Domestic - Adv. Nuc","100% Domestic","Reactor - Adv.","Fuel - Adv.","Nuclear - Large - PWR",2095,"Hafnium","installation_demand","kt",0.00141024938593256
"384","USA","100% Domestic - Adv. Nuc","100% Domestic","Reactor - Adv.","Fuel - Adv.","Nuclear - Large - PWR",2095,"Zirconium","installation_demand","kt",0.070512469296628
"385","USA","100% Domestic - Adv. Nuc","100% Domestic","Reactor - Adv.","Fuel - Adv.","Nuclear - Large - PWR",2100,"Copper","installation_demand","kt",2.6896712643697
"386","USA","100% Domestic - Adv. Nuc","100% Domestic","Reactor - Adv.","Fuel - Adv.","Nuclear - Large - PWR",2100,"Hafnium","installation_demand","kt",0.00134483563218485
"387","USA","100% Domestic - Adv. Nuc","100% Domestic","Reactor - Adv.","Fuel - Adv.","Nuclear - Large - PWR",2100,"Zirconium","installation_demand","kt",0.0672417816092425
"388","USA","100% Domestic - Adv. Nuc","100% Domestic","Reactor - Adv.","Fuel - Adv.","Nuclear - SMR - BWR",2035,"Copper","installation_demand","kt",0.122624517829967
"389","USA","100% Domestic - Adv. Nuc","100% Domestic","Reactor - Adv.","Fuel - Adv.","Nuclear - SMR - BWR",2035,"Zirconium","installation_demand","kt",0.00300304941624409
"390","USA","100% Domestic - Adv. Nuc","100% Domestic","Reactor - Adv.","Fuel - Adv.","Nuclear - SMR - BWR",2040,"Copper","installation_demand","kt",0.276787208152711
"391","USA","100% Domestic - Adv. Nuc","100% Domestic","Reactor - Adv.","Fuel - Adv.","Nuclear - SMR - BWR",2040,"Zirconium","installation_demand","kt",0.00677846224047456
"392","USA","100% Domestic - Adv. Nuc","100% Domestic","Reactor - Adv.","Fuel - Adv.","Nuclear - SMR - BWR",2045,"Copper","installation_demand","kt",0.576895213422337
"393","USA","100% Domestic - Adv. Nuc","100% Domestic","Reactor - Adv.","Fuel - Adv.","Nuclear - SMR - BWR",2045,"Zirconium","installation_demand","kt",0.014128046042996
"394","USA","100% Domestic - Adv. Nuc","100% Domestic","Reactor - Adv.","Fuel - Adv.","Nuclear - SMR - BWR",2050,"Copper","installation_demand","kt",1.6213062933769
"395","USA","100% Domestic - Adv. Nuc","100% Domestic","Reactor - Adv.","Fuel - Adv.","Nuclear - SMR - BWR",2050,"Zirconium","installation_demand","kt",0.0397054602459649
"396","USA","100% Domestic - Adv. Nuc","100% Domestic","Reactor - Adv.","Fuel - Adv.","Nuclear - SMR - BWR",2055,"Copper","installation_demand","kt",2.35505991297429
"397","USA","100% Domestic - Adv. Nuc","100% Domestic","Reactor - Adv.","Fuel - Adv.","Nuclear - SMR - BWR",2055,"Zirconium","installation_demand","kt",0.0576749366442682
"398","USA","100% Domestic - Adv. Nuc","100% Domestic","Reactor - Adv.","Fuel - Adv.","Nuclear - SMR - BWR",2060,"Copper","installation_demand","kt",2.69484432766873
"399","USA","100% Domestic - Adv. Nuc","100% Domestic","Reactor - Adv.","Fuel - Adv.","Nuclear - SMR - BWR",2060,"Zirconium","installation_demand","kt",0.0659961876163771
"400","USA","100% Domestic - Adv. Nuc","100% Domestic","Reactor - Adv.","Fuel - Adv.","Nuclear - SMR - BWR",2065,"Copper","installation_demand","kt",2.978670850312
"401","USA","100% Domestic - Adv. Nuc","100% Domestic","Reactor - Adv.","Fuel - Adv.","Nuclear - SMR - BWR",2065,"Zirconium","installation_demand","kt",0.0729470412321307
"402","USA","100% Domestic - Adv. Nuc","100% Domestic","Reactor - Adv.","Fuel - Adv.","Nuclear - SMR - BWR",2070,"Copper","installation_demand","kt",2.72122046976875
"403","USA","100% Domestic - Adv. Nuc","100% Domestic","Reactor - Adv.","Fuel - Adv.","Nuclear - SMR - BWR",2070,"Zirconium","installation_demand","kt",0.0666421339535203
"404","USA","100% Domestic - Adv. Nuc","100% Domestic","Reactor - Adv.","Fuel - Adv.","Nuclear - SMR - BWR",2075,"Copper","installation_demand","kt",2.41547560344341
"405","USA","100% Domestic - Adv. Nuc","100% Domestic","Reactor - Adv.","Fuel - Adv.","Nuclear - SMR - BWR",2075,"Zirconium","installation_demand","kt",0.0591545045741244
"406","USA","100% Domestic - Adv. Nuc","100% Domestic","Reactor - Adv.","Fuel - Adv.","Nuclear - SMR - BWR",2080,"Copper","installation_demand","kt",2.79923695084544
"407","USA","100% Domestic - Adv. Nuc","100% Domestic","Reactor - Adv.","Fuel - Adv.","Nuclear - SMR - BWR",2080,"Zirconium","installation_demand","kt",0.0685527416533577
"408","USA","100% Domestic - Adv. Nuc","100% Domestic","Reactor - Adv.","Fuel - Adv.","Nuclear - SMR - BWR",2085,"Copper","installation_demand","kt",1.92947540063965
"409","USA","100% Domestic - Adv. Nuc","100% Domestic","Reactor - Adv.","Fuel - Adv.","Nuclear - SMR - BWR",2085,"Zirconium","installation_demand","kt",0.0472524587911751
"410","USA","100% Domestic - Adv. Nuc","100% Domestic","Reactor - Adv.","Fuel - Adv.","Nuclear - SMR - BWR",2090,"Copper","installation_demand","kt",1.47569155673967
"411","USA","100% Domestic - Adv. Nuc","100% Domestic","Reactor - Adv.","Fuel - Adv.","Nuclear - SMR - BWR",2090,"Zirconium","installation_demand","kt",0.0361393850630122
"412","USA","100% Domestic - Adv. Nuc","100% Domestic","Reactor - Adv.","Fuel - Adv.","Nuclear - SMR - BWR",2095,"Copper","installation_demand","kt",1.55558131490436
"413","USA","100% Domestic - Adv. Nuc","100% Domestic","Reactor - Adv.","Fuel - Adv.","Nuclear - SMR - BWR",2095,"Zirconium","installation_demand","kt",0.0380958689364333
"414","USA","100% Domestic - Adv. Nuc","100% Domestic","Reactor - Adv.","Fuel - Adv.","Nuclear - SMR - BWR",2100,"Copper","installation_demand","kt",1.44398609158716
"415","USA","100% Domestic - Adv. Nuc","100% Domestic","Reactor - Adv.","Fuel - Adv.","Nuclear - SMR - BWR",2100,"Zirconium","installation_demand","kt",0.0353629246919304
"416","USA","100% Domestic - Adv. Nuc","100% Domestic","Reactor - Adv.","Fuel - Adv.","Nuclear - SMR - HTGR",2035,"Copper","installation_demand","kt",0.0709792723106626
"417","USA","100% Domestic - Adv. Nuc","100% Domestic","Reactor - Adv.","Fuel - Adv.","Nuclear - SMR - HTGR",2035,"Graphite","installation_demand","kt",0.432973561095042
"418","USA","100% Domestic - Adv. Nuc","100% Domestic","Reactor - Adv.","Fuel - Adv.","Nuclear - SMR - HTGR",2035,"Silicon carbide","installation_demand","kt",0.000709792723106626
"419","USA","100% Domestic - Adv. Nuc","100% Domestic","Reactor - Adv.","Fuel - Adv.","Nuclear - SMR - HTGR",2040,"Copper","installation_demand","kt",0.125400326176051
"420","USA","100% Domestic - Adv. Nuc","100% Domestic","Reactor - Adv.","Fuel - Adv.","Nuclear - SMR - HTGR",2040,"Graphite","installation_demand","kt",0.764941989673909
"421","USA","100% Domestic - Adv. Nuc","100% Domestic","Reactor - Adv.","Fuel - Adv.","Nuclear - SMR - HTGR",2040,"Silicon carbide","installation_demand","kt",0.00125400326176051
"422","USA","100% Domestic - Adv. Nuc","100% Domestic","Reactor - Adv.","Fuel - Adv.","Nuclear - SMR - HTGR",2045,"Copper","installation_demand","kt",0.22021858102242
"423","USA","100% Domestic - Adv. Nuc","100% Domestic","Reactor - Adv.","Fuel - Adv.","Nuclear - SMR - HTGR",2045,"Graphite","installation_demand","kt",1.34333334423676
"424","USA","100% Domestic - Adv. Nuc","100% Domestic","Reactor - Adv.","Fuel - Adv.","Nuclear - SMR - HTGR",2045,"Silicon carbide","installation_demand","kt",0.0022021858102242
"425","USA","100% Domestic - Adv. Nuc","100% Domestic","Reactor - Adv.","Fuel - Adv.","Nuclear - SMR - HTGR",2050,"Copper","installation_demand","kt",0.546507754654332
"426","USA","100% Domestic - Adv. Nuc","100% Domestic","Reactor - Adv.","Fuel - Adv.","Nuclear - SMR - HTGR",2050,"Graphite","installation_demand","kt",3.33369730339142
"427","USA","100% Domestic - Adv. Nuc","100% Domestic","Reactor - Adv.","Fuel - Adv.","Nuclear - SMR - HTGR",2050,"Silicon carbide","installation_demand","kt",0.00546507754654332
"428","USA","100% Domestic - Adv. Nuc","100% Domestic","Reactor - Adv.","Fuel - Adv.","Nuclear - SMR - HTGR",2055,"Copper","installation_demand","kt",0.718903900183478
"429","USA","100% Domestic - Adv. Nuc","100% Domestic","Reactor - Adv.","Fuel - Adv.","Nuclear - SMR - HTGR",2055,"Graphite","installation_demand","kt",4.38531379111921
"430","USA","100% Domestic - Adv. Nuc","100% Domestic","Reactor - Adv.","Fuel - Adv.","Nuclear - SMR - HTGR",2055,"Silicon carbide","installation_demand","kt",0.00718903900183478
"431","USA","100% Domestic - Adv. Nuc","100% Domestic","Reactor - Adv.","Fuel - Adv.","Nuclear - SMR - HTGR",2060,"Copper","installation_demand","kt",0.786423378476252
"432","USA","100% Domestic - Adv. Nuc","100% Domestic","Reactor - Adv.","Fuel - Adv.","Nuclear - SMR - HTGR",2060,"Graphite","installation_demand","kt",4.79718260870514
"433","USA","100% Domestic - Adv. Nuc","100% Domestic","Reactor - Adv.","Fuel - Adv.","Nuclear - SMR - HTGR",2060,"Silicon carbide","installation_demand","kt",0.00786423378476252
"434","USA","100% Domestic - Adv. Nuc","100% Domestic","Reactor - Adv.","Fuel - Adv.","Nuclear - SMR - HTGR",2065,"Copper","installation_demand","kt",0.967767831125526
"435","USA","100% Domestic - Adv. Nuc","100% Domestic","Reactor - Adv.","Fuel - Adv.","Nuclear - SMR - HTGR",2065,"Graphite","installation_demand","kt",5.90338376986571
"436","USA","100% Domestic - Adv. Nuc","100% Domestic","Reactor - Adv.","Fuel - Adv.","Nuclear - SMR - HTGR",2065,"Silicon carbide","installation_demand","kt",0.00967767831125526
"437","USA","100% Domestic - Adv. Nuc","100% Domestic","Reactor - Adv.","Fuel - Adv.","Nuclear - SMR - HTGR",2070,"Copper","installation_demand","kt",1.14412396543504
"438","USA","100% Domestic - Adv. Nuc","100% Domestic","Reactor - Adv.","Fuel - Adv.","Nuclear - SMR - HTGR",2070,"Graphite","installation_demand","kt",6.97915618915376
"439","USA","100% Domestic - Adv. Nuc","100% Domestic","Reactor - Adv.","Fuel - Adv.","Nuclear - SMR - HTGR",2070,"Silicon carbide","installation_demand","kt",0.0114412396543504
"440","USA","100% Domestic - Adv. Nuc","100% Domestic","Reactor - Adv.","Fuel - Adv.","Nuclear - SMR - HTGR",2075,"Copper","installation_demand","kt",1.26605154977238
"441","USA","100% Domestic - Adv. Nuc","100% Domestic","Reactor - Adv.","Fuel - Adv.","Nuclear - SMR - HTGR",2075,"Graphite","installation_demand","kt",7.72291445361151
"442","USA","100% Domestic - Adv. Nuc","100% Domestic","Reactor - Adv.","Fuel - Adv.","Nuclear - SMR - HTGR",2075,"Silicon carbide","installation_demand","kt",0.0126605154977238
"443","USA","100% Domestic - Adv. Nuc","100% Domestic","Reactor - Adv.","Fuel - Adv.","Nuclear - SMR - HTGR",2080,"Copper","installation_demand","kt",1.51460200715756
"444","USA","100% Domestic - Adv. Nuc","100% Domestic","Reactor - Adv.","Fuel - Adv.","Nuclear - SMR - HTGR",2080,"Graphite","installation_demand","kt",9.23907224366109
"445","USA","100% Domestic - Adv. Nuc","100% Domestic","Reactor - Adv.","Fuel - Adv.","Nuclear - SMR - HTGR",2080,"Silicon carbide","installation_demand","kt",0.0151460200715756
"446","USA","100% Domestic - Adv. Nuc","100% Domestic","Reactor - Adv.","Fuel - Adv.","Nuclear - SMR - HTGR",2085,"Copper","installation_demand","kt",1.05834805977586
"447","USA","100% Domestic - Adv. Nuc","100% Domestic","Reactor - Adv.","Fuel - Adv.","Nuclear - SMR - HTGR",2085,"Graphite","installation_demand","kt",6.45592316463277
"448","USA","100% Domestic - Adv. Nuc","100% Domestic","Reactor - Adv.","Fuel - Adv.","Nuclear - SMR - HTGR",2085,"Silicon carbide","installation_demand","kt",0.0105834805977586
"449","USA","100% Domestic - Adv. Nuc","100% Domestic","Reactor - Adv.","Fuel - Adv.","Nuclear - SMR - HTGR",2090,"Copper","installation_demand","kt",0.820987245442436
"450","USA","100% Domestic - Adv. Nuc","100% Domestic","Reactor - Adv.","Fuel - Adv.","Nuclear - SMR - HTGR",2090,"Graphite","installation_demand","kt",5.00802219719886
"451","USA","100% Domestic - Adv. Nuc","100% Domestic","Reactor - Adv.","Fuel - Adv.","Nuclear - SMR - HTGR",2090,"Silicon carbide","installation_demand","kt",0.00820987245442436
"452","USA","100% Domestic - Adv. Nuc","100% Domestic","Reactor - Adv.","Fuel - Adv.","Nuclear - SMR - HTGR",2095,"Copper","installation_demand","kt",0.878121208503256
"453","USA","100% Domestic - Adv. Nuc","100% Domestic","Reactor - Adv.","Fuel - Adv.","Nuclear - SMR - HTGR",2095,"Graphite","installation_demand","kt",5.35653937186986
"454","USA","100% Domestic - Adv. Nuc","100% Domestic","Reactor - Adv.","Fuel - Adv.","Nuclear - SMR - HTGR",2095,"Silicon carbide","installation_demand","kt",0.00878121208503256
"455","USA","100% Domestic - Adv. Nuc","100% Domestic","Reactor - Adv.","Fuel - Adv.","Nuclear - SMR - HTGR",2100,"Copper","installation_demand","kt",0.82710679444394
"456","USA","100% Domestic - Adv. Nuc","100% Domestic","Reactor - Adv.","Fuel - Adv.","Nuclear - SMR - HTGR",2100,"Graphite","installation_demand","kt",5.04535144610803
"457","USA","100% Domestic - Adv. Nuc","100% Domestic","Reactor - Adv.","Fuel - Adv.","Nuclear - SMR - HTGR",2100,"Silicon carbide","installation_demand","kt",0.0082710679444394
"458","USA","100% Domestic - Adv. Nuc","100% Domestic","Reactor - Adv.","Fuel - Adv.","Nuclear - SMR - MSR",2035,"Copper","installation_demand","kt",0.0364314197544494
"459","USA","100% Domestic - Adv. Nuc","100% Domestic","Reactor - Adv.","Fuel - Adv.","Nuclear - SMR - MSR",2035,"Fluorine","installation_demand","kt",0.00163577074697478
"460","USA","100% Domestic - Adv. Nuc","100% Domestic","Reactor - Adv.","Fuel - Adv.","Nuclear - SMR - MSR",2040,"Copper","installation_demand","kt",0.05684795251339
"461","USA","100% Domestic - Adv. Nuc","100% Domestic","Reactor - Adv.","Fuel - Adv.","Nuclear - SMR - MSR",2040,"Fluorine","installation_demand","kt",0.00255247306785121
"462","USA","100% Domestic - Adv. Nuc","100% Domestic","Reactor - Adv.","Fuel - Adv.","Nuclear - SMR - MSR",2045,"Copper","installation_demand","kt",0.0803432726257718
"463","USA","100% Domestic - Adv. Nuc","100% Domestic","Reactor - Adv.","Fuel - Adv.","Nuclear - SMR - MSR",2045,"Fluorine","installation_demand","kt",0.00360741294089715
"464","USA","100% Domestic - Adv. Nuc","100% Domestic","Reactor - Adv.","Fuel - Adv.","Nuclear - SMR - MSR",2050,"Copper","installation_demand","kt",0.1679966123049
"465","USA","100% Domestic - Adv. Nuc","100% Domestic","Reactor - Adv.","Fuel - Adv.","Nuclear - SMR - MSR",2050,"Fluorine","installation_demand","kt",0.00754304789249002
"466","USA","100% Domestic - Adv. Nuc","100% Domestic","Reactor - Adv.","Fuel - Adv.","Nuclear - SMR - MSR",2055,"Copper","installation_demand","kt",0.187357693227145
"467","USA","100% Domestic - Adv. Nuc","100% Domestic","Reactor - Adv.","Fuel - Adv.","Nuclear - SMR - MSR",2055,"Fluorine","installation_demand","kt",0.0084123604258988
"468","USA","100% Domestic - Adv. Nuc","100% Domestic","Reactor - Adv.","Fuel - Adv.","Nuclear - SMR - MSR",2060,"Copper","installation_demand","kt",0.18615490881872
"469","USA","100% Domestic - Adv. Nuc","100% Domestic","Reactor - Adv.","Fuel - Adv.","Nuclear - SMR - MSR",2060,"Fluorine","installation_demand","kt",0.00835835540596052
"470","USA","100% Domestic - Adv. Nuc","100% Domestic","Reactor - Adv.","Fuel - Adv.","Nuclear - SMR - MSR",2065,"Copper","installation_demand","kt",0.218219846365246
"471","USA","100% Domestic - Adv. Nuc","100% Domestic","Reactor - Adv.","Fuel - Adv.","Nuclear - SMR - MSR",2065,"Fluorine","installation_demand","kt",0.00979807110179954
"472","USA","100% Domestic - Adv. Nuc","100% Domestic","Reactor - Adv.","Fuel - Adv.","Nuclear - SMR - MSR",2070,"Copper","installation_demand","kt",0.251347868148116
"473","USA","100% Domestic - Adv. Nuc","100% Domestic","Reactor - Adv.","Fuel - Adv.","Nuclear - SMR - MSR",2070,"Fluorine","installation_demand","kt",0.0112855192798504
"474","USA","100% Domestic - Adv. Nuc","100% Domestic","Reactor - Adv.","Fuel - Adv.","Nuclear - SMR - MSR",2075,"Copper","installation_demand","kt",0.276247209063148
"475","USA","100% Domestic - Adv. Nuc","100% Domestic","Reactor - Adv.","Fuel - Adv.","Nuclear - SMR - MSR",2075,"Fluorine","installation_demand","kt",0.0124034996869353
"476","USA","100% Domestic - Adv. Nuc","100% Domestic","Reactor - Adv.","Fuel - Adv.","Nuclear - SMR - MSR",2080,"Copper","installation_demand","kt",0.38872492858936
"477","USA","100% Domestic - Adv. Nuc","100% Domestic","Reactor - Adv.","Fuel - Adv.","Nuclear - SMR - MSR",2080,"Fluorine","installation_demand","kt",0.0174537492936623
"478","USA","100% Domestic - Adv. Nuc","100% Domestic","Reactor - Adv.","Fuel - Adv.","Nuclear - SMR - MSR",2085,"Copper","installation_demand","kt",0.331197760653944
"479","USA","100% Domestic - Adv. Nuc","100% Domestic","Reactor - Adv.","Fuel - Adv.","Nuclear - SMR - MSR",2085,"Fluorine","installation_demand","kt",0.0148707794533621
"480","USA","100% Domestic - Adv. Nuc","100% Domestic","Reactor - Adv.","Fuel - Adv.","Nuclear - SMR - MSR",2090,"Copper","installation_demand","kt",0.29971002333061
"481","USA","100% Domestic - Adv. Nuc","100% Domestic","Reactor - Adv.","Fuel - Adv.","Nuclear - SMR - MSR",2090,"Fluorine","installation_demand","kt",0.0134569800475444
"482","USA","100% Domestic - Adv. Nuc","100% Domestic","Reactor - Adv.","Fuel - Adv.","Nuclear - SMR - MSR",2095,"Copper","installation_demand","kt",0.366280903381726
"483","USA","100% Domestic - Adv. Nuc","100% Domestic","Reactor - Adv.","Fuel - Adv.","Nuclear - SMR - MSR",2095,"Fluorine","installation_demand","kt",0.0164460125618395
"484","USA","100% Domestic - Adv. Nuc","100% Domestic","Reactor - Adv.","Fuel - Adv.","Nuclear - SMR - MSR",2100,"Copper","installation_demand","kt",0.39456030699692
"485","USA","100% Domestic - Adv. Nuc","100% Domestic","Reactor - Adv.","Fuel - Adv.","Nuclear - SMR - MSR",2100,"Fluorine","installation_demand","kt",0.0177157577841617
"486","USA","100% Domestic - Adv. Nuc","100% Domestic","Reactor - Adv.","Fuel - Adv.","Nuclear - SMR - PWR modular",2035,"Zirconium","installation_demand","kt",0.00195237668836176
"487","USA","100% Domestic - Adv. Nuc","100% Domestic","Reactor - Adv.","Fuel - Adv.","Nuclear - SMR - PWR modular",2040,"Zirconium","installation_demand","kt",0.00293141389385677
"488","USA","100% Domestic - Adv. Nuc","100% Domestic","Reactor - Adv.","Fuel - Adv.","Nuclear - SMR - PWR modular",2045,"Zirconium","installation_demand","kt",0.00319818670539564
"489","USA","100% Domestic - Adv. Nuc","100% Domestic","Reactor - Adv.","Fuel - Adv.","Nuclear - SMR - PWR modular",2050,"Zirconium","installation_demand","kt",0.0061793406751566
"490","USA","100% Domestic - Adv. Nuc","100% Domestic","Reactor - Adv.","Fuel - Adv.","Nuclear - SMR - PWR modular",2055,"Zirconium","installation_demand","kt",0.00649977879670314
"491","USA","100% Domestic - Adv. Nuc","100% Domestic","Reactor - Adv.","Fuel - Adv.","Nuclear - SMR - PWR modular",2060,"Zirconium","installation_demand","kt",0.00617784826844022
"492","USA","100% Domestic - Adv. Nuc","100% Domestic","Reactor - Adv.","Fuel - Adv.","Nuclear - SMR - PWR modular",2065,"Zirconium","installation_demand","kt",0.0069302256927834
"493","USA","100% Domestic - Adv. Nuc","100% Domestic","Reactor - Adv.","Fuel - Adv.","Nuclear - SMR - PWR modular",2070,"Zirconium","installation_demand","kt",0.00761452483814544
"494","USA","100% Domestic - Adv. Nuc","100% Domestic","Reactor - Adv.","Fuel - Adv.","Nuclear - SMR - PWR modular",2075,"Zirconium","installation_demand","kt",0.00794837417621196
"495","USA","100% Domestic - Adv. Nuc","100% Domestic","Reactor - Adv.","Fuel - Adv.","Nuclear - SMR - PWR modular",2080,"Zirconium","installation_demand","kt",0.010579855207927
"496","USA","100% Domestic - Adv. Nuc","100% Domestic","Reactor - Adv.","Fuel - Adv.","Nuclear - SMR - PWR modular",2085,"Zirconium","installation_demand","kt",0.0084841686313281
"497","USA","100% Domestic - Adv. Nuc","100% Domestic","Reactor - Adv.","Fuel - Adv.","Nuclear - SMR - PWR modular",2090,"Zirconium","installation_demand","kt",0.00720468542110812
"498","USA","100% Domestic - Adv. Nuc","100% Domestic","Reactor - Adv.","Fuel - Adv.","Nuclear - SMR - PWR modular",2095,"Zirconium","installation_demand","kt",0.0082346709386298
"499","USA","100% Domestic - Adv. Nuc","100% Domestic","Reactor - Adv.","Fuel - Adv.","Nuclear - SMR - PWR modular",2100,"Zirconium","installation_demand","kt",0.00829851732459312
"500","USA","100% Domestic - Adv. Nuc","100% Domestic","Reactor - Adv.","Fuel - Adv.","Nuclear - SMR - SFR",2035,"Copper","installation_demand","kt",0.0670344801831558
"501","USA","100% Domestic - Adv. Nuc","100% Domestic","Reactor - Adv.","Fuel - Adv.","Nuclear - SMR - SFR",2040,"Copper","installation_demand","kt",0.101707176990714
"502","USA","100% Domestic - Adv. Nuc","100% Domestic","Reactor - Adv.","Fuel - Adv.","Nuclear - SMR - SFR",2045,"Copper","installation_demand","kt",0.154222175337482
"503","USA","100% Domestic - Adv. Nuc","100% Domestic","Reactor - Adv.","Fuel - Adv.","Nuclear - SMR - SFR",2050,"Copper","installation_demand","kt",0.338213435149544
"504","USA","100% Domestic - Adv. Nuc","100% Domestic","Reactor - Adv.","Fuel - Adv.","Nuclear - SMR - SFR",2055,"Copper","installation_demand","kt",0.396953609457198
"505","USA","100% Domestic - Adv. Nuc","100% Domestic","Reactor - Adv.","Fuel - Adv.","Nuclear - SMR - SFR",2060,"Copper","installation_demand","kt",0.40075277267361
"506","USA","100% Domestic - Adv. Nuc","100% Domestic","Reactor - Adv.","Fuel - Adv.","Nuclear - SMR - SFR",2065,"Copper","installation_demand","kt",0.46452487903328
"507","USA","100% Domestic - Adv. Nuc","100% Domestic","Reactor - Adv.","Fuel - Adv.","Nuclear - SMR - SFR",2070,"Copper","installation_demand","kt",0.52178763883812
"508","USA","100% Domestic - Adv. Nuc","100% Domestic","Reactor - Adv.","Fuel - Adv.","Nuclear - SMR - SFR",2075,"Copper","installation_demand","kt",0.552852868323934
"509","USA","100% Domestic - Adv. Nuc","100% Domestic","Reactor - Adv.","Fuel - Adv.","Nuclear - SMR - SFR",2080,"Copper","installation_demand","kt",0.742523451229376
"510","USA","100% Domestic - Adv. Nuc","100% Domestic","Reactor - Adv.","Fuel - Adv.","Nuclear - SMR - SFR",2085,"Copper","installation_demand","kt",0.599086129176728
"511","USA","100% Domestic - Adv. Nuc","100% Domestic","Reactor - Adv.","Fuel - Adv.","Nuclear - SMR - SFR",2090,"Copper","installation_demand","kt",0.509648034616204
"512","USA","100% Domestic - Adv. Nuc","100% Domestic","Reactor - Adv.","Fuel - Adv.","Nuclear - SMR - SFR",2095,"Copper","installation_demand","kt",0.582538814159518
"513","USA","100% Domestic - Adv. Nuc","100% Domestic","Reactor - Adv.","Fuel - Adv.","Nuclear - SMR - SFR",2100,"Copper","installation_demand","kt",0.55699957830992
"514","USA","100% Domestic - Adv. Reactor","100% Domestic","Reactor - Adv.","Fuel - Mod.","Nuclear - Large - PWR",2030,"Copper","installation_demand","kt",0.313177119919446
"515","USA","100% Domestic - Adv. Reactor","100% Domestic","Reactor - Adv.","Fuel - Mod.","Nuclear - Large - PWR",2030,"Hafnium","installation_demand","kt",0.000156588559959723
"516","USA","100% Domestic - Adv. Reactor","100% Domestic","Reactor - Adv.","Fuel - Mod.","Nuclear - Large - PWR",2030,"Zirconium","installation_demand","kt",0.00782942799798615
"517","USA","100% Domestic - Adv. Reactor","100% Domestic","Reactor - Adv.","Fuel - Mod.","Nuclear - Large - PWR",2035,"Copper","installation_demand","kt",0.526487697798408
"518","USA","100% Domestic - Adv. Reactor","100% Domestic","Reactor - Adv.","Fuel - Mod.","Nuclear - Large - PWR",2035,"Hafnium","installation_demand","kt",0.000263243848899204
"519","USA","100% Domestic - Adv. Reactor","100% Domestic","Reactor - Adv.","Fuel - Mod.","Nuclear - Large - PWR",2035,"Zirconium","installation_demand","kt",0.0131621924449602
"520","USA","100% Domestic - Adv. Reactor","100% Domestic","Reactor - Adv.","Fuel - Mod.","Nuclear - Large - PWR",2040,"Copper","installation_demand","kt",1.09965160821475
"521","USA","100% Domestic - Adv. Reactor","100% Domestic","Reactor - Adv.","Fuel - Mod.","Nuclear - Large - PWR",2040,"Hafnium","installation_demand","kt",0.000549825804107376
"522","USA","100% Domestic - Adv. Reactor","100% Domestic","Reactor - Adv.","Fuel - Mod.","Nuclear - Large - PWR",2040,"Zirconium","installation_demand","kt",0.0274912902053688
"523","USA","100% Domestic - Adv. Reactor","100% Domestic","Reactor - Adv.","Fuel - Mod.","Nuclear - Large - PWR",2045,"Copper","installation_demand","kt",1.31487846357614
"524","USA","100% Domestic - Adv. Reactor","100% Domestic","Reactor - Adv.","Fuel - Mod.","Nuclear - Large - PWR",2045,"Hafnium","installation_demand","kt",0.000657439231788072
"525","USA","100% Domestic - Adv. Reactor","100% Domestic","Reactor - Adv.","Fuel - Mod.","Nuclear - Large - PWR",2045,"Zirconium","installation_demand","kt",0.0328719615894036
"526","USA","100% Domestic - Adv. Reactor","100% Domestic","Reactor - Adv.","Fuel - Mod.","Nuclear - Large - PWR",2050,"Copper","installation_demand","kt",2.46285270204666
"527","USA","100% Domestic - Adv. Reactor","100% Domestic","Reactor - Adv.","Fuel - Mod.","Nuclear - Large - PWR",2050,"Hafnium","installation_demand","kt",0.00123142635102333
"528","USA","100% Domestic - Adv. Reactor","100% Domestic","Reactor - Adv.","Fuel - Mod.","Nuclear - Large - PWR",2050,"Zirconium","installation_demand","kt",0.0615713175511665
"529","USA","100% Domestic - Adv. Reactor","100% Domestic","Reactor - Adv.","Fuel - Mod.","Nuclear - Large - PWR",2055,"Copper","installation_demand","kt",2.45297147036272
"530","USA","100% Domestic - Adv. Reactor","100% Domestic","Reactor - Adv.","Fuel - Mod.","Nuclear - Large - PWR",2055,"Hafnium","installation_demand","kt",0.00122648573518136
"531","USA","100% Domestic - Adv. Reactor","100% Domestic","Reactor - Adv.","Fuel - Mod.","Nuclear - Large - PWR",2055,"Zirconium","installation_demand","kt",0.061324286759068
"532","USA","100% Domestic - Adv. Reactor","100% Domestic","Reactor - Adv.","Fuel - Mod.","Nuclear - Large - PWR",2060,"Copper","installation_demand","kt",2.29737955187456
"533","USA","100% Domestic - Adv. Reactor","100% Domestic","Reactor - Adv.","Fuel - Mod.","Nuclear - Large - PWR",2060,"Hafnium","installation_demand","kt",0.00114868977593728
"534","USA","100% Domestic - Adv. Reactor","100% Domestic","Reactor - Adv.","Fuel - Mod.","Nuclear - Large - PWR",2060,"Zirconium","installation_demand","kt",0.057434488796864
"535","USA","100% Domestic - Adv. Reactor","100% Domestic","Reactor - Adv.","Fuel - Mod.","Nuclear - Large - PWR",2065,"Copper","installation_demand","kt",2.54717708884468
"536","USA","100% Domestic - Adv. Reactor","100% Domestic","Reactor - Adv.","Fuel - Mod.","Nuclear - Large - PWR",2065,"Hafnium","installation_demand","kt",0.00127358854442234
"537","USA","100% Domestic - Adv. Reactor","100% Domestic","Reactor - Adv.","Fuel - Mod.","Nuclear - Large - PWR",2065,"Zirconium","installation_demand","kt",0.063679427221117
"538","USA","100% Domestic - Adv. Reactor","100% Domestic","Reactor - Adv.","Fuel - Mod.","Nuclear - Large - PWR",2070,"Copper","installation_demand","kt",2.67290042907716
"539","USA","100% Domestic - Adv. Reactor","100% Domestic","Reactor - Adv.","Fuel - Mod.","Nuclear - Large - PWR",2070,"Hafnium","installation_demand","kt",0.00133645021453858
"540","USA","100% Domestic - Adv. Reactor","100% Domestic","Reactor - Adv.","Fuel - Mod.","Nuclear - Large - PWR",2070,"Zirconium","installation_demand","kt",0.066822510726929
"541","USA","100% Domestic - Adv. Reactor","100% Domestic","Reactor - Adv.","Fuel - Mod.","Nuclear - Large - PWR",2075,"Copper","installation_demand","kt",2.69581125729882
"542","USA","100% Domestic - Adv. Reactor","100% Domestic","Reactor - Adv.","Fuel - Mod.","Nuclear - Large - PWR",2075,"Hafnium","installation_demand","kt",0.00134790562864941
"543","USA","100% Domestic - Adv. Reactor","100% Domestic","Reactor - Adv.","Fuel - Mod.","Nuclear - Large - PWR",2075,"Zirconium","installation_demand","kt",0.0673952814324705
"544","USA","100% Domestic - Adv. Reactor","100% Domestic","Reactor - Adv.","Fuel - Mod.","Nuclear - Large - PWR",2080,"Copper","installation_demand","kt",3.39013474183818
"545","USA","100% Domestic - Adv. Reactor","100% Domestic","Reactor - Adv.","Fuel - Mod.","Nuclear - Large - PWR",2080,"Hafnium","installation_demand","kt",0.00169506737091909
"546","USA","100% Domestic - Adv. Reactor","100% Domestic","Reactor - Adv.","Fuel - Mod.","Nuclear - Large - PWR",2080,"Zirconium","installation_demand","kt",0.0847533685459545
"547","USA","100% Domestic - Adv. Reactor","100% Domestic","Reactor - Adv.","Fuel - Mod.","Nuclear - Large - PWR",2085,"Copper","installation_demand","kt",2.50494674902026
"548","USA","100% Domestic - Adv. Reactor","100% Domestic","Reactor - Adv.","Fuel - Mod.","Nuclear - Large - PWR",2085,"Hafnium","installation_demand","kt",0.00125247337451013
"549","USA","100% Domestic - Adv. Reactor","100% Domestic","Reactor - Adv.","Fuel - Mod.","Nuclear - Large - PWR",2085,"Zirconium","installation_demand","kt",0.0626236687255065
"550","USA","100% Domestic - Adv. Reactor","100% Domestic","Reactor - Adv.","Fuel - Mod.","Nuclear - Large - PWR",2090,"Copper","installation_demand","kt",2.0537765249739
"551","USA","100% Domestic - Adv. Reactor","100% Domestic","Reactor - Adv.","Fuel - Mod.","Nuclear - Large - PWR",2090,"Hafnium","installation_demand","kt",0.00102688826248695
"552","USA","100% Domestic - Adv. Reactor","100% Domestic","Reactor - Adv.","Fuel - Mod.","Nuclear - Large - PWR",2090,"Zirconium","installation_demand","kt",0.0513444131243475
"553","USA","100% Domestic - Adv. Reactor","100% Domestic","Reactor - Adv.","Fuel - Mod.","Nuclear - Large - PWR",2095,"Copper","installation_demand","kt",2.27350785905466
"554","USA","100% Domestic - Adv. Reactor","100% Domestic","Reactor - Adv.","Fuel - Mod.","Nuclear - Large - PWR",2095,"Hafnium","installation_demand","kt",0.00113675392952733
"555","USA","100% Domestic - Adv. Reactor","100% Domestic","Reactor - Adv.","Fuel - Mod.","Nuclear - Large - PWR",2095,"Zirconium","installation_demand","kt",0.0568376964763665
"556","USA","100% Domestic - Adv. Reactor","100% Domestic","Reactor - Adv.","Fuel - Mod.","Nuclear - Large - PWR",2100,"Copper","installation_demand","kt",2.1382985364056
"557","USA","100% Domestic - Adv. Reactor","100% Domestic","Reactor - Adv.","Fuel - Mod.","Nuclear - Large - PWR",2100,"Hafnium","installation_demand","kt",0.0010691492682028
"558","USA","100% Domestic - Adv. Reactor","100% Domestic","Reactor - Adv.","Fuel - Mod.","Nuclear - Large - PWR",2100,"Zirconium","installation_demand","kt",0.05345746341014
"559","USA","100% Domestic - Adv. Reactor","100% Domestic","Reactor - Adv.","Fuel - Mod.","Nuclear - SMR - BWR",2035,"Copper","installation_demand","kt",0.120075057835871
"560","USA","100% Domestic - Adv. Reactor","100% Domestic","Reactor - Adv.","Fuel - Mod.","Nuclear - SMR - BWR",2035,"Zirconium","installation_demand","kt",0.00294061366128664
"561","USA","100% Domestic - Adv. Reactor","100% Domestic","Reactor - Adv.","Fuel - Mod.","Nuclear - SMR - BWR",2040,"Copper","installation_demand","kt",0.257121805738529
"562","USA","100% Domestic - Adv. Reactor","100% Domestic","Reactor - Adv.","Fuel - Mod.","Nuclear - SMR - BWR",2040,"Zirconium","installation_demand","kt",0.00629686054869866
"563","USA","100% Domestic - Adv. Reactor","100% Domestic","Reactor - Adv.","Fuel - Mod.","Nuclear - SMR - BWR",2045,"Copper","installation_demand","kt",0.514477019798718
"564","USA","100% Domestic - Adv. Reactor","100% Domestic","Reactor - Adv.","Fuel - Mod.","Nuclear - SMR - BWR",2045,"Zirconium","installation_demand","kt",0.0125994372195604
"565","USA","100% Domestic - Adv. Reactor","100% Domestic","Reactor - Adv.","Fuel - Mod.","Nuclear - SMR - BWR",2050,"Copper","installation_demand","kt",1.4022631018999
"566","USA","100% Domestic - Adv. Reactor","100% Domestic","Reactor - Adv.","Fuel - Mod.","Nuclear - SMR - BWR",2050,"Zirconium","installation_demand","kt",0.0343411371893852
"567","USA","100% Domestic - Adv. Reactor","100% Domestic","Reactor - Adv.","Fuel - Mod.","Nuclear - SMR - BWR",2055,"Copper","installation_demand","kt",1.94090539613381
"568","USA","100% Domestic - Adv. Reactor","100% Domestic","Reactor - Adv.","Fuel - Mod.","Nuclear - SMR - BWR",2055,"Zirconium","installation_demand","kt",0.0475323770481749
"569","USA","100% Domestic - Adv. Reactor","100% Domestic","Reactor - Adv.","Fuel - Mod.","Nuclear - SMR - BWR",2060,"Copper","installation_demand","kt",2.19817546123545
"570","USA","100% Domestic - Adv. Reactor","100% Domestic","Reactor - Adv.","Fuel - Mod.","Nuclear - SMR - BWR",2060,"Zirconium","installation_demand","kt",0.0538328684384192
"571","USA","100% Domestic - Adv. Reactor","100% Domestic","Reactor - Adv.","Fuel - Mod.","Nuclear - SMR - BWR",2065,"Copper","installation_demand","kt",2.73019617175189
"572","USA","100% Domestic - Adv. Reactor","100% Domestic","Reactor - Adv.","Fuel - Mod.","Nuclear - SMR - BWR",2065,"Zirconium","installation_demand","kt",0.0668619470633116
"573","USA","100% Domestic - Adv. Reactor","100% Domestic","Reactor - Adv.","Fuel - Mod.","Nuclear - SMR - BWR",2070,"Copper","installation_demand","kt",2.57004600701472
"574","USA","100% Domestic - Adv. Reactor","100% Domestic","Reactor - Adv.","Fuel - Mod.","Nuclear - SMR - BWR",2070,"Zirconium","installation_demand","kt",0.0629399022126054
"575","USA","100% Domestic - Adv. Reactor","100% Domestic","Reactor - Adv.","Fuel - Mod.","Nuclear - SMR - BWR",2075,"Copper","installation_demand","kt",2.35291616272385
"576","USA","100% Domestic - Adv. Reactor","100% Domestic","Reactor - Adv.","Fuel - Mod.","Nuclear - SMR - BWR",2075,"Zirconium","installation_demand","kt",0.0576224366381351
"577","USA","100% Domestic - Adv. Reactor","100% Domestic","Reactor - Adv.","Fuel - Mod.","Nuclear - SMR - BWR",2080,"Copper","installation_demand","kt",2.78030382947475
"578","USA","100% Domestic - Adv. Reactor","100% Domestic","Reactor - Adv.","Fuel - Mod.","Nuclear - SMR - BWR",2080,"Zirconium","installation_demand","kt",0.0680890733748917
"579","USA","100% Domestic - Adv. Reactor","100% Domestic","Reactor - Adv.","Fuel - Mod.","Nuclear - SMR - BWR",2085,"Copper","installation_demand","kt",1.97267096643352
"580","USA","100% Domestic - Adv. Reactor","100% Domestic","Reactor - Adv.","Fuel - Mod.","Nuclear - SMR - BWR",2085,"Zirconium","installation_demand","kt",0.0483103093820455
"581","USA","100% Domestic - Adv. Reactor","100% Domestic","Reactor - Adv.","Fuel - Mod.","Nuclear - SMR - BWR",2090,"Copper","installation_demand","kt",1.58005412734277
"582","USA","100% Domestic - Adv. Reactor","100% Domestic","Reactor - Adv.","Fuel - Mod.","Nuclear - SMR - BWR",2090,"Zirconium","installation_demand","kt",0.0386952031185985
"583","USA","100% Domestic - Adv. Reactor","100% Domestic","Reactor - Adv.","Fuel - Mod.","Nuclear - SMR - BWR",2095,"Copper","installation_demand","kt",1.71589176003408
"584","USA","100% Domestic - Adv. Reactor","100% Domestic","Reactor - Adv.","Fuel - Mod.","Nuclear - SMR - BWR",2095,"Zirconium","installation_demand","kt",0.0420218390212429
"585","USA","100% Domestic - Adv. Reactor","100% Domestic","Reactor - Adv.","Fuel - Mod.","Nuclear - SMR - BWR",2100,"Copper","installation_demand","kt",1.58311948985041
"586","USA","100% Domestic - Adv. Reactor","100% Domestic","Reactor - Adv.","Fuel - Mod.","Nuclear - SMR - BWR",2100,"Zirconium","installation_demand","kt",0.0387702732208263
"587","USA","100% Domestic - Adv. Reactor","100% Domestic","Reactor - Adv.","Fuel - Mod.","Nuclear - SMR - HTGR",2035,"Copper","installation_demand","kt",0.0679232458633076
"588","USA","100% Domestic - Adv. Reactor","100% Domestic","Reactor - Adv.","Fuel - Mod.","Nuclear - SMR - HTGR",2035,"Graphite","installation_demand","kt",0.414331799766176
"589","USA","100% Domestic - Adv. Reactor","100% Domestic","Reactor - Adv.","Fuel - Mod.","Nuclear - SMR - HTGR",2035,"Silicon carbide","installation_demand","kt",0.000679232458633076
"590","USA","100% Domestic - Adv. Reactor","100% Domestic","Reactor - Adv.","Fuel - Mod.","Nuclear - SMR - HTGR",2040,"Copper","installation_demand","kt",0.110274545592821
"591","USA","100% Domestic - Adv. Reactor","100% Domestic","Reactor - Adv.","Fuel - Mod.","Nuclear - SMR - HTGR",2040,"Graphite","installation_demand","kt",0.672674728116207
"592","USA","100% Domestic - Adv. Reactor","100% Domestic","Reactor - Adv.","Fuel - Mod.","Nuclear - SMR - HTGR",2040,"Silicon carbide","installation_demand","kt",0.00110274545592821
"593","USA","100% Domestic - Adv. Reactor","100% Domestic","Reactor - Adv.","Fuel - Mod.","Nuclear - SMR - HTGR",2045,"Copper","installation_demand","kt",0.181899164552083
"594","USA","100% Domestic - Adv. Reactor","100% Domestic","Reactor - Adv.","Fuel - Mod.","Nuclear - SMR - HTGR",2045,"Graphite","installation_demand","kt",1.10958490376771
"595","USA","100% Domestic - Adv. Reactor","100% Domestic","Reactor - Adv.","Fuel - Mod.","Nuclear - SMR - HTGR",2045,"Silicon carbide","installation_demand","kt",0.00181899164552083
"596","USA","100% Domestic - Adv. Reactor","100% Domestic","Reactor - Adv.","Fuel - Mod.","Nuclear - SMR - HTGR",2050,"Copper","installation_demand","kt",0.430626121179064
"597","USA","100% Domestic - Adv. Reactor","100% Domestic","Reactor - Adv.","Fuel - Mod.","Nuclear - SMR - HTGR",2050,"Graphite","installation_demand","kt",2.62681933919229
"598","USA","100% Domestic - Adv. Reactor","100% Domestic","Reactor - Adv.","Fuel - Mod.","Nuclear - SMR - HTGR",2050,"Silicon carbide","installation_demand","kt",0.00430626121179064
"599","USA","100% Domestic - Adv. Reactor","100% Domestic","Reactor - Adv.","Fuel - Mod.","Nuclear - SMR - HTGR",2055,"Copper","installation_demand","kt",0.529462970731656
"600","USA","100% Domestic - Adv. Reactor","100% Domestic","Reactor - Adv.","Fuel - Mod.","Nuclear - SMR - HTGR",2055,"Graphite","installation_demand","kt",3.2297241214631
"601","USA","100% Domestic - Adv. Reactor","100% Domestic","Reactor - Adv.","Fuel - Mod.","Nuclear - SMR - HTGR",2055,"Silicon carbide","installation_demand","kt",0.00529462970731656
"602","USA","100% Domestic - Adv. Reactor","100% Domestic","Reactor - Adv.","Fuel - Mod.","Nuclear - SMR - HTGR",2060,"Copper","installation_demand","kt",0.564077947516894
"603","USA","100% Domestic - Adv. Reactor","100% Domestic","Reactor - Adv.","Fuel - Mod.","Nuclear - SMR - HTGR",2060,"Graphite","installation_demand","kt",3.44087547985305
"604","USA","100% Domestic - Adv. Reactor","100% Domestic","Reactor - Adv.","Fuel - Mod.","Nuclear - SMR - HTGR",2060,"Silicon carbide","installation_demand","kt",0.00564077947516894
"605","USA","100% Domestic - Adv. Reactor","100% Domestic","Reactor - Adv.","Fuel - Mod.","Nuclear - SMR - HTGR",2065,"Copper","installation_demand","kt",0.678786099546662
"606","USA","100% Domestic - Adv. Reactor","100% Domestic","Reactor - Adv.","Fuel - Mod.","Nuclear - SMR - HTGR",2065,"Graphite","installation_demand","kt",4.14059520723464
"607","USA","100% Domestic - Adv. Reactor","100% Domestic","Reactor - Adv.","Fuel - Mod.","Nuclear - SMR - HTGR",2065,"Silicon carbide","installation_demand","kt",0.00678786099546662
"608","USA","100% Domestic - Adv. Reactor","100% Domestic","Reactor - Adv.","Fuel - Mod.","Nuclear - SMR - HTGR",2070,"Copper","installation_demand","kt",0.784460761424544
"609","USA","100% Domestic - Adv. Reactor","100% Domestic","Reactor - Adv.","Fuel - Mod.","Nuclear - SMR - HTGR",2070,"Graphite","installation_demand","kt",4.78521064468972
"610","USA","100% Domestic - Adv. Reactor","100% Domestic","Reactor - Adv.","Fuel - Mod.","Nuclear - SMR - HTGR",2070,"Silicon carbide","installation_demand","kt",0.00784460761424544
"611","USA","100% Domestic - Adv. Reactor","100% Domestic","Reactor - Adv.","Fuel - Mod.","Nuclear - SMR - HTGR",2075,"Copper","installation_demand","kt",0.855701034544514
"612","USA","100% Domestic - Adv. Reactor","100% Domestic","Reactor - Adv.","Fuel - Mod.","Nuclear - SMR - HTGR",2075,"Graphite","installation_demand","kt",5.21977631072153
"613","USA","100% Domestic - Adv. Reactor","100% Domestic","Reactor - Adv.","Fuel - Mod.","Nuclear - SMR - HTGR",2075,"Silicon carbide","installation_demand","kt",0.00855701034544514
"614","USA","100% Domestic - Adv. Reactor","100% Domestic","Reactor - Adv.","Fuel - Mod.","Nuclear - SMR - HTGR",2080,"Copper","installation_demand","kt",1.16918140605702
"615","USA","100% Domestic - Adv. Reactor","100% Domestic","Reactor - Adv.","Fuel - Mod.","Nuclear - SMR - HTGR",2080,"Graphite","installation_demand","kt",7.13200657694781
"616","USA","100% Domestic - Adv. Reactor","100% Domestic","Reactor - Adv.","Fuel - Mod.","Nuclear - SMR - HTGR",2080,"Silicon carbide","installation_demand","kt",0.0116918140605702
"617","USA","100% Domestic - Adv. Reactor","100% Domestic","Reactor - Adv.","Fuel - Mod.","Nuclear - SMR - HTGR",2085,"Copper","installation_demand","kt",0.889338110125168
"618","USA","100% Domestic - Adv. Reactor","100% Domestic","Reactor - Adv.","Fuel - Mod.","Nuclear - SMR - HTGR",2085,"Graphite","installation_demand","kt",5.42496247176352
"619","USA","100% Domestic - Adv. Reactor","100% Domestic","Reactor - Adv.","Fuel - Mod.","Nuclear - SMR - HTGR",2085,"Silicon carbide","installation_demand","kt",0.00889338110125168
"620","USA","100% Domestic - Adv. Reactor","100% Domestic","Reactor - Adv.","Fuel - Mod.","Nuclear - SMR - HTGR",2090,"Copper","installation_demand","kt",0.713438556865874
"621","USA","100% Domestic - Adv. Reactor","100% Domestic","Reactor - Adv.","Fuel - Mod.","Nuclear - SMR - HTGR",2090,"Graphite","installation_demand","kt",4.35197519688183
"622","USA","100% Domestic - Adv. Reactor","100% Domestic","Reactor - Adv.","Fuel - Mod.","Nuclear - SMR - HTGR",2090,"Silicon carbide","installation_demand","kt",0.00713438556865874
"623","USA","100% Domestic - Adv. Reactor","100% Domestic","Reactor - Adv.","Fuel - Mod.","Nuclear - SMR - HTGR",2095,"Copper","installation_demand","kt",0.775983346103974
"624","USA","100% Domestic - Adv. Reactor","100% Domestic","Reactor - Adv.","Fuel - Mod.","Nuclear - SMR - HTGR",2095,"Graphite","installation_demand","kt",4.73349841123424
"625","USA","100% Domestic - Adv. Reactor","100% Domestic","Reactor - Adv.","Fuel - Mod.","Nuclear - SMR - HTGR",2095,"Silicon carbide","installation_demand","kt",0.00775983346103974
"626","USA","100% Domestic - Adv. Reactor","100% Domestic","Reactor - Adv.","Fuel - Mod.","Nuclear - SMR - HTGR",2100,"Copper","installation_demand","kt",0.716852692778742
"627","USA","100% Domestic - Adv. Reactor","100% Domestic","Reactor - Adv.","Fuel - Mod.","Nuclear - SMR - HTGR",2100,"Graphite","installation_demand","kt",4.37280142595033
"628","USA","100% Domestic - Adv. Reactor","100% Domestic","Reactor - Adv.","Fuel - Mod.","Nuclear - SMR - HTGR",2100,"Silicon carbide","installation_demand","kt",0.00716852692778742
"629","USA","100% Domestic - Adv. Reactor","100% Domestic","Reactor - Adv.","Fuel - Mod.","Nuclear - SMR - MSR",2035,"Copper","installation_demand","kt",0.0319301439170728
"630","USA","100% Domestic - Adv. Reactor","100% Domestic","Reactor - Adv.","Fuel - Mod.","Nuclear - SMR - MSR",2035,"Fluorine","installation_demand","kt",0.00143366346187657
"631","USA","100% Domestic - Adv. Reactor","100% Domestic","Reactor - Adv.","Fuel - Mod.","Nuclear - SMR - MSR",2040,"Copper","installation_demand","kt",0.045196208550959
"632","USA","100% Domestic - Adv. Reactor","100% Domestic","Reactor - Adv.","Fuel - Mod.","Nuclear - SMR - MSR",2040,"Fluorine","installation_demand","kt",0.00202930976393806
"633","USA","100% Domestic - Adv. Reactor","100% Domestic","Reactor - Adv.","Fuel - Mod.","Nuclear - SMR - MSR",2045,"Copper","installation_demand","kt",0.050986201439198
"634","USA","100% Domestic - Adv. Reactor","100% Domestic","Reactor - Adv.","Fuel - Mod.","Nuclear - SMR - MSR",2045,"Fluorine","installation_demand","kt",0.00228928044461999
"635","USA","100% Domestic - Adv. Reactor","100% Domestic","Reactor - Adv.","Fuel - Mod.","Nuclear - SMR - MSR",2050,"Copper","installation_demand","kt",0.0932433909552248
"636","USA","100% Domestic - Adv. Reactor","100% Domestic","Reactor - Adv.","Fuel - Mod.","Nuclear - SMR - MSR",2050,"Fluorine","installation_demand","kt",0.00418662825388959
"637","USA","100% Domestic - Adv. Reactor","100% Domestic","Reactor - Adv.","Fuel - Mod.","Nuclear - SMR - MSR",2055,"Copper","installation_demand","kt",0.0891375688244824
"638","USA","100% Domestic - Adv. Reactor","100% Domestic","Reactor - Adv.","Fuel - Mod.","Nuclear - SMR - MSR",2055,"Fluorine","installation_demand","kt",0.00400227684021926
"639","USA","100% Domestic - Adv. Reactor","100% Domestic","Reactor - Adv.","Fuel - Mod.","Nuclear - SMR - MSR",2060,"Copper","installation_demand","kt",0.0808346083529526
"640","USA","100% Domestic - Adv. Reactor","100% Domestic","Reactor - Adv.","Fuel - Mod.","Nuclear - SMR - MSR",2060,"Fluorine","installation_demand","kt",0.00362947391504757
"641","USA","100% Domestic - Adv. Reactor","100% Domestic","Reactor - Adv.","Fuel - Mod.","Nuclear - SMR - MSR",2065,"Copper","installation_demand","kt",0.0875797415396894
"642","USA","100% Domestic - Adv. Reactor","100% Domestic","Reactor - Adv.","Fuel - Mod.","Nuclear - SMR - MSR",2065,"Fluorine","installation_demand","kt",0.00393233039513205
"643","USA","100% Domestic - Adv. Reactor","100% Domestic","Reactor - Adv.","Fuel - Mod.","Nuclear - SMR - MSR",2070,"Copper","installation_demand","kt",0.0930900614980602
"644","USA","100% Domestic - Adv. Reactor","100% Domestic","Reactor - Adv.","Fuel - Mod.","Nuclear - SMR - MSR",2070,"Fluorine","installation_demand","kt",0.0041797437612629
"645","USA","100% Domestic - Adv. Reactor","100% Domestic","Reactor - Adv.","Fuel - Mod.","Nuclear - SMR - MSR",2075,"Copper","installation_demand","kt",0.0949947540881722
"646","USA","100% Domestic - Adv. Reactor","100% Domestic","Reactor - Adv.","Fuel - Mod.","Nuclear - SMR - MSR",2075,"Fluorine","installation_demand","kt",0.00426526445855893
"647","USA","100% Domestic - Adv. Reactor","100% Domestic","Reactor - Adv.","Fuel - Mod.","Nuclear - SMR - MSR",2080,"Copper","installation_demand","kt",0.123131731674268
"648","USA","100% Domestic - Adv. Reactor","100% Domestic","Reactor - Adv.","Fuel - Mod.","Nuclear - SMR - MSR",2080,"Fluorine","installation_demand","kt",0.00552861475217462
"649","USA","100% Domestic - Adv. Reactor","100% Domestic","Reactor - Adv.","Fuel - Mod.","Nuclear - SMR - MSR",2085,"Copper","installation_demand","kt",0.0966234536553878
"650","USA","100% Domestic - Adv. Reactor","100% Domestic","Reactor - Adv.","Fuel - Mod.","Nuclear - SMR - MSR",2085,"Fluorine","installation_demand","kt",0.00433839306912691
"651","USA","100% Domestic - Adv. Reactor","100% Domestic","Reactor - Adv.","Fuel - Mod.","Nuclear - SMR - MSR",2090,"Copper","installation_demand","kt",0.082962821218398
"652","USA","100% Domestic - Adv. Reactor","100% Domestic","Reactor - Adv.","Fuel - Mod.","Nuclear - SMR - MSR",2090,"Fluorine","installation_demand","kt",0.00372503067270607
"653","USA","100% Domestic - Adv. Reactor","100% Domestic","Reactor - Adv.","Fuel - Mod.","Nuclear - SMR - MSR",2095,"Copper","installation_demand","kt",0.0951330913317474
"654","USA","100% Domestic - Adv. Reactor","100% Domestic","Reactor - Adv.","Fuel - Mod.","Nuclear - SMR - MSR",2095,"Fluorine","installation_demand","kt",0.00427147580079546
"655","USA","100% Domestic - Adv. Reactor","100% Domestic","Reactor - Adv.","Fuel - Mod.","Nuclear - SMR - MSR",2100,"Copper","installation_demand","kt",0.0927615957276008
"656","USA","100% Domestic - Adv. Reactor","100% Domestic","Reactor - Adv.","Fuel - Mod.","Nuclear - SMR - MSR",2100,"Fluorine","installation_demand","kt",0.00416499564816928
"657","USA","100% Domestic - Adv. Reactor","100% Domestic","Reactor - Adv.","Fuel - Mod.","Nuclear - SMR - PWR modular",2035,"Zirconium","installation_demand","kt",0.00180932030482714
"658","USA","100% Domestic - Adv. Reactor","100% Domestic","Reactor - Adv.","Fuel - Mod.","Nuclear - SMR - PWR modular",2040,"Zirconium","installation_demand","kt",0.00251885543444573
"659","USA","100% Domestic - Adv. Reactor","100% Domestic","Reactor - Adv.","Fuel - Mod.","Nuclear - SMR - PWR modular",2045,"Zirconium","installation_demand","kt",0.00241403941752797
"660","USA","100% Domestic - Adv. Reactor","100% Domestic","Reactor - Adv.","Fuel - Mod.","Nuclear - SMR - PWR modular",2050,"Zirconium","installation_demand","kt",0.00439967633173789
"661","USA","100% Domestic - Adv. Reactor","100% Domestic","Reactor - Adv.","Fuel - Mod.","Nuclear - SMR - PWR modular",2055,"Zirconium","installation_demand","kt",0.00431843216336824
"662","USA","100% Domestic - Adv. Reactor","100% Domestic","Reactor - Adv.","Fuel - Mod.","Nuclear - SMR - PWR modular",2060,"Zirconium","installation_demand","kt",0.00403587663970522
"663","USA","100% Domestic - Adv. Reactor","100% Domestic","Reactor - Adv.","Fuel - Mod.","Nuclear - SMR - PWR modular",2065,"Zirconium","installation_demand","kt",0.0044915922303262
"664","USA","100% Domestic - Adv. Reactor","100% Domestic","Reactor - Adv.","Fuel - Mod.","Nuclear - SMR - PWR modular",2070,"Zirconium","installation_demand","kt",0.00490398713831626
"665","USA","100% Domestic - Adv. Reactor","100% Domestic","Reactor - Adv.","Fuel - Mod.","Nuclear - SMR - PWR modular",2075,"Zirconium","installation_demand","kt",0.0051386016517058
"666","USA","100% Domestic - Adv. Reactor","100% Domestic","Reactor - Adv.","Fuel - Mod.","Nuclear - SMR - PWR modular",2080,"Zirconium","installation_demand","kt",0.00683037755027772
"667","USA","100% Domestic - Adv. Reactor","100% Domestic","Reactor - Adv.","Fuel - Mod.","Nuclear - SMR - PWR modular",2085,"Zirconium","installation_demand","kt",0.00552075999074299
"668","USA","100% Domestic - Adv. Reactor","100% Domestic","Reactor - Adv.","Fuel - Mod.","Nuclear - SMR - PWR modular",2090,"Zirconium","installation_demand","kt",0.00484705079988911
"669","USA","100% Domestic - Adv. Reactor","100% Domestic","Reactor - Adv.","Fuel - Mod.","Nuclear - SMR - PWR modular",2095,"Zirconium","installation_demand","kt",0.00566102577815722
"670","USA","100% Domestic - Adv. Reactor","100% Domestic","Reactor - Adv.","Fuel - Mod.","Nuclear - SMR - PWR modular",2100,"Zirconium","installation_demand","kt",0.00562682308724569
"671","USA","100% Domestic - Adv. Reactor","100% Domestic","Reactor - Adv.","Fuel - Mod.","Nuclear - SMR - SFR",2035,"Copper","installation_demand","kt",0.063041099654334
"672","USA","100% Domestic - Adv. Reactor","100% Domestic","Reactor - Adv.","Fuel - Mod.","Nuclear - SMR - SFR",2040,"Copper","installation_demand","kt",0.0899171639311328
"673","USA","100% Domestic - Adv. Reactor","100% Domestic","Reactor - Adv.","Fuel - Mod.","Nuclear - SMR - SFR",2045,"Copper","installation_demand","kt",0.12127474158194
"674","USA","100% Domestic - Adv. Reactor","100% Domestic","Reactor - Adv.","Fuel - Mod.","Nuclear - SMR - SFR",2050,"Copper","installation_demand","kt",0.248834627979124
"675","USA","100% Domestic - Adv. Reactor","100% Domestic","Reactor - Adv.","Fuel - Mod.","Nuclear - SMR - SFR",2055,"Copper","installation_demand","kt",0.269613154549824
"676","USA","100% Domestic - Adv. Reactor","100% Domestic","Reactor - Adv.","Fuel - Mod.","Nuclear - SMR - SFR",2060,"Copper","installation_demand","kt",0.26554072416753
"677","USA","100% Domestic - Adv. Reactor","100% Domestic","Reactor - Adv.","Fuel - Mod.","Nuclear - SMR - SFR",2065,"Copper","installation_demand","kt",0.304464599431222
"678","USA","100% Domestic - Adv. Reactor","100% Domestic","Reactor - Adv.","Fuel - Mod.","Nuclear - SMR - SFR",2070,"Copper","installation_demand","kt",0.33950003966122
"679","USA","100% Domestic - Adv. Reactor","100% Domestic","Reactor - Adv.","Fuel - Mod.","Nuclear - SMR - SFR",2075,"Copper","installation_demand","kt",0.361223075688054
"680","USA","100% Domestic - Adv. Reactor","100% Domestic","Reactor - Adv.","Fuel - Mod.","Nuclear - SMR - SFR",2080,"Copper","installation_demand","kt",0.485188919609298
"681","USA","100% Domestic - Adv. Reactor","100% Domestic","Reactor - Adv.","Fuel - Mod.","Nuclear - SMR - SFR",2085,"Copper","installation_demand","kt",0.395502090596038
"682","USA","100% Domestic - Adv. Reactor","100% Domestic","Reactor - Adv.","Fuel - Mod.","Nuclear - SMR - SFR",2090,"Copper","installation_demand","kt",0.34875364276717
"683","USA","100% Domestic - Adv. Reactor","100% Domestic","Reactor - Adv.","Fuel - Mod.","Nuclear - SMR - SFR",2095,"Copper","installation_demand","kt",0.408370861569804
"684","USA","100% Domestic - Adv. Reactor","100% Domestic","Reactor - Adv.","Fuel - Mod.","Nuclear - SMR - SFR",2100,"Copper","installation_demand","kt",0.40659973597349
"685","USA","100% Domestic - Expensive U","100% Domestic","Reactor - Mod.","Fuel - Cons.","Nuclear - Large - PWR",2030,"Copper","installation_demand","kt",0.298938605795008
"686","USA","100% Domestic - Expensive U","100% Domestic","Reactor - Mod.","Fuel - Cons.","Nuclear - Large - PWR",2030,"Hafnium","installation_demand","kt",0.000149469302897504
"687","USA","100% Domestic - Expensive U","100% Domestic","Reactor - Mod.","Fuel - Cons.","Nuclear - Large - PWR",2030,"Zirconium","installation_demand","kt",0.0074734651448752
"688","USA","100% Domestic - Expensive U","100% Domestic","Reactor - Mod.","Fuel - Cons.","Nuclear - Large - PWR",2035,"Copper","installation_demand","kt",0.453115804491722
"689","USA","100% Domestic - Expensive U","100% Domestic","Reactor - Mod.","Fuel - Cons.","Nuclear - Large - PWR",2035,"Hafnium","installation_demand","kt",0.000226557902245861
"690","USA","100% Domestic - Expensive U","100% Domestic","Reactor - Mod.","Fuel - Cons.","Nuclear - Large - PWR",2035,"Zirconium","installation_demand","kt",0.011327895112293
"691","USA","100% Domestic - Expensive U","100% Domestic","Reactor - Mod.","Fuel - Cons.","Nuclear - Large - PWR",2040,"Copper","installation_demand","kt",0.763015081349114
"692","USA","100% Domestic - Expensive U","100% Domestic","Reactor - Mod.","Fuel - Cons.","Nuclear - Large - PWR",2040,"Hafnium","installation_demand","kt",0.000381507540674557
"693","USA","100% Domestic - Expensive U","100% Domestic","Reactor - Mod.","Fuel - Cons.","Nuclear - Large - PWR",2040,"Zirconium","installation_demand","kt",0.0190753770337279
"694","USA","100% Domestic - Expensive U","100% Domestic","Reactor - Mod.","Fuel - Cons.","Nuclear - Large - PWR",2045,"Copper","installation_demand","kt",0.799146316099648
"695","USA","100% Domestic - Expensive U","100% Domestic","Reactor - Mod.","Fuel - Cons.","Nuclear - Large - PWR",2045,"Hafnium","installation_demand","kt",0.000399573158049824
"696","USA","100% Domestic - Expensive U","100% Domestic","Reactor - Mod.","Fuel - Cons.","Nuclear - Large - PWR",2045,"Zirconium","installation_demand","kt",0.0199786579024912
"697","USA","100% Domestic - Expensive U","100% Domestic","Reactor - Mod.","Fuel - Cons.","Nuclear - Large - PWR",2050,"Copper","installation_demand","kt",1.39655876906839
"698","USA","100% Domestic - Expensive U","100% Domestic","Reactor - Mod.","Fuel - Cons.","Nuclear - Large - PWR",2050,"Hafnium","installation_demand","kt",0.000698279384534196
"699","USA","100% Domestic - Expensive U","100% Domestic","Reactor - Mod.","Fuel - Cons.","Nuclear - Large - PWR",2050,"Zirconium","installation_demand","kt",0.0349139692267098
"700","USA","100% Domestic - Expensive U","100% Domestic","Reactor - Mod.","Fuel - Cons.","Nuclear - Large - PWR",2055,"Copper","installation_demand","kt",1.2998181035613
"701","USA","100% Domestic - Expensive U","100% Domestic","Reactor - Mod.","Fuel - Cons.","Nuclear - Large - PWR",2055,"Hafnium","installation_demand","kt",0.000649909051780652
"702","USA","100% Domestic - Expensive U","100% Domestic","Reactor - Mod.","Fuel - Cons.","Nuclear - Large - PWR",2055,"Zirconium","installation_demand","kt",0.0324954525890326
"703","USA","100% Domestic - Expensive U","100% Domestic","Reactor - Mod.","Fuel - Cons.","Nuclear - Large - PWR",2060,"Copper","installation_demand","kt",1.21997775155503
"704","USA","100% Domestic - Expensive U","100% Domestic","Reactor - Mod.","Fuel - Cons.","Nuclear - Large - PWR",2060,"Hafnium","installation_demand","kt",0.000609988875777517
"705","USA","100% Domestic - Expensive U","100% Domestic","Reactor - Mod.","Fuel - Cons.","Nuclear - Large - PWR",2060,"Zirconium","installation_demand","kt",0.0304994437888759
"706","USA","100% Domestic - Expensive U","100% Domestic","Reactor - Mod.","Fuel - Cons.","Nuclear - Large - PWR",2065,"Copper","installation_demand","kt",1.33690338826753
"707","USA","100% Domestic - Expensive U","100% Domestic","Reactor - Mod.","Fuel - Cons.","Nuclear - Large - PWR",2065,"Hafnium","installation_demand","kt",0.000668451694133765
"708","USA","100% Domestic - Expensive U","100% Domestic","Reactor - Mod.","Fuel - Cons.","Nuclear - Large - PWR",2065,"Zirconium","installation_demand","kt",0.0334225847066883
"709","USA","100% Domestic - Expensive U","100% Domestic","Reactor - Mod.","Fuel - Cons.","Nuclear - Large - PWR",2070,"Copper","installation_demand","kt",1.41350678506699
"710","USA","100% Domestic - Expensive U","100% Domestic","Reactor - Mod.","Fuel - Cons.","Nuclear - Large - PWR",2070,"Hafnium","installation_demand","kt",0.000706753392533496
"711","USA","100% Domestic - Expensive U","100% Domestic","Reactor - Mod.","Fuel - Cons.","Nuclear - Large - PWR",2070,"Zirconium","installation_demand","kt",0.0353376696266748
"712","USA","100% Domestic - Expensive U","100% Domestic","Reactor - Mod.","Fuel - Cons.","Nuclear - Large - PWR",2075,"Copper","installation_demand","kt",1.4227951428499
"713","USA","100% Domestic - Expensive U","100% Domestic","Reactor - Mod.","Fuel - Cons.","Nuclear - Large - PWR",2075,"Hafnium","installation_demand","kt",0.00071139757142495
"714","USA","100% Domestic - Expensive U","100% Domestic","Reactor - Mod.","Fuel - Cons.","Nuclear - Large - PWR",2075,"Zirconium","installation_demand","kt",0.0355698785712475
"715","USA","100% Domestic - Expensive U","100% Domestic","Reactor - Mod.","Fuel - Cons.","Nuclear - Large - PWR",2080,"Copper","installation_demand","kt",1.86792077896271
"716","USA","100% Domestic - Expensive U","100% Domestic","Reactor - Mod.","Fuel - Cons.","Nuclear - Large - PWR",2080,"Hafnium","installation_demand","kt",0.000933960389481354
"717","USA","100% Domestic - Expensive U","100% Domestic","Reactor - Mod.","Fuel - Cons.","Nuclear - Large - PWR",2080,"Zirconium","installation_demand","kt",0.0466980194740677
"718","USA","100% Domestic - Expensive U","100% Domestic","Reactor - Mod.","Fuel - Cons.","Nuclear - Large - PWR",2085,"Copper","installation_demand","kt",1.45782240550885
"719","USA","100% Domestic - Expensive U","100% Domestic","Reactor - Mod.","Fuel - Cons.","Nuclear - Large - PWR",2085,"Hafnium","installation_demand","kt",0.000728911202754424
"720","USA","100% Domestic - Expensive U","100% Domestic","Reactor - Mod.","Fuel - Cons.","Nuclear - Large - PWR",2085,"Zirconium","installation_demand","kt",0.0364455601377212
"721","USA","100% Domestic - Expensive U","100% Domestic","Reactor - Mod.","Fuel - Cons.","Nuclear - Large - PWR",2090,"Copper","installation_demand","kt",1.27857004811955
"722","USA","100% Domestic - Expensive U","100% Domestic","Reactor - Mod.","Fuel - Cons.","Nuclear - Large - PWR",2090,"Hafnium","installation_demand","kt",0.000639285024059777
"723","USA","100% Domestic - Expensive U","100% Domestic","Reactor - Mod.","Fuel - Cons.","Nuclear - Large - PWR",2090,"Zirconium","installation_demand","kt",0.0319642512029889
"724","USA","100% Domestic - Expensive U","100% Domestic","Reactor - Mod.","Fuel - Cons.","Nuclear - Large - PWR",2095,"Copper","installation_demand","kt",1.45970324685007
"725","USA","100% Domestic - Expensive U","100% Domestic","Reactor - Mod.","Fuel - Cons.","Nuclear - Large - PWR",2095,"Hafnium","installation_demand","kt",0.000729851623425034
"726","USA","100% Domestic - Expensive U","100% Domestic","Reactor - Mod.","Fuel - Cons.","Nuclear - Large - PWR",2095,"Zirconium","installation_demand","kt",0.0364925811712517
"727","USA","100% Domestic - Expensive U","100% Domestic","Reactor - Mod.","Fuel - Cons.","Nuclear - Large - PWR",2100,"Copper","installation_demand","kt",1.37393415583343
"728","USA","100% Domestic - Expensive U","100% Domestic","Reactor - Mod.","Fuel - Cons.","Nuclear - Large - PWR",2100,"Hafnium","installation_demand","kt",0.000686967077916715
"729","USA","100% Domestic - Expensive U","100% Domestic","Reactor - Mod.","Fuel - Cons.","Nuclear - Large - PWR",2100,"Zirconium","installation_demand","kt",0.0343483538958357
"730","USA","100% Domestic - Expensive U","100% Domestic","Reactor - Mod.","Fuel - Cons.","Nuclear - SMR - BWR",2035,"Copper","installation_demand","kt",0.121156950485625
"731","USA","100% Domestic - Expensive U","100% Domestic","Reactor - Mod.","Fuel - Cons.","Nuclear - SMR - BWR",2035,"Zirconium","installation_demand","kt",0.0029671089914847
"732","USA","100% Domestic - Expensive U","100% Domestic","Reactor - Mod.","Fuel - Cons.","Nuclear - SMR - BWR",2040,"Copper","installation_demand","kt",0.226025406077734
"733","USA","100% Domestic - Expensive U","100% Domestic","Reactor - Mod.","Fuel - Cons.","Nuclear - SMR - BWR",2040,"Zirconium","installation_demand","kt",0.00553531606720982
"734","USA","100% Domestic - Expensive U","100% Domestic","Reactor - Mod.","Fuel - Cons.","Nuclear - SMR - BWR",2045,"Copper","installation_demand","kt",0.335390728433495
"735","USA","100% Domestic - Expensive U","100% Domestic","Reactor - Mod.","Fuel - Cons.","Nuclear - SMR - BWR",2045,"Zirconium","installation_demand","kt",0.00821365049224886
"736","USA","100% Domestic - Expensive U","100% Domestic","Reactor - Mod.","Fuel - Cons.","Nuclear - SMR - BWR",2050,"Copper","installation_demand","kt",0.72313704709545
"737","USA","100% Domestic - Expensive U","100% Domestic","Reactor - Mod.","Fuel - Cons.","Nuclear - SMR - BWR",2050,"Zirconium","installation_demand","kt",0.0177094787043784
"738","USA","100% Domestic - Expensive U","100% Domestic","Reactor - Mod.","Fuel - Cons.","Nuclear - SMR - BWR",2055,"Copper","installation_demand","kt",0.791084914262256
"739","USA","100% Domestic - Expensive U","100% Domestic","Reactor - Mod.","Fuel - Cons.","Nuclear - SMR - BWR",2055,"Zirconium","installation_demand","kt",0.0193735081043818
"740","USA","100% Domestic - Expensive U","100% Domestic","Reactor - Mod.","Fuel - Cons.","Nuclear - SMR - BWR",2060,"Copper","installation_demand","kt",0.813057352576792
"741","USA","100% Domestic - Expensive U","100% Domestic","Reactor - Mod.","Fuel - Cons.","Nuclear - SMR - BWR",2060,"Zirconium","installation_demand","kt",0.0199116086345337
"742","USA","100% Domestic - Expensive U","100% Domestic","Reactor - Mod.","Fuel - Cons.","Nuclear - SMR - BWR",2065,"Copper","installation_demand","kt",0.944238839864349
"743","USA","100% Domestic - Expensive U","100% Domestic","Reactor - Mod.","Fuel - Cons.","Nuclear - SMR - BWR",2065,"Zirconium","installation_demand","kt",0.0231242164864739
"744","USA","100% Domestic - Expensive U","100% Domestic","Reactor - Mod.","Fuel - Cons.","Nuclear - SMR - BWR",2070,"Copper","installation_demand","kt",1.04538879034916
"745","USA","100% Domestic - Expensive U","100% Domestic","Reactor - Mod.","Fuel - Cons.","Nuclear - SMR - BWR",2070,"Zirconium","installation_demand","kt",0.0256013581309998
"746","USA","100% Domestic - Expensive U","100% Domestic","Reactor - Mod.","Fuel - Cons.","Nuclear - SMR - BWR",2075,"Copper","installation_demand","kt",1.08675114915317
"747","USA","100% Domestic - Expensive U","100% Domestic","Reactor - Mod.","Fuel - Cons.","Nuclear - SMR - BWR",2075,"Zirconium","installation_demand","kt",0.0266143138568124
"748","USA","100% Domestic - Expensive U","100% Domestic","Reactor - Mod.","Fuel - Cons.","Nuclear - SMR - BWR",2080,"Copper","installation_demand","kt",1.45873188770232
"749","USA","100% Domestic - Expensive U","100% Domestic","Reactor - Mod.","Fuel - Cons.","Nuclear - SMR - BWR",2080,"Zirconium","installation_demand","kt",0.0357240462294447
"750","USA","100% Domestic - Expensive U","100% Domestic","Reactor - Mod.","Fuel - Cons.","Nuclear - SMR - BWR",2085,"Copper","installation_demand","kt",1.16212300375269
"751","USA","100% Domestic - Expensive U","100% Domestic","Reactor - Mod.","Fuel - Cons.","Nuclear - SMR - BWR",2085,"Zirconium","installation_demand","kt",0.0284601551939433
"752","USA","100% Domestic - Expensive U","100% Domestic","Reactor - Mod.","Fuel - Cons.","Nuclear - SMR - BWR",2090,"Copper","installation_demand","kt",1.02842912131181
"753","USA","100% Domestic - Expensive U","100% Domestic","Reactor - Mod.","Fuel - Cons.","Nuclear - SMR - BWR",2090,"Zirconium","installation_demand","kt",0.0251860192974322
"754","USA","100% Domestic - Expensive U","100% Domestic","Reactor - Mod.","Fuel - Cons.","Nuclear - SMR - BWR",2095,"Copper","installation_demand","kt",1.17972379436026
"755","USA","100% Domestic - Expensive U","100% Domestic","Reactor - Mod.","Fuel - Cons.","Nuclear - SMR - BWR",2095,"Zirconium","installation_demand","kt",0.0288911949639247
"756","USA","100% Domestic - Expensive U","100% Domestic","Reactor - Mod.","Fuel - Cons.","Nuclear - SMR - BWR",2100,"Copper","installation_demand","kt",1.11671356503663
"757","USA","100% Domestic - Expensive U","100% Domestic","Reactor - Mod.","Fuel - Cons.","Nuclear - SMR - BWR",2100,"Zirconium","installation_demand","kt",0.0273480873070195
"758","USA","100% Domestic - Expensive U","100% Domestic","Reactor - Mod.","Fuel - Cons.","Nuclear - SMR - HTGR",2035,"Copper","installation_demand","kt",0.0612747443077972
"759","USA","100% Domestic - Expensive U","100% Domestic","Reactor - Mod.","Fuel - Cons.","Nuclear - SMR - HTGR",2035,"Graphite","installation_demand","kt",0.373775940277563
"760","USA","100% Domestic - Expensive U","100% Domestic","Reactor - Mod.","Fuel - Cons.","Nuclear - SMR - HTGR",2035,"Silicon carbide","installation_demand","kt",0.000612747443077972
"761","USA","100% Domestic - Expensive U","100% Domestic","Reactor - Mod.","Fuel - Cons.","Nuclear - SMR - HTGR",2040,"Copper","installation_demand","kt",0.0918784180543324
"762","USA","100% Domestic - Expensive U","100% Domestic","Reactor - Mod.","Fuel - Cons.","Nuclear - SMR - HTGR",2040,"Graphite","installation_demand","kt",0.560458350131428
"763","USA","100% Domestic - Expensive U","100% Domestic","Reactor - Mod.","Fuel - Cons.","Nuclear - SMR - HTGR",2040,"Silicon carbide","installation_demand","kt",0.000918784180543324
"764","USA","100% Domestic - Expensive U","100% Domestic","Reactor - Mod.","Fuel - Cons.","Nuclear - SMR - HTGR",2045,"Copper","installation_demand","kt",0.121768803166137
"765","USA","100% Domestic - Expensive U","100% Domestic","Reactor - Mod.","Fuel - Cons.","Nuclear - SMR - HTGR",2045,"Graphite","installation_demand","kt",0.742789699313438
"766","USA","100% Domestic - Expensive U","100% Domestic","Reactor - Mod.","Fuel - Cons.","Nuclear - SMR - HTGR",2045,"Silicon carbide","installation_demand","kt",0.00121768803166137
"767","USA","100% Domestic - Expensive U","100% Domestic","Reactor - Mod.","Fuel - Cons.","Nuclear - SMR - HTGR",2050,"Copper","installation_demand","kt",0.248346699573212
"768","USA","100% Domestic - Expensive U","100% Domestic","Reactor - Mod.","Fuel - Cons.","Nuclear - SMR - HTGR",2050,"Graphite","installation_demand","kt",1.51491486739659
"769","USA","100% Domestic - Expensive U","100% Domestic","Reactor - Mod.","Fuel - Cons.","Nuclear - SMR - HTGR",2050,"Silicon carbide","installation_demand","kt",0.00248346699573212
"770","USA","100% Domestic - Expensive U","100% Domestic","Reactor - Mod.","Fuel - Cons.","Nuclear - SMR - HTGR",2055,"Copper","installation_demand","kt",0.260140119954064
"771","USA","100% Domestic - Expensive U","100% Domestic","Reactor - Mod.","Fuel - Cons.","Nuclear - SMR - HTGR",2055,"Graphite","installation_demand","kt",1.58685473171979
"772","USA","100% Domestic - Expensive U","100% Domestic","Reactor - Mod.","Fuel - Cons.","Nuclear - SMR - HTGR",2055,"Silicon carbide","installation_demand","kt",0.00260140119954064
"773","USA","100% Domestic - Expensive U","100% Domestic","Reactor - Mod.","Fuel - Cons.","Nuclear - SMR - HTGR",2060,"Copper","installation_demand","kt",0.262621331303116
"774","USA","100% Domestic - Expensive U","100% Domestic","Reactor - Mod.","Fuel - Cons.","Nuclear - SMR - HTGR",2060,"Graphite","installation_demand","kt",1.60199012094901
"775","USA","100% Domestic - Expensive U","100% Domestic","Reactor - Mod.","Fuel - Cons.","Nuclear - SMR - HTGR",2060,"Silicon carbide","installation_demand","kt",0.00262621331303116
"776","USA","100% Domestic - Expensive U","100% Domestic","Reactor - Mod.","Fuel - Cons.","Nuclear - SMR - HTGR",2065,"Copper","installation_demand","kt",0.302876106254996
"777","USA","100% Domestic - Expensive U","100% Domestic","Reactor - Mod.","Fuel - Cons.","Nuclear - SMR - HTGR",2065,"Graphite","installation_demand","kt",1.84754424815548
"778","USA","100% Domestic - Expensive U","100% Domestic","Reactor - Mod.","Fuel - Cons.","Nuclear - SMR - HTGR",2065,"Silicon carbide","installation_demand","kt",0.00302876106254996
"779","USA","100% Domestic - Expensive U","100% Domestic","Reactor - Mod.","Fuel - Cons.","Nuclear - SMR - HTGR",2070,"Copper","installation_demand","kt",0.33453966135588
"780","USA","100% Domestic - Expensive U","100% Domestic","Reactor - Mod.","Fuel - Cons.","Nuclear - SMR - HTGR",2070,"Graphite","installation_demand","kt",2.04069193427087
"781","USA","100% Domestic - Expensive U","100% Domestic","Reactor - Mod.","Fuel - Cons.","Nuclear - SMR - HTGR",2070,"Silicon carbide","installation_demand","kt",0.0033453966135588
"782","USA","100% Domestic - Expensive U","100% Domestic","Reactor - Mod.","Fuel - Cons.","Nuclear - SMR - HTGR",2075,"Copper","installation_demand","kt",0.348394511105278
"783","USA","100% Domestic - Expensive U","100% Domestic","Reactor - Mod.","Fuel - Cons.","Nuclear - SMR - HTGR",2075,"Graphite","installation_demand","kt",2.1252065177422
"784","USA","100% Domestic - Expensive U","100% Domestic","Reactor - Mod.","Fuel - Cons.","Nuclear - SMR - HTGR",2075,"Silicon carbide","installation_demand","kt",0.00348394511105278
"785","USA","100% Domestic - Expensive U","100% Domestic","Reactor - Mod.","Fuel - Cons.","Nuclear - SMR - HTGR",2080,"Copper","installation_demand","kt",0.469761250361516
"786","USA","100% Domestic - Expensive U","100% Domestic","Reactor - Mod.","Fuel - Cons.","Nuclear - SMR - HTGR",2080,"Graphite","installation_demand","kt",2.86554362720525
"787","USA","100% Domestic - Expensive U","100% Domestic","Reactor - Mod.","Fuel - Cons.","Nuclear - SMR - HTGR",2080,"Silicon carbide","installation_demand","kt",0.00469761250361516
"788","USA","100% Domestic - Expensive U","100% Domestic","Reactor - Mod.","Fuel - Cons.","Nuclear - SMR - HTGR",2085,"Copper","installation_demand","kt",0.376443579802598
"789","USA","100% Domestic - Expensive U","100% Domestic","Reactor - Mod.","Fuel - Cons.","Nuclear - SMR - HTGR",2085,"Graphite","installation_demand","kt",2.29630583679585
"790","USA","100% Domestic - Expensive U","100% Domestic","Reactor - Mod.","Fuel - Cons.","Nuclear - SMR - HTGR",2085,"Silicon carbide","installation_demand","kt",0.00376443579802598
"791","USA","100% Domestic - Expensive U","100% Domestic","Reactor - Mod.","Fuel - Cons.","Nuclear - SMR - HTGR",2090,"Copper","installation_demand","kt",0.335970054825162
"792","USA","100% Domestic - Expensive U","100% Domestic","Reactor - Mod.","Fuel - Cons.","Nuclear - SMR - HTGR",2090,"Graphite","installation_demand","kt",2.04941733443349
"793","USA","100% Domestic - Expensive U","100% Domestic","Reactor - Mod.","Fuel - Cons.","Nuclear - SMR - HTGR",2090,"Silicon carbide","installation_demand","kt",0.00335970054825162
"794","USA","100% Domestic - Expensive U","100% Domestic","Reactor - Mod.","Fuel - Cons.","Nuclear - SMR - HTGR",2095,"Copper","installation_demand","kt",0.389182872568092
"795","USA","100% Domestic - Expensive U","100% Domestic","Reactor - Mod.","Fuel - Cons.","Nuclear - SMR - HTGR",2095,"Graphite","installation_demand","kt",2.37401552266536
"796","USA","100% Domestic - Expensive U","100% Domestic","Reactor - Mod.","Fuel - Cons.","Nuclear - SMR - HTGR",2095,"Silicon carbide","installation_demand","kt",0.00389182872568092
"797","USA","100% Domestic - Expensive U","100% Domestic","Reactor - Mod.","Fuel - Cons.","Nuclear - SMR - HTGR",2100,"Copper","installation_demand","kt",0.372205553606568
"798","USA","100% Domestic - Expensive U","100% Domestic","Reactor - Mod.","Fuel - Cons.","Nuclear - SMR - HTGR",2100,"Graphite","installation_demand","kt",2.27045387700006
"799","USA","100% Domestic - Expensive U","100% Domestic","Reactor - Mod.","Fuel - Cons.","Nuclear - SMR - HTGR",2100,"Silicon carbide","installation_demand","kt",0.00372205553606568
"800","USA","100% Domestic - Expensive U","100% Domestic","Reactor - Mod.","Fuel - Cons.","Nuclear - SMR - MSR",2035,"Copper","installation_demand","kt",0.0193090851996595
"801","USA","100% Domestic - Expensive U","100% Domestic","Reactor - Mod.","Fuel - Cons.","Nuclear - SMR - MSR",2035,"Fluorine","installation_demand","kt",0.000866977925464711
"802","USA","100% Domestic - Expensive U","100% Domestic","Reactor - Mod.","Fuel - Cons.","Nuclear - SMR - MSR",2040,"Copper","installation_demand","kt",0.0274587843604498
"803","USA","100% Domestic - Expensive U","100% Domestic","Reactor - Mod.","Fuel - Cons.","Nuclear - SMR - MSR",2040,"Fluorine","installation_demand","kt",0.0012328994177842
"804","USA","100% Domestic - Expensive U","100% Domestic","Reactor - Mod.","Fuel - Cons.","Nuclear - SMR - MSR",2045,"Copper","installation_demand","kt",0.0238782348767408
"805","USA","100% Domestic - Expensive U","100% Domestic","Reactor - Mod.","Fuel - Cons.","Nuclear - SMR - MSR",2045,"Fluorine","installation_demand","kt",0.00107213274596566
"806","USA","100% Domestic - Expensive U","100% Domestic","Reactor - Mod.","Fuel - Cons.","Nuclear - SMR - MSR",2050,"Copper","installation_demand","kt",0.0426861712639608
"807","USA","100% Domestic - Expensive U","100% Domestic","Reactor - Mod.","Fuel - Cons.","Nuclear - SMR - MSR",2050,"Fluorine","installation_demand","kt",0.00191660908975184
"808","USA","100% Domestic - Expensive U","100% Domestic","Reactor - Mod.","Fuel - Cons.","Nuclear - SMR - MSR",2055,"Copper","installation_demand","kt",0.0402643835978642
"809","USA","100% Domestic - Expensive U","100% Domestic","Reactor - Mod.","Fuel - Cons.","Nuclear - SMR - MSR",2055,"Fluorine","installation_demand","kt",0.0018078708235441
"810","USA","100% Domestic - Expensive U","100% Domestic","Reactor - Mod.","Fuel - Cons.","Nuclear - SMR - MSR",2060,"Copper","installation_demand","kt",0.0386822961856264
"811","USA","100% Domestic - Expensive U","100% Domestic","Reactor - Mod.","Fuel - Cons.","Nuclear - SMR - MSR",2060,"Fluorine","installation_demand","kt",0.00173683509873463
"812","USA","100% Domestic - Expensive U","100% Domestic","Reactor - Mod.","Fuel - Cons.","Nuclear - SMR - MSR",2065,"Copper","installation_demand","kt",0.043565123858854
"813","USA","100% Domestic - Expensive U","100% Domestic","Reactor - Mod.","Fuel - Cons.","Nuclear - SMR - MSR",2065,"Fluorine","installation_demand","kt",0.00195607406126254
"814","USA","100% Domestic - Expensive U","100% Domestic","Reactor - Mod.","Fuel - Cons.","Nuclear - SMR - MSR",2070,"Copper","installation_demand","kt",0.0474587380208806
"815","USA","100% Domestic - Expensive U","100% Domestic","Reactor - Mod.","Fuel - Cons.","Nuclear - SMR - MSR",2070,"Fluorine","installation_demand","kt",0.00213089733713754
"816","USA","100% Domestic - Expensive U","100% Domestic","Reactor - Mod.","Fuel - Cons.","Nuclear - SMR - MSR",2075,"Copper","installation_demand","kt",0.0492713647902684
"817","USA","100% Domestic - Expensive U","100% Domestic","Reactor - Mod.","Fuel - Cons.","Nuclear - SMR - MSR",2075,"Fluorine","installation_demand","kt",0.00221228427908305
"818","USA","100% Domestic - Expensive U","100% Domestic","Reactor - Mod.","Fuel - Cons.","Nuclear - SMR - MSR",2080,"Copper","installation_demand","kt",0.0668192056252966
"819","USA","100% Domestic - Expensive U","100% Domestic","Reactor - Mod.","Fuel - Cons.","Nuclear - SMR - MSR",2080,"Fluorine","installation_demand","kt",0.00300018233257582
"820","USA","100% Domestic - Expensive U","100% Domestic","Reactor - Mod.","Fuel - Cons.","Nuclear - SMR - MSR",2085,"Copper","installation_demand","kt",0.0540027711062428
"821","USA","100% Domestic - Expensive U","100% Domestic","Reactor - Mod.","Fuel - Cons.","Nuclear - SMR - MSR",2085,"Fluorine","installation_demand","kt",0.0024247244226703
"822","USA","100% Domestic - Expensive U","100% Domestic","Reactor - Mod.","Fuel - Cons.","Nuclear - SMR - MSR",2090,"Copper","installation_demand","kt",0.0491260766113018
"823","USA","100% Domestic - Expensive U","100% Domestic","Reactor - Mod.","Fuel - Cons.","Nuclear - SMR - MSR",2090,"Fluorine","installation_demand","kt",0.00220576083984745
"824","USA","100% Domestic - Expensive U","100% Domestic","Reactor - Mod.","Fuel - Cons.","Nuclear - SMR - MSR",2095,"Copper","installation_demand","kt",0.058277187493441
"825","USA","100% Domestic - Expensive U","100% Domestic","Reactor - Mod.","Fuel - Cons.","Nuclear - SMR - MSR",2095,"Fluorine","installation_demand","kt",0.0026166457184555
"826","USA","100% Domestic - Expensive U","100% Domestic","Reactor - Mod.","Fuel - Cons.","Nuclear - SMR - MSR",2100,"Copper","installation_demand","kt",0.0571168583080442
"827","USA","100% Domestic - Expensive U","100% Domestic","Reactor - Mod.","Fuel - Cons.","Nuclear - SMR - MSR",2100,"Fluorine","installation_demand","kt",0.00256454693803118
"828","USA","100% Domestic - Expensive U","100% Domestic","Reactor - Mod.","Fuel - Cons.","Nuclear - SMR - PWR modular",2035,"Zirconium","installation_demand","kt",0.00170840907808517
"829","USA","100% Domestic - Expensive U","100% Domestic","Reactor - Mod.","Fuel - Cons.","Nuclear - SMR - PWR modular",2040,"Zirconium","installation_demand","kt",0.00223262000381075
"830","USA","100% Domestic - Expensive U","100% Domestic","Reactor - Mod.","Fuel - Cons.","Nuclear - SMR - PWR modular",2045,"Zirconium","installation_demand","kt",0.00202883084448958
"831","USA","100% Domestic - Expensive U","100% Domestic","Reactor - Mod.","Fuel - Cons.","Nuclear - SMR - PWR modular",2050,"Zirconium","installation_demand","kt",0.00351709153237051
"832","USA","100% Domestic - Expensive U","100% Domestic","Reactor - Mod.","Fuel - Cons.","Nuclear - SMR - PWR modular",2055,"Zirconium","installation_demand","kt",0.00326875914354663
"833","USA","100% Domestic - Expensive U","100% Domestic","Reactor - Mod.","Fuel - Cons.","Nuclear - SMR - PWR modular",2060,"Zirconium","installation_demand","kt",0.0030667526947141
"834","USA","100% Domestic - Expensive U","100% Domestic","Reactor - Mod.","Fuel - Cons.","Nuclear - SMR - PWR modular",2065,"Zirconium","installation_demand","kt",0.00335932574291189
"835","USA","100% Domestic - Expensive U","100% Domestic","Reactor - Mod.","Fuel - Cons.","Nuclear - SMR - PWR modular",2070,"Zirconium","installation_demand","kt",0.00355127377935442
"836","USA","100% Domestic - Expensive U","100% Domestic","Reactor - Mod.","Fuel - Cons.","Nuclear - SMR - PWR modular",2075,"Zirconium","installation_demand","kt",0.00357815754417728
"837","USA","100% Domestic - Expensive U","100% Domestic","Reactor - Mod.","Fuel - Cons.","Nuclear - SMR - PWR modular",2080,"Zirconium","installation_demand","kt",0.00470551748896232
"838","USA","100% Domestic - Expensive U","100% Domestic","Reactor - Mod.","Fuel - Cons.","Nuclear - SMR - PWR modular",2085,"Zirconium","installation_demand","kt",0.00368542683240968
"839","USA","100% Domestic - Expensive U","100% Domestic","Reactor - Mod.","Fuel - Cons.","Nuclear - SMR - PWR modular",2090,"Zirconium","installation_demand","kt",0.003241916266579
"840","USA","100% Domestic - Expensive U","100% Domestic","Reactor - Mod.","Fuel - Cons.","Nuclear - SMR - PWR modular",2095,"Zirconium","installation_demand","kt",0.0037099391016284
"841","USA","100% Domestic - Expensive U","100% Domestic","Reactor - Mod.","Fuel - Cons.","Nuclear - SMR - PWR modular",2100,"Zirconium","installation_demand","kt",0.00349922353962892
"842","USA","100% Domestic - Expensive U","100% Domestic","Reactor - Mod.","Fuel - Cons.","Nuclear - SMR - SFR",2035,"Copper","installation_demand","kt",0.0609983424063484
"843","USA","100% Domestic - Expensive U","100% Domestic","Reactor - Mod.","Fuel - Cons.","Nuclear - SMR - SFR",2040,"Copper","installation_demand","kt",0.0825300914170668
"844","USA","100% Domestic - Expensive U","100% Domestic","Reactor - Mod.","Fuel - Cons.","Nuclear - SMR - SFR",2045,"Copper","installation_demand","kt",0.0942035740892026
"845","USA","100% Domestic - Expensive U","100% Domestic","Reactor - Mod.","Fuel - Cons.","Nuclear - SMR - SFR",2050,"Copper","installation_demand","kt",0.172434988991626
"846","USA","100% Domestic - Expensive U","100% Domestic","Reactor - Mod.","Fuel - Cons.","Nuclear - SMR - SFR",2055,"Copper","installation_demand","kt",0.166540323193963
"847","USA","100% Domestic - Expensive U","100% Domestic","Reactor - Mod.","Fuel - Cons.","Nuclear - SMR - SFR",2060,"Copper","installation_demand","kt",0.159337246028494
"848","USA","100% Domestic - Expensive U","100% Domestic","Reactor - Mod.","Fuel - Cons.","Nuclear - SMR - SFR",2065,"Copper","installation_demand","kt",0.176580336049105
"849","USA","100% Domestic - Expensive U","100% Domestic","Reactor - Mod.","Fuel - Cons.","Nuclear - SMR - SFR",2070,"Copper","installation_demand","kt",0.188319239289631
"850","USA","100% Domestic - Expensive U","100% Domestic","Reactor - Mod.","Fuel - Cons.","Nuclear - SMR - SFR",2075,"Copper","installation_demand","kt",0.190949009846068
"851","USA","100% Domestic - Expensive U","100% Domestic","Reactor - Mod.","Fuel - Cons.","Nuclear - SMR - SFR",2080,"Copper","installation_demand","kt",0.252150633039404
"852","USA","100% Domestic - Expensive U","100% Domestic","Reactor - Mod.","Fuel - Cons.","Nuclear - SMR - SFR",2085,"Copper","installation_demand","kt",0.198190930474018
"853","USA","100% Domestic - Expensive U","100% Domestic","Reactor - Mod.","Fuel - Cons.","Nuclear - SMR - SFR",2090,"Copper","installation_demand","kt",0.174550935500499
"854","USA","100% Domestic - Expensive U","100% Domestic","Reactor - Mod.","Fuel - Cons.","Nuclear - SMR - SFR",2095,"Copper","installation_demand","kt",0.19982235589825
"855","USA","100% Domestic - Expensive U","100% Domestic","Reactor - Mod.","Fuel - Cons.","Nuclear - SMR - SFR",2100,"Copper","installation_demand","kt",0.18853867077944
"856","USA","100% Domestic - Lower Intl. Nuc","100% Domestic","Lower Int. Nuc","Fuel - Mod.","Nuclear - Large - PWR",2030,"Copper","installation_demand","kt",0.313010842641454
"857","USA","100% Domestic - Lower Intl. Nuc","100% Domestic","Lower Int. Nuc","Fuel - Mod.","Nuclear - Large - PWR",2030,"Hafnium","installation_demand","kt",0.000156505421320727
"858","USA","100% Domestic - Lower Intl. Nuc","100% Domestic","Lower Int. Nuc","Fuel - Mod.","Nuclear - Large - PWR",2030,"Zirconium","installation_demand","kt",0.00782527106603635
"859","USA","100% Domestic - Lower Intl. Nuc","100% Domestic","Lower Int. Nuc","Fuel - Mod.","Nuclear - Large - PWR",2035,"Copper","installation_demand","kt",0.502466764306864
"860","USA","100% Domestic - Lower Intl. Nuc","100% Domestic","Lower Int. Nuc","Fuel - Mod.","Nuclear - Large - PWR",2035,"Hafnium","installation_demand","kt",0.000251233382153432
"861","USA","100% Domestic - Lower Intl. Nuc","100% Domestic","Lower Int. Nuc","Fuel - Mod.","Nuclear - Large - PWR",2035,"Zirconium","installation_demand","kt",0.0125616691076716
"862","USA","100% Domestic - Lower Intl. Nuc","100% Domestic","Lower Int. Nuc","Fuel - Mod.","Nuclear - Large - PWR",2040,"Copper","installation_demand","kt",0.919717786571392
"863","USA","100% Domestic - Lower Intl. Nuc","100% Domestic","Lower Int. Nuc","Fuel - Mod.","Nuclear - Large - PWR",2040,"Hafnium","installation_demand","kt",0.000459858893285696
"864","USA","100% Domestic - Lower Intl. Nuc","100% Domestic","Lower Int. Nuc","Fuel - Mod.","Nuclear - Large - PWR",2040,"Zirconium","installation_demand","kt",0.0229929446642848
"865","USA","100% Domestic - Lower Intl. Nuc","100% Domestic","Lower Int. Nuc","Fuel - Mod.","Nuclear - Large - PWR",2045,"Copper","installation_demand","kt",1.00948707275939
"866","USA","100% Domestic - Lower Intl. Nuc","100% Domestic","Lower Int. Nuc","Fuel - Mod.","Nuclear - Large - PWR",2045,"Hafnium","installation_demand","kt",0.000504743536379697
"867","USA","100% Domestic - Lower Intl. Nuc","100% Domestic","Lower Int. Nuc","Fuel - Mod.","Nuclear - Large - PWR",2045,"Zirconium","installation_demand","kt",0.0252371768189849
"868","USA","100% Domestic - Lower Intl. Nuc","100% Domestic","Lower Int. Nuc","Fuel - Mod.","Nuclear - Large - PWR",2050,"Copper","installation_demand","kt",1.81881446481477
"869","USA","100% Domestic - Lower Intl. Nuc","100% Domestic","Lower Int. Nuc","Fuel - Mod.","Nuclear - Large - PWR",2050,"Hafnium","installation_demand","kt",0.000909407232407387
"870","USA","100% Domestic - Lower Intl. Nuc","100% Domestic","Lower Int. Nuc","Fuel - Mod.","Nuclear - Large - PWR",2050,"Zirconium","installation_demand","kt",0.0454703616203694
"871","USA","100% Domestic - Lower Intl. Nuc","100% Domestic","Lower Int. Nuc","Fuel - Mod.","Nuclear - Large - PWR",2055,"Copper","installation_demand","kt",1.78669023987814
"872","USA","100% Domestic - Lower Intl. Nuc","100% Domestic","Lower Int. Nuc","Fuel - Mod.","Nuclear - Large - PWR",2055,"Hafnium","installation_demand","kt",0.000893345119939071
"873","USA","100% Domestic - Lower Intl. Nuc","100% Domestic","Lower Int. Nuc","Fuel - Mod.","Nuclear - Large - PWR",2055,"Zirconium","installation_demand","kt",0.0446672559969536
"874","USA","100% Domestic - Lower Intl. Nuc","100% Domestic","Lower Int. Nuc","Fuel - Mod.","Nuclear - Large - PWR",2060,"Copper","installation_demand","kt",1.71890499052628
"875","USA","100% Domestic - Lower Intl. Nuc","100% Domestic","Lower Int. Nuc","Fuel - Mod.","Nuclear - Large - PWR",2060,"Hafnium","installation_demand","kt",0.000859452495263142
"876","USA","100% Domestic - Lower Intl. Nuc","100% Domestic","Lower Int. Nuc","Fuel - Mod.","Nuclear - Large - PWR",2060,"Zirconium","installation_demand","kt",0.0429726247631571
"877","USA","100% Domestic - Lower Intl. Nuc","100% Domestic","Lower Int. Nuc","Fuel - Mod.","Nuclear - Large - PWR",2065,"Copper","installation_demand","kt",1.92584524055824
"878","USA","100% Domestic - Lower Intl. Nuc","100% Domestic","Lower Int. Nuc","Fuel - Mod.","Nuclear - Large - PWR",2065,"Hafnium","installation_demand","kt",0.000962922620279122
"879","USA","100% Domestic - Lower Intl. Nuc","100% Domestic","Lower Int. Nuc","Fuel - Mod.","Nuclear - Large - PWR",2065,"Zirconium","installation_demand","kt",0.0481461310139561
"880","USA","100% Domestic - Lower Intl. Nuc","100% Domestic","Lower Int. Nuc","Fuel - Mod.","Nuclear - Large - PWR",2070,"Copper","installation_demand","kt",2.05947356613788
"881","USA","100% Domestic - Lower Intl. Nuc","100% Domestic","Lower Int. Nuc","Fuel - Mod.","Nuclear - Large - PWR",2070,"Hafnium","installation_demand","kt",0.00102973678306894
"882","USA","100% Domestic - Lower Intl. Nuc","100% Domestic","Lower Int. Nuc","Fuel - Mod.","Nuclear - Large - PWR",2070,"Zirconium","installation_demand","kt",0.051486839153447
"883","USA","100% Domestic - Lower Intl. Nuc","100% Domestic","Lower Int. Nuc","Fuel - Mod.","Nuclear - Large - PWR",2075,"Copper","installation_demand","kt",2.07468384828862
"884","USA","100% Domestic - Lower Intl. Nuc","100% Domestic","Lower Int. Nuc","Fuel - Mod.","Nuclear - Large - PWR",2075,"Hafnium","installation_demand","kt",0.00103734192414431
"885","USA","100% Domestic - Lower Intl. Nuc","100% Domestic","Lower Int. Nuc","Fuel - Mod.","Nuclear - Large - PWR",2075,"Zirconium","installation_demand","kt",0.0518670962072155
"886","USA","100% Domestic - Lower Intl. Nuc","100% Domestic","Lower Int. Nuc","Fuel - Mod.","Nuclear - Large - PWR",2080,"Copper","installation_demand","kt",2.67873376309196
"887","USA","100% Domestic - Lower Intl. Nuc","100% Domestic","Lower Int. Nuc","Fuel - Mod.","Nuclear - Large - PWR",2080,"Hafnium","installation_demand","kt",0.00133936688154598
"888","USA","100% Domestic - Lower Intl. Nuc","100% Domestic","Lower Int. Nuc","Fuel - Mod.","Nuclear - Large - PWR",2080,"Zirconium","installation_demand","kt",0.066968344077299
"889","USA","100% Domestic - Lower Intl. Nuc","100% Domestic","Lower Int. Nuc","Fuel - Mod.","Nuclear - Large - PWR",2085,"Copper","installation_demand","kt",2.04144883661786
"890","USA","100% Domestic - Lower Intl. Nuc","100% Domestic","Lower Int. Nuc","Fuel - Mod.","Nuclear - Large - PWR",2085,"Hafnium","installation_demand","kt",0.00102072441830893
"891","USA","100% Domestic - Lower Intl. Nuc","100% Domestic","Lower Int. Nuc","Fuel - Mod.","Nuclear - Large - PWR",2085,"Zirconium","installation_demand","kt",0.0510362209154465
"892","USA","100% Domestic - Lower Intl. Nuc","100% Domestic","Lower Int. Nuc","Fuel - Mod.","Nuclear - Large - PWR",2090,"Copper","installation_demand","kt",1.73646632435354
"893","USA","100% Domestic - Lower Intl. Nuc","100% Domestic","Lower Int. Nuc","Fuel - Mod.","Nuclear - Large - PWR",2090,"Hafnium","installation_demand","kt",0.000868233162176771
"894","USA","100% Domestic - Lower Intl. Nuc","100% Domestic","Lower Int. Nuc","Fuel - Mod.","Nuclear - Large - PWR",2090,"Zirconium","installation_demand","kt",0.0434116581088386
"895","USA","100% Domestic - Lower Intl. Nuc","100% Domestic","Lower Int. Nuc","Fuel - Mod.","Nuclear - Large - PWR",2095,"Copper","installation_demand","kt",1.9444287707666
"896","USA","100% Domestic - Lower Intl. Nuc","100% Domestic","Lower Int. Nuc","Fuel - Mod.","Nuclear - Large - PWR",2095,"Hafnium","installation_demand","kt",0.0009722143853833
"897","USA","100% Domestic - Lower Intl. Nuc","100% Domestic","Lower Int. Nuc","Fuel - Mod.","Nuclear - Large - PWR",2095,"Zirconium","installation_demand","kt",0.048610719269165
"898","USA","100% Domestic - Lower Intl. Nuc","100% Domestic","Lower Int. Nuc","Fuel - Mod.","Nuclear - Large - PWR",2100,"Copper","installation_demand","kt",1.82125410684433
"899","USA","100% Domestic - Lower Intl. Nuc","100% Domestic","Lower Int. Nuc","Fuel - Mod.","Nuclear - Large - PWR",2100,"Hafnium","installation_demand","kt",0.000910627053422164
"900","USA","100% Domestic - Lower Intl. Nuc","100% Domestic","Lower Int. Nuc","Fuel - Mod.","Nuclear - Large - PWR",2100,"Zirconium","installation_demand","kt",0.0455313526711082
"901","USA","100% Domestic - Lower Intl. Nuc","100% Domestic","Lower Int. Nuc","Fuel - Mod.","Nuclear - SMR - BWR",2035,"Copper","installation_demand","kt",0.12018124359594
"902","USA","100% Domestic - Lower Intl. Nuc","100% Domestic","Lower Int. Nuc","Fuel - Mod.","Nuclear - SMR - BWR",2035,"Zirconium","installation_demand","kt",0.00294321412888016
"903","USA","100% Domestic - Lower Intl. Nuc","100% Domestic","Lower Int. Nuc","Fuel - Mod.","Nuclear - SMR - BWR",2040,"Copper","installation_demand","kt",0.230563344691979
"904","USA","100% Domestic - Lower Intl. Nuc","100% Domestic","Lower Int. Nuc","Fuel - Mod.","Nuclear - SMR - BWR",2040,"Zirconium","installation_demand","kt",0.00564644925776276
"905","USA","100% Domestic - Lower Intl. Nuc","100% Domestic","Lower Int. Nuc","Fuel - Mod.","Nuclear - SMR - BWR",2045,"Copper","installation_demand","kt",0.347295554590601
"906","USA","100% Domestic - Lower Intl. Nuc","100% Domestic","Lower Int. Nuc","Fuel - Mod.","Nuclear - SMR - BWR",2045,"Zirconium","installation_demand","kt",0.00850519725528002
"907","USA","100% Domestic - Lower Intl. Nuc","100% Domestic","Lower Int. Nuc","Fuel - Mod.","Nuclear - SMR - BWR",2050,"Copper","installation_demand","kt",0.768946185040441
"908","USA","100% Domestic - Lower Intl. Nuc","100% Domestic","Lower Int. Nuc","Fuel - Mod.","Nuclear - SMR - BWR",2050,"Zirconium","installation_demand","kt",0.0188313351438475
"909","USA","100% Domestic - Lower Intl. Nuc","100% Domestic","Lower Int. Nuc","Fuel - Mod.","Nuclear - SMR - BWR",2055,"Copper","installation_demand","kt",0.879522626112455
"910","USA","100% Domestic - Lower Intl. Nuc","100% Domestic","Lower Int. Nuc","Fuel - Mod.","Nuclear - SMR - BWR",2055,"Zirconium","installation_demand","kt",0.0215393296190805
"911","USA","100% Domestic - Lower Intl. Nuc","100% Domestic","Lower Int. Nuc","Fuel - Mod.","Nuclear - SMR - BWR",2060,"Copper","installation_demand","kt",0.924748744129527
"912","USA","100% Domestic - Lower Intl. Nuc","100% Domestic","Lower Int. Nuc","Fuel - Mod.","Nuclear - SMR - BWR",2060,"Zirconium","installation_demand","kt",0.0226469080194986
"913","USA","100% Domestic - Lower Intl. Nuc","100% Domestic","Lower Int. Nuc","Fuel - Mod.","Nuclear - SMR - BWR",2065,"Copper","installation_demand","kt",1.09901259918372
"914","USA","100% Domestic - Lower Intl. Nuc","100% Domestic","Lower Int. Nuc","Fuel - Mod.","Nuclear - SMR - BWR",2065,"Zirconium","installation_demand","kt",0.0269145942657237
"915","USA","100% Domestic - Lower Intl. Nuc","100% Domestic","Lower Int. Nuc","Fuel - Mod.","Nuclear - SMR - BWR",2070,"Copper","installation_demand","kt",1.23338767329295
"916","USA","100% Domestic - Lower Intl. Nuc","100% Domestic","Lower Int. Nuc","Fuel - Mod.","Nuclear - SMR - BWR",2070,"Zirconium","installation_demand","kt",0.0302054124071743
"917","USA","100% Domestic - Lower Intl. Nuc","100% Domestic","Lower Int. Nuc","Fuel - Mod.","Nuclear - SMR - BWR",2075,"Copper","installation_demand","kt",1.29144924549641
"918","USA","100% Domestic - Lower Intl. Nuc","100% Domestic","Lower Int. Nuc","Fuel - Mod.","Nuclear - SMR - BWR",2075,"Zirconium","installation_demand","kt",0.0316273284611365
"919","USA","100% Domestic - Lower Intl. Nuc","100% Domestic","Lower Int. Nuc","Fuel - Mod.","Nuclear - SMR - BWR",2080,"Copper","installation_demand","kt",1.71963831421008
"920","USA","100% Domestic - Lower Intl. Nuc","100% Domestic","Lower Int. Nuc","Fuel - Mod.","Nuclear - SMR - BWR",2080,"Zirconium","installation_demand","kt",0.0421135913684102
"921","USA","100% Domestic - Lower Intl. Nuc","100% Domestic","Lower Int. Nuc","Fuel - Mod.","Nuclear - SMR - BWR",2085,"Copper","installation_demand","kt",1.35271642555098
"922","USA","100% Domestic - Lower Intl. Nuc","100% Domestic","Lower Int. Nuc","Fuel - Mod.","Nuclear - SMR - BWR",2085,"Zirconium","installation_demand","kt",0.033127749197167
"923","USA","100% Domestic - Lower Intl. Nuc","100% Domestic","Lower Int. Nuc","Fuel - Mod.","Nuclear - SMR - BWR",2090,"Copper","installation_demand","kt",1.17382347240928
"924","USA","100% Domestic - Lower Intl. Nuc","100% Domestic","Lower Int. Nuc","Fuel - Mod.","Nuclear - SMR - BWR",2090,"Zirconium","installation_demand","kt",0.0287466972834927
"925","USA","100% Domestic - Lower Intl. Nuc","100% Domestic","Lower Int. Nuc","Fuel - Mod.","Nuclear - SMR - BWR",2095,"Copper","installation_demand","kt",1.33462477624121
"926","USA","100% Domestic - Lower Intl. Nuc","100% Domestic","Lower Int. Nuc","Fuel - Mod.","Nuclear - SMR - BWR",2095,"Zirconium","installation_demand","kt",0.032684688397744
"927","USA","100% Domestic - Lower Intl. Nuc","100% Domestic","Lower Int. Nuc","Fuel - Mod.","Nuclear - SMR - BWR",2100,"Copper","installation_demand","kt",1.26935058637273
"928","USA","100% Domestic - Lower Intl. Nuc","100% Domestic","Lower Int. Nuc","Fuel - Mod.","Nuclear - SMR - BWR",2100,"Zirconium","installation_demand","kt",0.0310861368091282
"929","USA","100% Domestic - Lower Intl. Nuc","100% Domestic","Lower Int. Nuc","Fuel - Mod.","Nuclear - SMR - HTGR",2035,"Copper","installation_demand","kt",0.0680045445488176
"930","USA","100% Domestic - Lower Intl. Nuc","100% Domestic","Lower Int. Nuc","Fuel - Mod.","Nuclear - SMR - HTGR",2035,"Graphite","installation_demand","kt",0.414827721747787
"931","USA","100% Domestic - Lower Intl. Nuc","100% Domestic","Lower Int. Nuc","Fuel - Mod.","Nuclear - SMR - HTGR",2035,"Silicon carbide","installation_demand","kt",0.000680045445488176
"932","USA","100% Domestic - Lower Intl. Nuc","100% Domestic","Lower Int. Nuc","Fuel - Mod.","Nuclear - SMR - HTGR",2040,"Copper","installation_demand","kt",0.109251667747469
"933","USA","100% Domestic - Lower Intl. Nuc","100% Domestic","Lower Int. Nuc","Fuel - Mod.","Nuclear - SMR - HTGR",2040,"Graphite","installation_demand","kt",0.666435173259561
"934","USA","100% Domestic - Lower Intl. Nuc","100% Domestic","Lower Int. Nuc","Fuel - Mod.","Nuclear - SMR - HTGR",2040,"Silicon carbide","installation_demand","kt",0.00109251667747469
"935","USA","100% Domestic - Lower Intl. Nuc","100% Domestic","Lower Int. Nuc","Fuel - Mod.","Nuclear - SMR - HTGR",2045,"Copper","installation_demand","kt",0.150159285454745
"936","USA","100% Domestic - Lower Intl. Nuc","100% Domestic","Lower Int. Nuc","Fuel - Mod.","Nuclear - SMR - HTGR",2045,"Graphite","installation_demand","kt",0.915971641273946
"937","USA","100% Domestic - Lower Intl. Nuc","100% Domestic","Lower Int. Nuc","Fuel - Mod.","Nuclear - SMR - HTGR",2045,"Silicon carbide","installation_demand","kt",0.00150159285454745
"938","USA","100% Domestic - Lower Intl. Nuc","100% Domestic","Lower Int. Nuc","Fuel - Mod.","Nuclear - SMR - HTGR",2050,"Copper","installation_demand","kt",0.313302509342194
"939","USA","100% Domestic - Lower Intl. Nuc","100% Domestic","Lower Int. Nuc","Fuel - Mod.","Nuclear - SMR - HTGR",2050,"Graphite","installation_demand","kt",1.91114530698738
"940","USA","100% Domestic - Lower Intl. Nuc","100% Domestic","Lower Int. Nuc","Fuel - Mod.","Nuclear - SMR - HTGR",2050,"Silicon carbide","installation_demand","kt",0.00313302509342194
"941","USA","100% Domestic - Lower Intl. Nuc","100% Domestic","Lower Int. Nuc","Fuel - Mod.","Nuclear - SMR - HTGR",2055,"Copper","installation_demand","kt",0.341944451940552
"942","USA","100% Domestic - Lower Intl. Nuc","100% Domestic","Lower Int. Nuc","Fuel - Mod.","Nuclear - SMR - HTGR",2055,"Graphite","installation_demand","kt",2.08586115683737
"943","USA","100% Domestic - Lower Intl. Nuc","100% Domestic","Lower Int. Nuc","Fuel - Mod.","Nuclear - SMR - HTGR",2055,"Silicon carbide","installation_demand","kt",0.00341944451940552
"944","USA","100% Domestic - Lower Intl. Nuc","100% Domestic","Lower Int. Nuc","Fuel - Mod.","Nuclear - SMR - HTGR",2060,"Copper","installation_demand","kt",0.350250138269098
"945","USA","100% Domestic - Lower Intl. Nuc","100% Domestic","Lower Int. Nuc","Fuel - Mod.","Nuclear - SMR - HTGR",2060,"Graphite","installation_demand","kt",2.1365258434415
"946","USA","100% Domestic - Lower Intl. Nuc","100% Domestic","Lower Int. Nuc","Fuel - Mod.","Nuclear - SMR - HTGR",2060,"Silicon carbide","installation_demand","kt",0.00350250138269098
"947","USA","100% Domestic - Lower Intl. Nuc","100% Domestic","Lower Int. Nuc","Fuel - Mod.","Nuclear - SMR - HTGR",2065,"Copper","installation_demand","kt",0.409250631921802
"948","USA","100% Domestic - Lower Intl. Nuc","100% Domestic","Lower Int. Nuc","Fuel - Mod.","Nuclear - SMR - HTGR",2065,"Graphite","installation_demand","kt",2.49642885472299
"949","USA","100% Domestic - Lower Intl. Nuc","100% Domestic","Lower Int. Nuc","Fuel - Mod.","Nuclear - SMR - HTGR",2065,"Silicon carbide","installation_demand","kt",0.00409250631921802
"950","USA","100% Domestic - Lower Intl. Nuc","100% Domestic","Lower Int. Nuc","Fuel - Mod.","Nuclear - SMR - HTGR",2070,"Copper","installation_demand","kt",0.45322279437961
"951","USA","100% Domestic - Lower Intl. Nuc","100% Domestic","Lower Int. Nuc","Fuel - Mod.","Nuclear - SMR - HTGR",2070,"Graphite","installation_demand","kt",2.76465904571562
"952","USA","100% Domestic - Lower Intl. Nuc","100% Domestic","Lower Int. Nuc","Fuel - Mod.","Nuclear - SMR - HTGR",2070,"Silicon carbide","installation_demand","kt",0.0045322279437961
"953","USA","100% Domestic - Lower Intl. Nuc","100% Domestic","Lower Int. Nuc","Fuel - Mod.","Nuclear - SMR - HTGR",2075,"Copper","installation_demand","kt",0.469913898354428
"954","USA","100% Domestic - Lower Intl. Nuc","100% Domestic","Lower Int. Nuc","Fuel - Mod.","Nuclear - SMR - HTGR",2075,"Graphite","installation_demand","kt",2.86647477996201
"955","USA","100% Domestic - Lower Intl. Nuc","100% Domestic","Lower Int. Nuc","Fuel - Mod.","Nuclear - SMR - HTGR",2075,"Silicon carbide","installation_demand","kt",0.00469913898354428
"956","USA","100% Domestic - Lower Intl. Nuc","100% Domestic","Lower Int. Nuc","Fuel - Mod.","Nuclear - SMR - HTGR",2080,"Copper","installation_demand","kt",0.62103677426442
"957","USA","100% Domestic - Lower Intl. Nuc","100% Domestic","Lower Int. Nuc","Fuel - Mod.","Nuclear - SMR - HTGR",2080,"Graphite","installation_demand","kt",3.78832432301296
"958","USA","100% Domestic - Lower Intl. Nuc","100% Domestic","Lower Int. Nuc","Fuel - Mod.","Nuclear - SMR - HTGR",2080,"Silicon carbide","installation_demand","kt",0.0062103677426442
"959","USA","100% Domestic - Lower Intl. Nuc","100% Domestic","Lower Int. Nuc","Fuel - Mod.","Nuclear - SMR - HTGR",2085,"Copper","installation_demand","kt",0.484994702296888
"960","USA","100% Domestic - Lower Intl. Nuc","100% Domestic","Lower Int. Nuc","Fuel - Mod.","Nuclear - SMR - HTGR",2085,"Graphite","installation_demand","kt",2.95846768401102
"961","USA","100% Domestic - Lower Intl. Nuc","100% Domestic","Lower Int. Nuc","Fuel - Mod.","Nuclear - SMR - HTGR",2085,"Silicon carbide","installation_demand","kt",0.00484994702296888
"962","USA","100% Domestic - Lower Intl. Nuc","100% Domestic","Lower Int. Nuc","Fuel - Mod.","Nuclear - SMR - HTGR",2090,"Copper","installation_demand","kt",0.419106649428346
"963","USA","100% Domestic - Lower Intl. Nuc","100% Domestic","Lower Int. Nuc","Fuel - Mod.","Nuclear - SMR - HTGR",2090,"Graphite","installation_demand","kt",2.55655056151291
"964","USA","100% Domestic - Lower Intl. Nuc","100% Domestic","Lower Int. Nuc","Fuel - Mod.","Nuclear - SMR - HTGR",2090,"Silicon carbide","installation_demand","kt",0.00419106649428346
"965","USA","100% Domestic - Lower Intl. Nuc","100% Domestic","Lower Int. Nuc","Fuel - Mod.","Nuclear - SMR - HTGR",2095,"Copper","installation_demand","kt",0.475121648183994
"966","USA","100% Domestic - Lower Intl. Nuc","100% Domestic","Lower Int. Nuc","Fuel - Mod.","Nuclear - SMR - HTGR",2095,"Graphite","installation_demand","kt",2.89824205392236
"967","USA","100% Domestic - Lower Intl. Nuc","100% Domestic","Lower Int. Nuc","Fuel - Mod.","Nuclear - SMR - HTGR",2095,"Silicon carbide","installation_demand","kt",0.00475121648183994
"968","USA","100% Domestic - Lower Intl. Nuc","100% Domestic","Lower Int. Nuc","Fuel - Mod.","Nuclear - SMR - HTGR",2100,"Copper","installation_demand","kt",0.450531692040306
"969","USA","100% Domestic - Lower Intl. Nuc","100% Domestic","Lower Int. Nuc","Fuel - Mod.","Nuclear - SMR - HTGR",2100,"Graphite","installation_demand","kt",2.74824332144587
"970","USA","100% Domestic - Lower Intl. Nuc","100% Domestic","Lower Int. Nuc","Fuel - Mod.","Nuclear - SMR - HTGR",2100,"Silicon carbide","installation_demand","kt",0.00450531692040306
"971","USA","100% Domestic - Lower Intl. Nuc","100% Domestic","Lower Int. Nuc","Fuel - Mod.","Nuclear - SMR - MSR",2035,"Copper","installation_demand","kt",0.0320747506317856
"972","USA","100% Domestic - Lower Intl. Nuc","100% Domestic","Lower Int. Nuc","Fuel - Mod.","Nuclear - SMR - MSR",2035,"Fluorine","installation_demand","kt",0.00144015630336717
"973","USA","100% Domestic - Lower Intl. Nuc","100% Domestic","Lower Int. Nuc","Fuel - Mod.","Nuclear - SMR - MSR",2040,"Copper","installation_demand","kt",0.0459997230529272
"974","USA","100% Domestic - Lower Intl. Nuc","100% Domestic","Lower Int. Nuc","Fuel - Mod.","Nuclear - SMR - MSR",2040,"Fluorine","installation_demand","kt",0.00206538756507643
"975","USA","100% Domestic - Lower Intl. Nuc","100% Domestic","Lower Int. Nuc","Fuel - Mod.","Nuclear - SMR - MSR",2045,"Copper","installation_demand","kt",0.0496625252721018
"976","USA","100% Domestic - Lower Intl. Nuc","100% Domestic","Lower Int. Nuc","Fuel - Mod.","Nuclear - SMR - MSR",2045,"Fluorine","installation_demand","kt",0.00222984738471737
"977","USA","100% Domestic - Lower Intl. Nuc","100% Domestic","Lower Int. Nuc","Fuel - Mod.","Nuclear - SMR - MSR",2050,"Copper","installation_demand","kt",0.08976247154546
"978","USA","100% Domestic - Lower Intl. Nuc","100% Domestic","Lower Int. Nuc","Fuel - Mod.","Nuclear - SMR - MSR",2050,"Fluorine","installation_demand","kt",0.00403033497239115
"979","USA","100% Domestic - Lower Intl. Nuc","100% Domestic","Lower Int. Nuc","Fuel - Mod.","Nuclear - SMR - MSR",2055,"Copper","installation_demand","kt",0.087481610687104
"980","USA","100% Domestic - Lower Intl. Nuc","100% Domestic","Lower Int. Nuc","Fuel - Mod.","Nuclear - SMR - MSR",2055,"Fluorine","installation_demand","kt",0.00392792431985097
"981","USA","100% Domestic - Lower Intl. Nuc","100% Domestic","Lower Int. Nuc","Fuel - Mod.","Nuclear - SMR - MSR",2060,"Copper","installation_demand","kt",0.0835284365492722
"982","USA","100% Domestic - Lower Intl. Nuc","100% Domestic","Lower Int. Nuc","Fuel - Mod.","Nuclear - SMR - MSR",2060,"Fluorine","installation_demand","kt",0.00375042680106232
"983","USA","100% Domestic - Lower Intl. Nuc","100% Domestic","Lower Int. Nuc","Fuel - Mod.","Nuclear - SMR - MSR",2065,"Copper","installation_demand","kt",0.092963990611058
"984","USA","100% Domestic - Lower Intl. Nuc","100% Domestic","Lower Int. Nuc","Fuel - Mod.","Nuclear - SMR - MSR",2065,"Fluorine","installation_demand","kt",0.0041740831784365
"985","USA","100% Domestic - Lower Intl. Nuc","100% Domestic","Lower Int. Nuc","Fuel - Mod.","Nuclear - SMR - MSR",2070,"Copper","installation_demand","kt",0.098800050482872
"986","USA","100% Domestic - Lower Intl. Nuc","100% Domestic","Lower Int. Nuc","Fuel - Mod.","Nuclear - SMR - MSR",2070,"Fluorine","installation_demand","kt",0.00443612226668095
"987","USA","100% Domestic - Lower Intl. Nuc","100% Domestic","Lower Int. Nuc","Fuel - Mod.","Nuclear - SMR - MSR",2075,"Copper","installation_demand","kt",0.0990147117229024
"988","USA","100% Domestic - Lower Intl. Nuc","100% Domestic","Lower Int. Nuc","Fuel - Mod.","Nuclear - SMR - MSR",2075,"Fluorine","installation_demand","kt",0.00444576055635832
"989","USA","100% Domestic - Lower Intl. Nuc","100% Domestic","Lower Int. Nuc","Fuel - Mod.","Nuclear - SMR - MSR",2080,"Copper","installation_demand","kt",0.127298204123622
"990","USA","100% Domestic - Lower Intl. Nuc","100% Domestic","Lower Int. Nuc","Fuel - Mod.","Nuclear - SMR - MSR",2080,"Fluorine","installation_demand","kt",0.00571568936515063
"991","USA","100% Domestic - Lower Intl. Nuc","100% Domestic","Lower Int. Nuc","Fuel - Mod.","Nuclear - SMR - MSR",2085,"Copper","installation_demand","kt",0.0966098243703066
"992","USA","100% Domestic - Lower Intl. Nuc","100% Domestic","Lower Int. Nuc","Fuel - Mod.","Nuclear - SMR - MSR",2085,"Fluorine","installation_demand","kt",0.00433778111422677
"993","USA","100% Domestic - Lower Intl. Nuc","100% Domestic","Lower Int. Nuc","Fuel - Mod.","Nuclear - SMR - MSR",2090,"Copper","installation_demand","kt",0.08199923076315
"994","USA","100% Domestic - Lower Intl. Nuc","100% Domestic","Lower Int. Nuc","Fuel - Mod.","Nuclear - SMR - MSR",2090,"Fluorine","installation_demand","kt",0.00368176546126543
"995","USA","100% Domestic - Lower Intl. Nuc","100% Domestic","Lower Int. Nuc","Fuel - Mod.","Nuclear - SMR - MSR",2095,"Copper","installation_demand","kt",0.0917128222405944
"996","USA","100% Domestic - Lower Intl. Nuc","100% Domestic","Lower Int. Nuc","Fuel - Mod.","Nuclear - SMR - MSR",2095,"Fluorine","installation_demand","kt",0.00411790571860269
"997","USA","100% Domestic - Lower Intl. Nuc","100% Domestic","Lower Int. Nuc","Fuel - Mod.","Nuclear - SMR - MSR",2100,"Copper","installation_demand","kt",0.0857840832302278
"998","USA","100% Domestic - Lower Intl. Nuc","100% Domestic","Lower Int. Nuc","Fuel - Mod.","Nuclear - SMR - MSR",2100,"Fluorine","installation_demand","kt",0.00385170533703723
"999","USA","100% Domestic - Lower Intl. Nuc","100% Domestic","Lower Int. Nuc","Fuel - Mod.","Nuclear - SMR - PWR modular",2035,"Zirconium","installation_demand","kt",0.0018189861938068
"1000","USA","100% Domestic - Lower Intl. Nuc","100% Domestic","Lower Int. Nuc","Fuel - Mod.","Nuclear - SMR - PWR modular",2040,"Zirconium","installation_demand","kt",0.00256599913154195
"1001","USA","100% Domestic - Lower Intl. Nuc","100% Domestic","Lower Int. Nuc","Fuel - Mod.","Nuclear - SMR - PWR modular",2045,"Zirconium","installation_demand","kt",0.00248892552440719
"1002","USA","100% Domestic - Lower Intl. Nuc","100% Domestic","Lower Int. Nuc","Fuel - Mod.","Nuclear - SMR - PWR modular",2050,"Zirconium","installation_demand","kt",0.00449741874969845
"1003","USA","100% Domestic - Lower Intl. Nuc","100% Domestic","Lower Int. Nuc","Fuel - Mod.","Nuclear - SMR - PWR modular",2055,"Zirconium","installation_demand","kt",0.00446867458746199
"1004","USA","100% Domestic - Lower Intl. Nuc","100% Domestic","Lower Int. Nuc","Fuel - Mod.","Nuclear - SMR - PWR modular",2060,"Zirconium","installation_demand","kt",0.00434646078813794
"1005","USA","100% Domestic - Lower Intl. Nuc","100% Domestic","Lower Int. Nuc","Fuel - Mod.","Nuclear - SMR - PWR modular",2065,"Zirconium","installation_demand","kt",0.00491588550419223
"1006","USA","100% Domestic - Lower Intl. Nuc","100% Domestic","Lower Int. Nuc","Fuel - Mod.","Nuclear - SMR - PWR modular",2070,"Zirconium","installation_demand","kt",0.00530712094709357
"1007","USA","100% Domestic - Lower Intl. Nuc","100% Domestic","Lower Int. Nuc","Fuel - Mod.","Nuclear - SMR - PWR modular",2075,"Zirconium","installation_demand","kt",0.00539717644826828
"1008","USA","100% Domestic - Lower Intl. Nuc","100% Domestic","Lower Int. Nuc","Fuel - Mod.","Nuclear - SMR - PWR modular",2080,"Zirconium","installation_demand","kt",0.00703117780738056
"1009","USA","100% Domestic - Lower Intl. Nuc","100% Domestic","Lower Int. Nuc","Fuel - Mod.","Nuclear - SMR - PWR modular",2085,"Zirconium","installation_demand","kt",0.00541608708131858
"1010","USA","100% Domestic - Lower Intl. Nuc","100% Domestic","Lower Int. Nuc","Fuel - Mod.","Nuclear - SMR - PWR modular",2090,"Zirconium","installation_demand","kt",0.00464443103322793
"1011","USA","100% Domestic - Lower Intl. Nuc","100% Domestic","Lower Int. Nuc","Fuel - Mod.","Nuclear - SMR - PWR modular",2095,"Zirconium","installation_demand","kt",0.00523554675648911
"1012","USA","100% Domestic - Lower Intl. Nuc","100% Domestic","Lower Int. Nuc","Fuel - Mod.","Nuclear - SMR - PWR modular",2100,"Zirconium","installation_demand","kt",0.00493682008607711
"1013","USA","100% Domestic - Lower Intl. Nuc","100% Domestic","Lower Int. Nuc","Fuel - Mod.","Nuclear - SMR - SFR",2035,"Copper","installation_demand","kt",0.0632777040433454
"1014","USA","100% Domestic - Lower Intl. Nuc","100% Domestic","Lower Int. Nuc","Fuel - Mod.","Nuclear - SMR - SFR",2040,"Copper","installation_demand","kt",0.0914122965045518
"1015","USA","100% Domestic - Lower Intl. Nuc","100% Domestic","Lower Int. Nuc","Fuel - Mod.","Nuclear - SMR - SFR",2045,"Copper","installation_demand","kt",0.110310663198286
"1016","USA","100% Domestic - Lower Intl. Nuc","100% Domestic","Lower Int. Nuc","Fuel - Mod.","Nuclear - SMR - SFR",2050,"Copper","installation_demand","kt",0.210706021499924
"1017","USA","100% Domestic - Lower Intl. Nuc","100% Domestic","Lower Int. Nuc","Fuel - Mod.","Nuclear - SMR - SFR",2055,"Copper","installation_demand","kt",0.217932949914286
"1018","USA","100% Domestic - Lower Intl. Nuc","100% Domestic","Lower Int. Nuc","Fuel - Mod.","Nuclear - SMR - SFR",2060,"Copper","installation_demand","kt",0.216550940407042
"1019","USA","100% Domestic - Lower Intl. Nuc","100% Domestic","Lower Int. Nuc","Fuel - Mod.","Nuclear - SMR - SFR",2065,"Copper","installation_demand","kt",0.248106142691528
"1020","USA","100% Domestic - Lower Intl. Nuc","100% Domestic","Lower Int. Nuc","Fuel - Mod.","Nuclear - SMR - SFR",2070,"Copper","installation_demand","kt",0.270522909329
"1021","USA","100% Domestic - Lower Intl. Nuc","100% Domestic","Lower Int. Nuc","Fuel - Mod.","Nuclear - SMR - SFR",2075,"Copper","installation_demand","kt",0.277240783945574
"1022","USA","100% Domestic - Lower Intl. Nuc","100% Domestic","Lower Int. Nuc","Fuel - Mod.","Nuclear - SMR - SFR",2080,"Copper","installation_demand","kt",0.363199322024842
"1023","USA","100% Domestic - Lower Intl. Nuc","100% Domestic","Lower Int. Nuc","Fuel - Mod.","Nuclear - SMR - SFR",2085,"Copper","installation_demand","kt",0.28120281711871
"1024","USA","100% Domestic - Lower Intl. Nuc","100% Domestic","Lower Int. Nuc","Fuel - Mod.","Nuclear - SMR - SFR",2090,"Copper","installation_demand","kt",0.241794420770376
"1025","USA","100% Domestic - Lower Intl. Nuc","100% Domestic","Lower Int. Nuc","Fuel - Mod.","Nuclear - SMR - SFR",2095,"Copper","installation_demand","kt",0.273031379248214
"1026","USA","100% Domestic - Lower Intl. Nuc","100% Domestic","Lower Int. Nuc","Fuel - Mod.","Nuclear - SMR - SFR",2100,"Copper","installation_demand","kt",0.257855851774438
"1027","USA","Current Trade","Current","Reactor - Mod.","Fuel - Mod.","Nuclear - Large - PWR",2030,"Copper","installation_demand","kt",0.312283720282366
"1028","USA","Current Trade","Current","Reactor - Mod.","Fuel - Mod.","Nuclear - Large - PWR",2030,"Hafnium","installation_demand","kt",0.000156141860141183
"1029","USA","Current Trade","Current","Reactor - Mod.","Fuel - Mod.","Nuclear - Large - PWR",2030,"Zirconium","installation_demand","kt",0.00780709300705915
"1030","USA","Current Trade","Current","Reactor - Mod.","Fuel - Mod.","Nuclear - Large - PWR",2035,"Copper","installation_demand","kt",0.578241500573384
"1031","USA","Current Trade","Current","Reactor - Mod.","Fuel - Mod.","Nuclear - Large - PWR",2035,"Hafnium","installation_demand","kt",0.000289120750286692
"1032","USA","Current Trade","Current","Reactor - Mod.","Fuel - Mod.","Nuclear - Large - PWR",2035,"Zirconium","installation_demand","kt",0.0144560375143346
"1033","USA","Current Trade","Current","Reactor - Mod.","Fuel - Mod.","Nuclear - Large - PWR",2040,"Copper","installation_demand","kt",1.23704161647682
"1034","USA","Current Trade","Current","Reactor - Mod.","Fuel - Mod.","Nuclear - Large - PWR",2040,"Hafnium","installation_demand","kt",0.000618520808238412
"1035","USA","Current Trade","Current","Reactor - Mod.","Fuel - Mod.","Nuclear - Large - PWR",2040,"Zirconium","installation_demand","kt",0.0309260404119206
"1036","USA","Current Trade","Current","Reactor - Mod.","Fuel - Mod.","Nuclear - Large - PWR",2045,"Copper","installation_demand","kt",1.50559986436135
"1037","USA","Current Trade","Current","Reactor - Mod.","Fuel - Mod.","Nuclear - Large - PWR",2045,"Hafnium","installation_demand","kt",0.000752799932180677
"1038","USA","Current Trade","Current","Reactor - Mod.","Fuel - Mod.","Nuclear - Large - PWR",2045,"Zirconium","installation_demand","kt",0.0376399966090338
"1039","USA","Current Trade","Current","Reactor - Mod.","Fuel - Mod.","Nuclear - Large - PWR",2050,"Copper","installation_demand","kt",2.78631652488122
"1040","USA","Current Trade","Current","Reactor - Mod.","Fuel - Mod.","Nuclear - Large - PWR",2050,"Hafnium","installation_demand","kt",0.00139315826244061
"1041","USA","Current Trade","Current","Reactor - Mod.","Fuel - Mod.","Nuclear - Large - PWR",2050,"Zirconium","installation_demand","kt",0.0696579131220305
"1042","USA","Current Trade","Current","Reactor - Mod.","Fuel - Mod.","Nuclear - Large - PWR",2055,"Copper","installation_demand","kt",2.13813498498462
"1043","USA","Current Trade","Current","Reactor - Mod.","Fuel - Mod.","Nuclear - Large - PWR",2055,"Hafnium","installation_demand","kt",0.00106906749249231
"1044","USA","Current Trade","Current","Reactor - Mod.","Fuel - Mod.","Nuclear - Large - PWR",2055,"Zirconium","installation_demand","kt",0.0534533746246155
"1045","USA","Current Trade","Current","Reactor - Mod.","Fuel - Mod.","Nuclear - Large - PWR",2060,"Copper","installation_demand","kt",1.82042953509691
"1046","USA","Current Trade","Current","Reactor - Mod.","Fuel - Mod.","Nuclear - Large - PWR",2060,"Hafnium","installation_demand","kt",0.000910214767548454
"1047","USA","Current Trade","Current","Reactor - Mod.","Fuel - Mod.","Nuclear - Large - PWR",2060,"Zirconium","installation_demand","kt",0.0455107383774227
"1048","USA","Current Trade","Current","Reactor - Mod.","Fuel - Mod.","Nuclear - Large - PWR",2065,"Copper","installation_demand","kt",1.94503527395272
"1049","USA","Current Trade","Current","Reactor - Mod.","Fuel - Mod.","Nuclear - Large - PWR",2065,"Hafnium","installation_demand","kt",0.00097251763697636
"1050","USA","Current Trade","Current","Reactor - Mod.","Fuel - Mod.","Nuclear - Large - PWR",2065,"Zirconium","installation_demand","kt",0.048625881848818
"1051","USA","Current Trade","Current","Reactor - Mod.","Fuel - Mod.","Nuclear - Large - PWR",2070,"Copper","installation_demand","kt",2.00165132418046
"1052","USA","Current Trade","Current","Reactor - Mod.","Fuel - Mod.","Nuclear - Large - PWR",2070,"Hafnium","installation_demand","kt",0.00100082566209023
"1053","USA","Current Trade","Current","Reactor - Mod.","Fuel - Mod.","Nuclear - Large - PWR",2070,"Zirconium","installation_demand","kt",0.0500412831045115
"1054","USA","Current Trade","Current","Reactor - Mod.","Fuel - Mod.","Nuclear - Large - PWR",2075,"Copper","installation_demand","kt",1.93743694751989
"1055","USA","Current Trade","Current","Reactor - Mod.","Fuel - Mod.","Nuclear - Large - PWR",2075,"Hafnium","installation_demand","kt",0.000968718473759946
"1056","USA","Current Trade","Current","Reactor - Mod.","Fuel - Mod.","Nuclear - Large - PWR",2075,"Zirconium","installation_demand","kt",0.0484359236879973
"1057","USA","Current Trade","Current","Reactor - Mod.","Fuel - Mod.","Nuclear - Large - PWR",2080,"Copper","installation_demand","kt",2.41865974517054
"1058","USA","Current Trade","Current","Reactor - Mod.","Fuel - Mod.","Nuclear - Large - PWR",2080,"Hafnium","installation_demand","kt",0.00120932987258527
"1059","USA","Current Trade","Current","Reactor - Mod.","Fuel - Mod.","Nuclear - Large - PWR",2080,"Zirconium","installation_demand","kt",0.0604664936292635
"1060","USA","Current Trade","Current","Reactor - Mod.","Fuel - Mod.","Nuclear - Large - PWR",2085,"Copper","installation_demand","kt",1.84541882929348
"1061","USA","Current Trade","Current","Reactor - Mod.","Fuel - Mod.","Nuclear - Large - PWR",2085,"Hafnium","installation_demand","kt",0.000922709414646739
"1062","USA","Current Trade","Current","Reactor - Mod.","Fuel - Mod.","Nuclear - Large - PWR",2085,"Zirconium","installation_demand","kt",0.0461354707323369
"1063","USA","Current Trade","Current","Reactor - Mod.","Fuel - Mod.","Nuclear - Large - PWR",2090,"Copper","installation_demand","kt",1.59774746079604
"1064","USA","Current Trade","Current","Reactor - Mod.","Fuel - Mod.","Nuclear - Large - PWR",2090,"Hafnium","installation_demand","kt",0.000798873730398021
"1065","USA","Current Trade","Current","Reactor - Mod.","Fuel - Mod.","Nuclear - Large - PWR",2090,"Zirconium","installation_demand","kt",0.0399436865199011
"1066","USA","Current Trade","Current","Reactor - Mod.","Fuel - Mod.","Nuclear - Large - PWR",2095,"Copper","installation_demand","kt",1.80789059282211
"1067","USA","Current Trade","Current","Reactor - Mod.","Fuel - Mod.","Nuclear - Large - PWR",2095,"Hafnium","installation_demand","kt",0.000903945296411055
"1068","USA","Current Trade","Current","Reactor - Mod.","Fuel - Mod.","Nuclear - Large - PWR",2095,"Zirconium","installation_demand","kt",0.0451972648205528
"1069","USA","Current Trade","Current","Reactor - Mod.","Fuel - Mod.","Nuclear - Large - PWR",2100,"Copper","installation_demand","kt",1.7366094318469
"1070","USA","Current Trade","Current","Reactor - Mod.","Fuel - Mod.","Nuclear - Large - PWR",2100,"Hafnium","installation_demand","kt",0.000868304715923448
"1071","USA","Current Trade","Current","Reactor - Mod.","Fuel - Mod.","Nuclear - Large - PWR",2100,"Zirconium","installation_demand","kt",0.0434152357961724
"1072","USA","Current Trade","Current","Reactor - Mod.","Fuel - Mod.","Nuclear - SMR - BWR",2035,"Copper","installation_demand","kt",0.126767765977543
"1073","USA","Current Trade","Current","Reactor - Mod.","Fuel - Mod.","Nuclear - SMR - BWR",2035,"Zirconium","installation_demand","kt",0.00310451671781737
"1074","USA","Current Trade","Current","Reactor - Mod.","Fuel - Mod.","Nuclear - SMR - BWR",2040,"Copper","installation_demand","kt",0.262401041168346
"1075","USA","Current Trade","Current","Reactor - Mod.","Fuel - Mod.","Nuclear - SMR - BWR",2040,"Zirconium","installation_demand","kt",0.0064261479469799
"1076","USA","Current Trade","Current","Reactor - Mod.","Fuel - Mod.","Nuclear - SMR - BWR",2045,"Copper","installation_demand","kt",0.411628097152815
"1077","USA","Current Trade","Current","Reactor - Mod.","Fuel - Mod.","Nuclear - SMR - BWR",2045,"Zirconium","installation_demand","kt",0.0100806880935383
"1078","USA","Current Trade","Current","Reactor - Mod.","Fuel - Mod.","Nuclear - SMR - BWR",2050,"Copper","installation_demand","kt",0.921769532332889
"1079","USA","Current Trade","Current","Reactor - Mod.","Fuel - Mod.","Nuclear - SMR - BWR",2050,"Zirconium","installation_demand","kt",0.0225739477306014
"1080","USA","Current Trade","Current","Reactor - Mod.","Fuel - Mod.","Nuclear - SMR - BWR",2055,"Copper","installation_demand","kt",0.932956101980854
"1081","USA","Current Trade","Current","Reactor - Mod.","Fuel - Mod.","Nuclear - SMR - BWR",2055,"Zirconium","installation_demand","kt",0.0228479045383066
"1082","USA","Current Trade","Current","Reactor - Mod.","Fuel - Mod.","Nuclear - SMR - BWR",2060,"Copper","installation_demand","kt",0.914053033183765
"1083","USA","Current Trade","Current","Reactor - Mod.","Fuel - Mod.","Nuclear - SMR - BWR",2060,"Zirconium","installation_demand","kt",0.0223849722412351
"1084","USA","Current Trade","Current","Reactor - Mod.","Fuel - Mod.","Nuclear - SMR - BWR",2065,"Copper","installation_demand","kt",1.05712932910389
"1085","USA","Current Trade","Current","Reactor - Mod.","Fuel - Mod.","Nuclear - SMR - BWR",2065,"Zirconium","installation_demand","kt",0.025888881529075
"1086","USA","Current Trade","Current","Reactor - Mod.","Fuel - Mod.","Nuclear - SMR - BWR",2070,"Copper","installation_demand","kt",1.15775536305553
"1087","USA","Current Trade","Current","Reactor - Mod.","Fuel - Mod.","Nuclear - SMR - BWR",2070,"Zirconium","installation_demand","kt",0.0283531925646253
"1088","USA","Current Trade","Current","Reactor - Mod.","Fuel - Mod.","Nuclear - SMR - BWR",2075,"Copper","installation_demand","kt",1.18089584473082
"1089","USA","Current Trade","Current","Reactor - Mod.","Fuel - Mod.","Nuclear - SMR - BWR",2075,"Zirconium","installation_demand","kt",0.0289198982383059
"1090","USA","Current Trade","Current","Reactor - Mod.","Fuel - Mod.","Nuclear - SMR - BWR",2080,"Copper","installation_demand","kt",1.53613729978239
"1091","USA","Current Trade","Current","Reactor - Mod.","Fuel - Mod.","Nuclear - SMR - BWR",2080,"Zirconium","installation_demand","kt",0.0376196889742627
"1092","USA","Current Trade","Current","Reactor - Mod.","Fuel - Mod.","Nuclear - SMR - BWR",2085,"Copper","installation_demand","kt",1.21326246650262
"1093","USA","Current Trade","Current","Reactor - Mod.","Fuel - Mod.","Nuclear - SMR - BWR",2085,"Zirconium","installation_demand","kt",0.0297125502000643
"1094","USA","Current Trade","Current","Reactor - Mod.","Fuel - Mod.","Nuclear - SMR - BWR",2090,"Copper","installation_demand","kt",1.06874965756421
"1095","USA","Current Trade","Current","Reactor - Mod.","Fuel - Mod.","Nuclear - SMR - BWR",2090,"Zirconium","installation_demand","kt",0.0261734610015726
"1096","USA","Current Trade","Current","Reactor - Mod.","Fuel - Mod.","Nuclear - SMR - BWR",2095,"Copper","installation_demand","kt",1.2231697982675
"1097","USA","Current Trade","Current","Reactor - Mod.","Fuel - Mod.","Nuclear - SMR - BWR",2095,"Zirconium","installation_demand","kt",0.0299551787330816
"1098","USA","Current Trade","Current","Reactor - Mod.","Fuel - Mod.","Nuclear - SMR - BWR",2100,"Copper","installation_demand","kt",1.18997172195931
"1099","USA","Current Trade","Current","Reactor - Mod.","Fuel - Mod.","Nuclear - SMR - BWR",2100,"Zirconium","installation_demand","kt",0.0291421646194118
"1100","USA","Current Trade","Current","Reactor - Mod.","Fuel - Mod.","Nuclear - SMR - HTGR",2035,"Copper","installation_demand","kt",0.0730918114982646
"1101","USA","Current Trade","Current","Reactor - Mod.","Fuel - Mod.","Nuclear - SMR - HTGR",2035,"Graphite","installation_demand","kt",0.445860050139414
"1102","USA","Current Trade","Current","Reactor - Mod.","Fuel - Mod.","Nuclear - SMR - HTGR",2035,"Silicon carbide","installation_demand","kt",0.000730918114982646
"1103","USA","Current Trade","Current","Reactor - Mod.","Fuel - Mod.","Nuclear - SMR - HTGR",2040,"Copper","installation_demand","kt",0.129016856972374
"1104","USA","Current Trade","Current","Reactor - Mod.","Fuel - Mod.","Nuclear - SMR - HTGR",2040,"Graphite","installation_demand","kt",0.787002827531483
"1105","USA","Current Trade","Current","Reactor - Mod.","Fuel - Mod.","Nuclear - SMR - HTGR",2040,"Silicon carbide","installation_demand","kt",0.00129016856972374
"1106","USA","Current Trade","Current","Reactor - Mod.","Fuel - Mod.","Nuclear - SMR - HTGR",2045,"Copper","installation_demand","kt",0.186003623754317
"1107","USA","Current Trade","Current","Reactor - Mod.","Fuel - Mod.","Nuclear - SMR - HTGR",2045,"Graphite","installation_demand","kt",1.13462210490134
"1108","USA","Current Trade","Current","Reactor - Mod.","Fuel - Mod.","Nuclear - SMR - HTGR",2045,"Silicon carbide","installation_demand","kt",0.00186003623754317
"1109","USA","Current Trade","Current","Reactor - Mod.","Fuel - Mod.","Nuclear - SMR - HTGR",2050,"Copper","installation_demand","kt",0.393580361399574
"1110","USA","Current Trade","Current","Reactor - Mod.","Fuel - Mod.","Nuclear - SMR - HTGR",2050,"Graphite","installation_demand","kt",2.4008402045374
"1111","USA","Current Trade","Current","Reactor - Mod.","Fuel - Mod.","Nuclear - SMR - HTGR",2050,"Silicon carbide","installation_demand","kt",0.00393580361399574
"1112","USA","Current Trade","Current","Reactor - Mod.","Fuel - Mod.","Nuclear - SMR - HTGR",2055,"Copper","installation_demand","kt",0.374067995412928
"1113","USA","Current Trade","Current","Reactor - Mod.","Fuel - Mod.","Nuclear - SMR - HTGR",2055,"Graphite","installation_demand","kt",2.28181477201886
"1114","USA","Current Trade","Current","Reactor - Mod.","Fuel - Mod.","Nuclear - SMR - HTGR",2055,"Silicon carbide","installation_demand","kt",0.00374067995412928
"1115","USA","Current Trade","Current","Reactor - Mod.","Fuel - Mod.","Nuclear - SMR - HTGR",2060,"Copper","installation_demand","kt",0.354739624774878
"1116","USA","Current Trade","Current","Reactor - Mod.","Fuel - Mod.","Nuclear - SMR - HTGR",2060,"Graphite","installation_demand","kt",2.16391171112676
"1117","USA","Current Trade","Current","Reactor - Mod.","Fuel - Mod.","Nuclear - SMR - HTGR",2060,"Silicon carbide","installation_demand","kt",0.00354739624774878
"1118","USA","Current Trade","Current","Reactor - Mod.","Fuel - Mod.","Nuclear - SMR - HTGR",2065,"Copper","installation_demand","kt",0.402349443420886
"1119","USA","Current Trade","Current","Reactor - Mod.","Fuel - Mod.","Nuclear - SMR - HTGR",2065,"Graphite","installation_demand","kt",2.4543316048674
"1120","USA","Current Trade","Current","Reactor - Mod.","Fuel - Mod.","Nuclear - SMR - HTGR",2065,"Silicon carbide","installation_demand","kt",0.00402349443420886
"1121","USA","Current Trade","Current","Reactor - Mod.","Fuel - Mod.","Nuclear - SMR - HTGR",2070,"Copper","installation_demand","kt",0.433995961915416
"1122","USA","Current Trade","Current","Reactor - Mod.","Fuel - Mod.","Nuclear - SMR - HTGR",2070,"Graphite","installation_demand","kt",2.64737536768404
"1123","USA","Current Trade","Current","Reactor - Mod.","Fuel - Mod.","Nuclear - SMR - HTGR",2070,"Silicon carbide","installation_demand","kt",0.00433995961915416
"1124","USA","Current Trade","Current","Reactor - Mod.","Fuel - Mod.","Nuclear - SMR - HTGR",2075,"Copper","installation_demand","kt",0.437430541755904
"1125","USA","Current Trade","Current","Reactor - Mod.","Fuel - Mod.","Nuclear - SMR - HTGR",2075,"Graphite","installation_demand","kt",2.66832630471101
"1126","USA","Current Trade","Current","Reactor - Mod.","Fuel - Mod.","Nuclear - SMR - HTGR",2075,"Silicon carbide","installation_demand","kt",0.00437430541755904
"1127","USA","Current Trade","Current","Reactor - Mod.","Fuel - Mod.","Nuclear - SMR - HTGR",2080,"Copper","installation_demand","kt",0.563802635958252
"1128","USA","Current Trade","Current","Reactor - Mod.","Fuel - Mod.","Nuclear - SMR - HTGR",2080,"Graphite","installation_demand","kt",3.43919607934534
"1129","USA","Current Trade","Current","Reactor - Mod.","Fuel - Mod.","Nuclear - SMR - HTGR",2080,"Silicon carbide","installation_demand","kt",0.00563802635958252
"1130","USA","Current Trade","Current","Reactor - Mod.","Fuel - Mod.","Nuclear - SMR - HTGR",2085,"Copper","installation_demand","kt",0.441646079631552
"1131","USA","Current Trade","Current","Reactor - Mod.","Fuel - Mod.","Nuclear - SMR - HTGR",2085,"Graphite","installation_demand","kt",2.69404108575247
"1132","USA","Current Trade","Current","Reactor - Mod.","Fuel - Mod.","Nuclear - SMR - HTGR",2085,"Silicon carbide","installation_demand","kt",0.00441646079631552
"1133","USA","Current Trade","Current","Reactor - Mod.","Fuel - Mod.","Nuclear - SMR - HTGR",2090,"Copper","installation_demand","kt",0.3872897648703
"1134","USA","Current Trade","Current","Reactor - Mod.","Fuel - Mod.","Nuclear - SMR - HTGR",2090,"Graphite","installation_demand","kt",2.36246756570883
"1135","USA","Current Trade","Current","Reactor - Mod.","Fuel - Mod.","Nuclear - SMR - HTGR",2090,"Silicon carbide","installation_demand","kt",0.003872897648703
"1136","USA","Current Trade","Current","Reactor - Mod.","Fuel - Mod.","Nuclear - SMR - HTGR",2095,"Copper","installation_demand","kt",0.441916620940416
"1137","USA","Current Trade","Current","Reactor - Mod.","Fuel - Mod.","Nuclear - SMR - HTGR",2095,"Graphite","installation_demand","kt",2.69569138773654
"1138","USA","Current Trade","Current","Reactor - Mod.","Fuel - Mod.","Nuclear - SMR - HTGR",2095,"Silicon carbide","installation_demand","kt",0.00441916620940416
"1139","USA","Current Trade","Current","Reactor - Mod.","Fuel - Mod.","Nuclear - SMR - HTGR",2100,"Copper","installation_demand","kt",0.428565373274772
"1140","USA","Current Trade","Current","Reactor - Mod.","Fuel - Mod.","Nuclear - SMR - HTGR",2100,"Graphite","installation_demand","kt",2.61424877697611
"1141","USA","Current Trade","Current","Reactor - Mod.","Fuel - Mod.","Nuclear - SMR - HTGR",2100,"Silicon carbide","installation_demand","kt",0.00428565373274772
"1142","USA","Current Trade","Current","Reactor - Mod.","Fuel - Mod.","Nuclear - SMR - MSR",2035,"Copper","installation_demand","kt",0.037049439686461
"1143","USA","Current Trade","Current","Reactor - Mod.","Fuel - Mod.","Nuclear - SMR - MSR",2035,"Fluorine","installation_demand","kt",0.0016635198419221
"1144","USA","Current Trade","Current","Reactor - Mod.","Fuel - Mod.","Nuclear - SMR - MSR",2040,"Copper","installation_demand","kt",0.0588650185589974
"1145","USA","Current Trade","Current","Reactor - Mod.","Fuel - Mod.","Nuclear - SMR - MSR",2040,"Fluorine","installation_demand","kt",0.00264303933329898
"1146","USA","Current Trade","Current","Reactor - Mod.","Fuel - Mod.","Nuclear - SMR - MSR",2045,"Copper","installation_demand","kt",0.0737276176473074
"1147","USA","Current Trade","Current","Reactor - Mod.","Fuel - Mod.","Nuclear - SMR - MSR",2045,"Fluorine","installation_demand","kt",0.0033103700323641
"1148","USA","Current Trade","Current","Reactor - Mod.","Fuel - Mod.","Nuclear - SMR - MSR",2050,"Copper","installation_demand","kt",0.137764813601808
"1149","USA","Current Trade","Current","Reactor - Mod.","Fuel - Mod.","Nuclear - SMR - MSR",2050,"Fluorine","installation_demand","kt",0.0061856401307212
"1150","USA","Current Trade","Current","Reactor - Mod.","Fuel - Mod.","Nuclear - SMR - MSR",2055,"Copper","installation_demand","kt",0.106405873022493
"1151","USA","Current Trade","Current","Reactor - Mod.","Fuel - Mod.","Nuclear - SMR - MSR",2055,"Fluorine","installation_demand","kt",0.00477762369870994
"1152","USA","Current Trade","Current","Reactor - Mod.","Fuel - Mod.","Nuclear - SMR - MSR",2060,"Copper","installation_demand","kt",0.0901297807784012
"1153","USA","Current Trade","Current","Reactor - Mod.","Fuel - Mod.","Nuclear - SMR - MSR",2060,"Fluorine","installation_demand","kt",0.00404682715695021
"1154","USA","Current Trade","Current","Reactor - Mod.","Fuel - Mod.","Nuclear - SMR - MSR",2065,"Copper","installation_demand","kt",0.0956789441992536
"1155","USA","Current Trade","Current","Reactor - Mod.","Fuel - Mod.","Nuclear - SMR - MSR",2065,"Fluorine","installation_demand","kt",0.00429598459454649
"1156","USA","Current Trade","Current","Reactor - Mod.","Fuel - Mod.","Nuclear - SMR - MSR",2070,"Copper","installation_demand","kt",0.0978344156348616
"1157","USA","Current Trade","Current","Reactor - Mod.","Fuel - Mod.","Nuclear - SMR - MSR",2070,"Fluorine","installation_demand","kt",0.00439276526200529
"1158","USA","Current Trade","Current","Reactor - Mod.","Fuel - Mod.","Nuclear - SMR - MSR",2075,"Copper","installation_demand","kt",0.0942008482321864
"1159","USA","Current Trade","Current","Reactor - Mod.","Fuel - Mod.","Nuclear - SMR - MSR",2075,"Fluorine","installation_demand","kt",0.00422961808562517
"1160","USA","Current Trade","Current","Reactor - Mod.","Fuel - Mod.","Nuclear - SMR - MSR",2080,"Copper","installation_demand","kt",0.117081692026677
"1161","USA","Current Trade","Current","Reactor - Mod.","Fuel - Mod.","Nuclear - SMR - MSR",2080,"Fluorine","installation_demand","kt",0.00525696797199782
"1162","USA","Current Trade","Current","Reactor - Mod.","Fuel - Mod.","Nuclear - SMR - MSR",2085,"Copper","installation_demand","kt",0.0888799753364458
"1163","USA","Current Trade","Current","Reactor - Mod.","Fuel - Mod.","Nuclear - SMR - MSR",2085,"Fluorine","installation_demand","kt",0.00399071089260642
"1164","USA","Current Trade","Current","Reactor - Mod.","Fuel - Mod.","Nuclear - SMR - MSR",2090,"Copper","installation_demand","kt",0.076694713009507
"1165","USA","Current Trade","Current","Reactor - Mod.","Fuel - Mod.","Nuclear - SMR - MSR",2090,"Fluorine","installation_demand","kt",0.00344359261412686
"1166","USA","Current Trade","Current","Reactor - Mod.","Fuel - Mod.","Nuclear - SMR - MSR",2095,"Copper","installation_demand","kt",0.0865759446934514
"1167","USA","Current Trade","Current","Reactor - Mod.","Fuel - Mod.","Nuclear - SMR - MSR",2095,"Fluorine","installation_demand","kt",0.00388725991673597
"1168","USA","Current Trade","Current","Reactor - Mod.","Fuel - Mod.","Nuclear - SMR - MSR",2100,"Copper","installation_demand","kt",0.082960776825636
"1169","USA","Current Trade","Current","Reactor - Mod.","Fuel - Mod.","Nuclear - SMR - MSR",2100,"Fluorine","installation_demand","kt",0.00372493887947106
"1170","USA","Current Trade","Current","Reactor - Mod.","Fuel - Mod.","Nuclear - SMR - PWR modular",2035,"Zirconium","installation_demand","kt",0.00213902770315744
"1171","USA","Current Trade","Current","Reactor - Mod.","Fuel - Mod.","Nuclear - SMR - PWR modular",2040,"Zirconium","installation_demand","kt",0.00339064584002872
"1172","USA","Current Trade","Current","Reactor - Mod.","Fuel - Mod.","Nuclear - SMR - PWR modular",2045,"Zirconium","installation_demand","kt",0.00393046774888642
"1173","USA","Current Trade","Current","Reactor - Mod.","Fuel - Mod.","Nuclear - SMR - PWR modular",2050,"Zirconium","installation_demand","kt",0.00744980811329532
"1174","USA","Current Trade","Current","Reactor - Mod.","Fuel - Mod.","Nuclear - SMR - PWR modular",2055,"Zirconium","installation_demand","kt",0.00579691656506034
"1175","USA","Current Trade","Current","Reactor - Mod.","Fuel - Mod.","Nuclear - SMR - PWR modular",2060,"Zirconium","installation_demand","kt",0.00493896669847742
"1176","USA","Current Trade","Current","Reactor - Mod.","Fuel - Mod.","Nuclear - SMR - PWR modular",2065,"Zirconium","installation_demand","kt",0.0052819135843357
"1177","USA","Current Trade","Current","Reactor - Mod.","Fuel - Mod.","Nuclear - SMR - PWR modular",2070,"Zirconium","installation_demand","kt",0.00544376815931871
"1178","USA","Current Trade","Current","Reactor - Mod.","Fuel - Mod.","Nuclear - SMR - PWR modular",2075,"Zirconium","installation_demand","kt",0.00527639372387777
"1179","USA","Current Trade","Current","Reactor - Mod.","Fuel - Mod.","Nuclear - SMR - PWR modular",2080,"Zirconium","installation_demand","kt",0.00659821630820286
"1180","USA","Current Trade","Current","Reactor - Mod.","Fuel - Mod.","Nuclear - SMR - PWR modular",2085,"Zirconium","installation_demand","kt",0.00505649883837603
"1181","USA","Current Trade","Current","Reactor - Mod.","Fuel - Mod.","Nuclear - SMR - PWR modular",2090,"Zirconium","installation_demand","kt",0.00440045320098752
"1182","USA","Current Trade","Current","Reactor - Mod.","Fuel - Mod.","Nuclear - SMR - PWR modular",2095,"Zirconium","installation_demand","kt",0.00500477570149249
"1183","USA","Current Trade","Current","Reactor - Mod.","Fuel - Mod.","Nuclear - SMR - PWR modular",2100,"Zirconium","installation_demand","kt",0.004831860961666
"1184","USA","Current Trade","Current","Reactor - Mod.","Fuel - Mod.","Nuclear - SMR - SFR",2035,"Copper","installation_demand","kt",0.0725221073818662
"1185","USA","Current Trade","Current","Reactor - Mod.","Fuel - Mod.","Nuclear - SMR - SFR",2040,"Copper","installation_demand","kt",0.120310469662438
"1186","USA","Current Trade","Current","Reactor - Mod.","Fuel - Mod.","Nuclear - SMR - SFR",2045,"Copper","installation_demand","kt",0.166697741436652
"1187","USA","Current Trade","Current","Reactor - Mod.","Fuel - Mod.","Nuclear - SMR - SFR",2050,"Copper","installation_demand","kt",0.33465551027907
"1188","USA","Current Trade","Current","Reactor - Mod.","Fuel - Mod.","Nuclear - SMR - SFR",2055,"Copper","installation_demand","kt",0.277154237985308
"1189","USA","Current Trade","Current","Reactor - Mod.","Fuel - Mod.","Nuclear - SMR - SFR",2060,"Copper","installation_demand","kt",0.242887489433896
"1190","USA","Current Trade","Current","Reactor - Mod.","Fuel - Mod.","Nuclear - SMR - SFR",2065,"Copper","installation_demand","kt",0.263691230181998
"1191","USA","Current Trade","Current","Reactor - Mod.","Fuel - Mod.","Nuclear - SMR - SFR",2070,"Copper","installation_demand","kt",0.274919035231974
"1192","USA","Current Trade","Current","Reactor - Mod.","Fuel - Mod.","Nuclear - SMR - SFR",2075,"Copper","installation_demand","kt",0.268997792328402
"1193","USA","Current Trade","Current","Reactor - Mod.","Fuel - Mod.","Nuclear - SMR - SFR",2080,"Copper","installation_demand","kt",0.33874906605324
"1194","USA","Current Trade","Current","Reactor - Mod.","Fuel - Mod.","Nuclear - SMR - SFR",2085,"Copper","installation_demand","kt",0.261057370840036
"1195","USA","Current Trade","Current","Reactor - Mod.","Fuel - Mod.","Nuclear - SMR - SFR",2090,"Copper","installation_demand","kt",0.227739901994536
"1196","USA","Current Trade","Current","Reactor - Mod.","Fuel - Mod.","Nuclear - SMR - SFR",2095,"Copper","installation_demand","kt",0.259372791203986
"1197","USA","Current Trade","Current","Reactor - Mod.","Fuel - Mod.","Nuclear - SMR - SFR",2100,"Copper","installation_demand","kt",0.25078702306702
"1198","USA","Current Trade - Lower Intl. Nuc","Current","Lower Int. Nuc","Fuel - Mod.","Nuclear - Large - PWR",2030,"Copper","installation_demand","kt",0.312287127603636
"1199","USA","Current Trade - Lower Intl. Nuc","Current","Lower Int. Nuc","Fuel - Mod.","Nuclear - Large - PWR",2030,"Hafnium","installation_demand","kt",0.000156143563801818
"1200","USA","Current Trade - Lower Intl. Nuc","Current","Lower Int. Nuc","Fuel - Mod.","Nuclear - Large - PWR",2030,"Zirconium","installation_demand","kt",0.0078071781900909
"1201","USA","Current Trade - Lower Intl. Nuc","Current","Lower Int. Nuc","Fuel - Mod.","Nuclear - Large - PWR",2035,"Copper","installation_demand","kt",0.581937762687434
"1202","USA","Current Trade - Lower Intl. Nuc","Current","Lower Int. Nuc","Fuel - Mod.","Nuclear - Large - PWR",2035,"Hafnium","installation_demand","kt",0.000290968881343717
"1203","USA","Current Trade - Lower Intl. Nuc","Current","Lower Int. Nuc","Fuel - Mod.","Nuclear - Large - PWR",2035,"Zirconium","installation_demand","kt",0.0145484440671858
"1204","USA","Current Trade - Lower Intl. Nuc","Current","Lower Int. Nuc","Fuel - Mod.","Nuclear - Large - PWR",2040,"Copper","installation_demand","kt",1.2652678658802
"1205","USA","Current Trade - Lower Intl. Nuc","Current","Lower Int. Nuc","Fuel - Mod.","Nuclear - Large - PWR",2040,"Hafnium","installation_demand","kt",0.000632633932940101
"1206","USA","Current Trade - Lower Intl. Nuc","Current","Lower Int. Nuc","Fuel - Mod.","Nuclear - Large - PWR",2040,"Zirconium","installation_demand","kt",0.0316316966470051
"1207","USA","Current Trade - Lower Intl. Nuc","Current","Lower Int. Nuc","Fuel - Mod.","Nuclear - Large - PWR",2045,"Copper","installation_demand","kt",1.58069722515933
"1208","USA","Current Trade - Lower Intl. Nuc","Current","Lower Int. Nuc","Fuel - Mod.","Nuclear - Large - PWR",2045,"Hafnium","installation_demand","kt",0.000790348612579667
"1209","USA","Current Trade - Lower Intl. Nuc","Current","Lower Int. Nuc","Fuel - Mod.","Nuclear - Large - PWR",2045,"Zirconium","installation_demand","kt",0.0395174306289834
"1210","USA","Current Trade - Lower Intl. Nuc","Current","Lower Int. Nuc","Fuel - Mod.","Nuclear - Large - PWR",2050,"Copper","installation_demand","kt",3.10245460698458
"1211","USA","Current Trade - Lower Intl. Nuc","Current","Lower Int. Nuc","Fuel - Mod.","Nuclear - Large - PWR",2050,"Hafnium","installation_demand","kt",0.00155122730349229
"1212","USA","Current Trade - Lower Intl. Nuc","Current","Lower Int. Nuc","Fuel - Mod.","Nuclear - Large - PWR",2050,"Zirconium","installation_demand","kt",0.0775613651746145
"1213","USA","Current Trade - Lower Intl. Nuc","Current","Lower Int. Nuc","Fuel - Mod.","Nuclear - Large - PWR",2055,"Copper","installation_demand","kt",3.1143597875031
"1214","USA","Current Trade - Lower Intl. Nuc","Current","Lower Int. Nuc","Fuel - Mod.","Nuclear - Large - PWR",2055,"Hafnium","installation_demand","kt",0.00155717989375155
"1215","USA","Current Trade - Lower Intl. Nuc","Current","Lower Int. Nuc","Fuel - Mod.","Nuclear - Large - PWR",2055,"Zirconium","installation_demand","kt",0.0778589946875775
"1216","USA","Current Trade - Lower Intl. Nuc","Current","Lower Int. Nuc","Fuel - Mod.","Nuclear - Large - PWR",2060,"Copper","installation_demand","kt",2.92323632280798
"1217","USA","Current Trade - Lower Intl. Nuc","Current","Lower Int. Nuc","Fuel - Mod.","Nuclear - Large - PWR",2060,"Hafnium","installation_demand","kt",0.00146161816140399
"1218","USA","Current Trade - Lower Intl. Nuc","Current","Lower Int. Nuc","Fuel - Mod.","Nuclear - Large - PWR",2060,"Zirconium","installation_demand","kt",0.0730809080701995
"1219","USA","Current Trade - Lower Intl. Nuc","Current","Lower Int. Nuc","Fuel - Mod.","Nuclear - Large - PWR",2065,"Copper","installation_demand","kt",3.25115010722158
"1220","USA","Current Trade - Lower Intl. Nuc","Current","Lower Int. Nuc","Fuel - Mod.","Nuclear - Large - PWR",2065,"Hafnium","installation_demand","kt",0.00162557505361079
"1221","USA","Current Trade - Lower Intl. Nuc","Current","Lower Int. Nuc","Fuel - Mod.","Nuclear - Large - PWR",2065,"Zirconium","installation_demand","kt",0.0812787526805395
"1222","USA","Current Trade - Lower Intl. Nuc","Current","Lower Int. Nuc","Fuel - Mod.","Nuclear - Large - PWR",2070,"Copper","installation_demand","kt",3.43006854712638
"1223","USA","Current Trade - Lower Intl. Nuc","Current","Lower Int. Nuc","Fuel - Mod.","Nuclear - Large - PWR",2070,"Hafnium","installation_demand","kt",0.00171503427356319
"1224","USA","Current Trade - Lower Intl. Nuc","Current","Lower Int. Nuc","Fuel - Mod.","Nuclear - Large - PWR",2070,"Zirconium","installation_demand","kt",0.0857517136781595
"1225","USA","Current Trade - Lower Intl. Nuc","Current","Lower Int. Nuc","Fuel - Mod.","Nuclear - Large - PWR",2075,"Copper","installation_demand","kt",3.3654316626283
"1226","USA","Current Trade - Lower Intl. Nuc","Current","Lower Int. Nuc","Fuel - Mod.","Nuclear - Large - PWR",2075,"Hafnium","installation_demand","kt",0.00168271583131415
"1227","USA","Current Trade - Lower Intl. Nuc","Current","Lower Int. Nuc","Fuel - Mod.","Nuclear - Large - PWR",2075,"Zirconium","installation_demand","kt",0.0841357915657075
"1228","USA","Current Trade - Lower Intl. Nuc","Current","Lower Int. Nuc","Fuel - Mod.","Nuclear - Large - PWR",2080,"Copper","installation_demand","kt",3.8596227250338
"1229","USA","Current Trade - Lower Intl. Nuc","Current","Lower Int. Nuc","Fuel - Mod.","Nuclear - Large - PWR",2080,"Hafnium","installation_demand","kt",0.0019298113625169
"1230","USA","Current Trade - Lower Intl. Nuc","Current","Lower Int. Nuc","Fuel - Mod.","Nuclear - Large - PWR",2080,"Zirconium","installation_demand","kt",0.096490568125845
"1231","USA","Current Trade - Lower Intl. Nuc","Current","Lower Int. Nuc","Fuel - Mod.","Nuclear - Large - PWR",2085,"Copper","installation_demand","kt",2.30174773774312
"1232","USA","Current Trade - Lower Intl. Nuc","Current","Lower Int. Nuc","Fuel - Mod.","Nuclear - Large - PWR",2085,"Hafnium","installation_demand","kt",0.00115087386887156
"1233","USA","Current Trade - Lower Intl. Nuc","Current","Lower Int. Nuc","Fuel - Mod.","Nuclear - Large - PWR",2085,"Zirconium","installation_demand","kt",0.057543693443578
"1234","USA","Current Trade - Lower Intl. Nuc","Current","Lower Int. Nuc","Fuel - Mod.","Nuclear - Large - PWR",2090,"Copper","installation_demand","kt",1.81564565603337
"1235","USA","Current Trade - Lower Intl. Nuc","Current","Lower Int. Nuc","Fuel - Mod.","Nuclear - Large - PWR",2090,"Hafnium","installation_demand","kt",0.000907822828016685
"1236","USA","Current Trade - Lower Intl. Nuc","Current","Lower Int. Nuc","Fuel - Mod.","Nuclear - Large - PWR",2090,"Zirconium","installation_demand","kt",0.0453911414008343
"1237","USA","Current Trade - Lower Intl. Nuc","Current","Lower Int. Nuc","Fuel - Mod.","Nuclear - Large - PWR",2095,"Copper","installation_demand","kt",1.92722179835146
"1238","USA","Current Trade - Lower Intl. Nuc","Current","Lower Int. Nuc","Fuel - Mod.","Nuclear - Large - PWR",2095,"Hafnium","installation_demand","kt",0.000963610899175728
"1239","USA","Current Trade - Lower Intl. Nuc","Current","Lower Int. Nuc","Fuel - Mod.","Nuclear - Large - PWR",2095,"Zirconium","installation_demand","kt",0.0481805449587864
"1240","USA","Current Trade - Lower Intl. Nuc","Current","Lower Int. Nuc","Fuel - Mod.","Nuclear - Large - PWR",2100,"Copper","installation_demand","kt",1.79434308345129
"1241","USA","Current Trade - Lower Intl. Nuc","Current","Lower Int. Nuc","Fuel - Mod.","Nuclear - Large - PWR",2100,"Hafnium","installation_demand","kt",0.000897171541725647
"1242","USA","Current Trade - Lower Intl. Nuc","Current","Lower Int. Nuc","Fuel - Mod.","Nuclear - Large - PWR",2100,"Zirconium","installation_demand","kt",0.0448585770862824
"1243","USA","Current Trade - Lower Intl. Nuc","Current","Lower Int. Nuc","Fuel - Mod.","Nuclear - SMR - BWR",2035,"Copper","installation_demand","kt",0.127131402118154
"1244","USA","Current Trade - Lower Intl. Nuc","Current","Lower Int. Nuc","Fuel - Mod.","Nuclear - SMR - BWR",2035,"Zirconium","installation_demand","kt",0.00311342209268949
"1245","USA","Current Trade - Lower Intl. Nuc","Current","Lower Int. Nuc","Fuel - Mod.","Nuclear - SMR - BWR",2040,"Copper","installation_demand","kt",0.265173891959567
"1246","USA","Current Trade - Lower Intl. Nuc","Current","Lower Int. Nuc","Fuel - Mod.","Nuclear - SMR - BWR",2040,"Zirconium","installation_demand","kt",0.00649405449696898
"1247","USA","Current Trade - Lower Intl. Nuc","Current","Lower Int. Nuc","Fuel - Mod.","Nuclear - SMR - BWR",2045,"Copper","installation_demand","kt",0.421093656085708
"1248","USA","Current Trade - Lower Intl. Nuc","Current","Lower Int. Nuc","Fuel - Mod.","Nuclear - SMR - BWR",2045,"Zirconium","installation_demand","kt",0.0103124977000582
"1249","USA","Current Trade - Lower Intl. Nuc","Current","Lower Int. Nuc","Fuel - Mod.","Nuclear - SMR - BWR",2050,"Copper","installation_demand","kt",0.967627756148102
"1250","USA","Current Trade - Lower Intl. Nuc","Current","Lower Int. Nuc","Fuel - Mod.","Nuclear - SMR - BWR",2050,"Zirconium","installation_demand","kt",0.0236970062730148
"1251","USA","Current Trade - Lower Intl. Nuc","Current","Lower Int. Nuc","Fuel - Mod.","Nuclear - SMR - BWR",2055,"Copper","installation_demand","kt",1.12584954741233
"1252","USA","Current Trade - Lower Intl. Nuc","Current","Lower Int. Nuc","Fuel - Mod.","Nuclear - SMR - BWR",2055,"Zirconium","installation_demand","kt",0.0275718256509142
"1253","USA","Current Trade - Lower Intl. Nuc","Current","Lower Int. Nuc","Fuel - Mod.","Nuclear - SMR - BWR",2060,"Copper","installation_demand","kt",1.157745345531
"1254","USA","Current Trade - Lower Intl. Nuc","Current","Lower Int. Nuc","Fuel - Mod.","Nuclear - SMR - BWR",2060,"Zirconium","installation_demand","kt",0.0283529472374938
"1255","USA","Current Trade - Lower Intl. Nuc","Current","Lower Int. Nuc","Fuel - Mod.","Nuclear - SMR - BWR",2065,"Copper","installation_demand","kt",1.36910509568985
"1256","USA","Current Trade - Lower Intl. Nuc","Current","Lower Int. Nuc","Fuel - Mod.","Nuclear - SMR - BWR",2065,"Zirconium","installation_demand","kt",0.0335291043842412
"1257","USA","Current Trade - Lower Intl. Nuc","Current","Lower Int. Nuc","Fuel - Mod.","Nuclear - SMR - BWR",2070,"Copper","installation_demand","kt",1.52009924300225
"1258","USA","Current Trade - Lower Intl. Nuc","Current","Lower Int. Nuc","Fuel - Mod.","Nuclear - SMR - BWR",2070,"Zirconium","installation_demand","kt",0.0372269202367897
"1259","USA","Current Trade - Lower Intl. Nuc","Current","Lower Int. Nuc","Fuel - Mod.","Nuclear - SMR - BWR",2075,"Copper","installation_demand","kt",1.56362538710577
"1260","USA","Current Trade - Lower Intl. Nuc","Current","Lower Int. Nuc","Fuel - Mod.","Nuclear - SMR - BWR",2075,"Zirconium","installation_demand","kt",0.0382928666229984
"1261","USA","Current Trade - Lower Intl. Nuc","Current","Lower Int. Nuc","Fuel - Mod.","Nuclear - SMR - BWR",2080,"Copper","installation_demand","kt",1.92534818053133
"1262","USA","Current Trade - Lower Intl. Nuc","Current","Lower Int. Nuc","Fuel - Mod.","Nuclear - SMR - BWR",2080,"Zirconium","installation_demand","kt",0.0471513840130122
"1263","USA","Current Trade - Lower Intl. Nuc","Current","Lower Int. Nuc","Fuel - Mod.","Nuclear - SMR - BWR",2085,"Copper","installation_demand","kt",1.29927293215805
"1264","USA","Current Trade - Lower Intl. Nuc","Current","Lower Int. Nuc","Fuel - Mod.","Nuclear - SMR - BWR",2085,"Zirconium","installation_demand","kt",0.0318189289508094
"1265","USA","Current Trade - Lower Intl. Nuc","Current","Lower Int. Nuc","Fuel - Mod.","Nuclear - SMR - BWR",2090,"Copper","installation_demand","kt",1.08643058836806
"1266","USA","Current Trade - Lower Intl. Nuc","Current","Lower Int. Nuc","Fuel - Mod.","Nuclear - SMR - BWR",2090,"Zirconium","installation_demand","kt",0.0266064633886055
"1267","USA","Current Trade - Lower Intl. Nuc","Current","Lower Int. Nuc","Fuel - Mod.","Nuclear - SMR - BWR",2095,"Copper","installation_demand","kt",1.20468746550087
"1268","USA","Current Trade - Lower Intl. Nuc","Current","Lower Int. Nuc","Fuel - Mod.","Nuclear - SMR - BWR",2095,"Zirconium","installation_demand","kt",0.0295025501755315
"1269","USA","Current Trade - Lower Intl. Nuc","Current","Lower Int. Nuc","Fuel - Mod.","Nuclear - SMR - BWR",2100,"Copper","installation_demand","kt",1.1568237332738
"1270","USA","Current Trade - Lower Intl. Nuc","Current","Lower Int. Nuc","Fuel - Mod.","Nuclear - SMR - BWR",2100,"Zirconium","installation_demand","kt",0.0283303771413992
"1271","USA","Current Trade - Lower Intl. Nuc","Current","Lower Int. Nuc","Fuel - Mod.","Nuclear - SMR - HTGR",2035,"Copper","installation_demand","kt",0.0733528123075716
"1272","USA","Current Trade - Lower Intl. Nuc","Current","Lower Int. Nuc","Fuel - Mod.","Nuclear - SMR - HTGR",2035,"Graphite","installation_demand","kt",0.447452155076187
"1273","USA","Current Trade - Lower Intl. Nuc","Current","Lower Int. Nuc","Fuel - Mod.","Nuclear - SMR - HTGR",2035,"Silicon carbide","installation_demand","kt",0.000733528123075716
"1274","USA","Current Trade - Lower Intl. Nuc","Current","Lower Int. Nuc","Fuel - Mod.","Nuclear - SMR - HTGR",2040,"Copper","installation_demand","kt",0.130660548753179
"1275","USA","Current Trade - Lower Intl. Nuc","Current","Lower Int. Nuc","Fuel - Mod.","Nuclear - SMR - HTGR",2040,"Graphite","installation_demand","kt",0.797029347394394
"1276","USA","Current Trade - Lower Intl. Nuc","Current","Lower Int. Nuc","Fuel - Mod.","Nuclear - SMR - HTGR",2040,"Silicon carbide","installation_demand","kt",0.00130660548753179
"1277","USA","Current Trade - Lower Intl. Nuc","Current","Lower Int. Nuc","Fuel - Mod.","Nuclear - SMR - HTGR",2045,"Copper","installation_demand","kt",0.191028741163794
"1278","USA","Current Trade - Lower Intl. Nuc","Current","Lower Int. Nuc","Fuel - Mod.","Nuclear - SMR - HTGR",2045,"Graphite","installation_demand","kt",1.16527532109914
"1279","USA","Current Trade - Lower Intl. Nuc","Current","Lower Int. Nuc","Fuel - Mod.","Nuclear - SMR - HTGR",2045,"Silicon carbide","installation_demand","kt",0.00191028741163794
"1280","USA","Current Trade - Lower Intl. Nuc","Current","Lower Int. Nuc","Fuel - Mod.","Nuclear - SMR - HTGR",2050,"Copper","installation_demand","kt",0.416519129655662
"1281","USA","Current Trade - Lower Intl. Nuc","Current","Lower Int. Nuc","Fuel - Mod.","Nuclear - SMR - HTGR",2050,"Graphite","installation_demand","kt",2.54076669089954
"1282","USA","Current Trade - Lower Intl. Nuc","Current","Lower Int. Nuc","Fuel - Mod.","Nuclear - SMR - HTGR",2050,"Silicon carbide","installation_demand","kt",0.00416519129655662
"1283","USA","Current Trade - Lower Intl. Nuc","Current","Lower Int. Nuc","Fuel - Mod.","Nuclear - SMR - HTGR",2055,"Copper","installation_demand","kt",0.462316253385856
"1284","USA","Current Trade - Lower Intl. Nuc","Current","Lower Int. Nuc","Fuel - Mod.","Nuclear - SMR - HTGR",2055,"Graphite","installation_demand","kt",2.82012914565372
"1285","USA","Current Trade - Lower Intl. Nuc","Current","Lower Int. Nuc","Fuel - Mod.","Nuclear - SMR - HTGR",2055,"Silicon carbide","installation_demand","kt",0.00462316253385856
"1286","USA","Current Trade - Lower Intl. Nuc","Current","Lower Int. Nuc","Fuel - Mod.","Nuclear - SMR - HTGR",2060,"Copper","installation_demand","kt",0.462473671628544
"1287","USA","Current Trade - Lower Intl. Nuc","Current","Lower Int. Nuc","Fuel - Mod.","Nuclear - SMR - HTGR",2060,"Graphite","installation_demand","kt",2.82108939693412
"1288","USA","Current Trade - Lower Intl. Nuc","Current","Lower Int. Nuc","Fuel - Mod.","Nuclear - SMR - HTGR",2060,"Silicon carbide","installation_demand","kt",0.00462473671628544
"1289","USA","Current Trade - Lower Intl. Nuc","Current","Lower Int. Nuc","Fuel - Mod.","Nuclear - SMR - HTGR",2065,"Copper","installation_demand","kt",0.53710968112652
"1290","USA","Current Trade - Lower Intl. Nuc","Current","Lower Int. Nuc","Fuel - Mod.","Nuclear - SMR - HTGR",2065,"Graphite","installation_demand","kt",3.27636905487177
"1291","USA","Current Trade - Lower Intl. Nuc","Current","Lower Int. Nuc","Fuel - Mod.","Nuclear - SMR - HTGR",2065,"Silicon carbide","installation_demand","kt",0.0053710968112652
"1292","USA","Current Trade - Lower Intl. Nuc","Current","Lower Int. Nuc","Fuel - Mod.","Nuclear - SMR - HTGR",2070,"Copper","installation_demand","kt",0.587800399665156
"1293","USA","Current Trade - Lower Intl. Nuc","Current","Lower Int. Nuc","Fuel - Mod.","Nuclear - SMR - HTGR",2070,"Graphite","installation_demand","kt",3.58558243795745
"1294","USA","Current Trade - Lower Intl. Nuc","Current","Lower Int. Nuc","Fuel - Mod.","Nuclear - SMR - HTGR",2070,"Silicon carbide","installation_demand","kt",0.00587800399665156
"1295","USA","Current Trade - Lower Intl. Nuc","Current","Lower Int. Nuc","Fuel - Mod.","Nuclear - SMR - HTGR",2075,"Copper","installation_demand","kt",0.597658461564462
"1296","USA","Current Trade - Lower Intl. Nuc","Current","Lower Int. Nuc","Fuel - Mod.","Nuclear - SMR - HTGR",2075,"Graphite","installation_demand","kt",3.64571661554322
"1297","USA","Current Trade - Lower Intl. Nuc","Current","Lower Int. Nuc","Fuel - Mod.","Nuclear - SMR - HTGR",2075,"Silicon carbide","installation_demand","kt",0.00597658461564462
"1298","USA","Current Trade - Lower Intl. Nuc","Current","Lower Int. Nuc","Fuel - Mod.","Nuclear - SMR - HTGR",2080,"Copper","installation_demand","kt",0.726808885530634
"1299","USA","Current Trade - Lower Intl. Nuc","Current","Lower Int. Nuc","Fuel - Mod.","Nuclear - SMR - HTGR",2080,"Graphite","installation_demand","kt",4.43353420173687
"1300","USA","Current Trade - Lower Intl. Nuc","Current","Lower Int. Nuc","Fuel - Mod.","Nuclear - SMR - HTGR",2080,"Silicon carbide","installation_demand","kt",0.00726808885530634
"1301","USA","Current Trade - Lower Intl. Nuc","Current","Lower Int. Nuc","Fuel - Mod.","Nuclear - SMR - HTGR",2085,"Copper","installation_demand","kt",0.482038510362754
"1302","USA","Current Trade - Lower Intl. Nuc","Current","Lower Int. Nuc","Fuel - Mod.","Nuclear - SMR - HTGR",2085,"Graphite","installation_demand","kt",2.9404349132128
"1303","USA","Current Trade - Lower Intl. Nuc","Current","Lower Int. Nuc","Fuel - Mod.","Nuclear - SMR - HTGR",2085,"Silicon carbide","installation_demand","kt",0.00482038510362754
"1304","USA","Current Trade - Lower Intl. Nuc","Current","Lower Int. Nuc","Fuel - Mod.","Nuclear - SMR - HTGR",2090,"Copper","installation_demand","kt",0.399697184544064
"1305","USA","Current Trade - Lower Intl. Nuc","Current","Lower Int. Nuc","Fuel - Mod.","Nuclear - SMR - HTGR",2090,"Graphite","installation_demand","kt",2.43815282571879
"1306","USA","Current Trade - Lower Intl. Nuc","Current","Lower Int. Nuc","Fuel - Mod.","Nuclear - SMR - HTGR",2090,"Silicon carbide","installation_demand","kt",0.00399697184544064
"1307","USA","Current Trade - Lower Intl. Nuc","Current","Lower Int. Nuc","Fuel - Mod.","Nuclear - SMR - HTGR",2095,"Copper","installation_demand","kt",0.440500538220468
"1308","USA","Current Trade - Lower Intl. Nuc","Current","Lower Int. Nuc","Fuel - Mod.","Nuclear - SMR - HTGR",2095,"Graphite","installation_demand","kt",2.68705328314485
"1309","USA","Current Trade - Lower Intl. Nuc","Current","Lower Int. Nuc","Fuel - Mod.","Nuclear - SMR - HTGR",2095,"Silicon carbide","installation_demand","kt",0.00440500538220468
"1310","USA","Current Trade - Lower Intl. Nuc","Current","Lower Int. Nuc","Fuel - Mod.","Nuclear - SMR - HTGR",2100,"Copper","installation_demand","kt",0.420960913663658
"1311","USA","Current Trade - Lower Intl. Nuc","Current","Lower Int. Nuc","Fuel - Mod.","Nuclear - SMR - HTGR",2100,"Graphite","installation_demand","kt",2.56786157334831
"1312","USA","Current Trade - Lower Intl. Nuc","Current","Lower Int. Nuc","Fuel - Mod.","Nuclear - SMR - HTGR",2100,"Silicon carbide","installation_demand","kt",0.00420960913663658
"1313","USA","Current Trade - Lower Intl. Nuc","Current","Lower Int. Nuc","Fuel - Mod.","Nuclear - SMR - MSR",2035,"Copper","installation_demand","kt",0.0372908824716764
"1314","USA","Current Trade - Lower Intl. Nuc","Current","Lower Int. Nuc","Fuel - Mod.","Nuclear - SMR - MSR",2035,"Fluorine","installation_demand","kt",0.00167436062297827
"1315","USA","Current Trade - Lower Intl. Nuc","Current","Lower Int. Nuc","Fuel - Mod.","Nuclear - SMR - MSR",2040,"Copper","installation_demand","kt",0.0600081748451918
"1316","USA","Current Trade - Lower Intl. Nuc","Current","Lower Int. Nuc","Fuel - Mod.","Nuclear - SMR - MSR",2040,"Fluorine","installation_demand","kt",0.00269436705054911
"1317","USA","Current Trade - Lower Intl. Nuc","Current","Lower Int. Nuc","Fuel - Mod.","Nuclear - SMR - MSR",2045,"Copper","installation_demand","kt",0.0772875869105436
"1318","USA","Current Trade - Lower Intl. Nuc","Current","Lower Int. Nuc","Fuel - Mod.","Nuclear - SMR - MSR",2045,"Fluorine","installation_demand","kt",0.00347021265228341
"1319","USA","Current Trade - Lower Intl. Nuc","Current","Lower Int. Nuc","Fuel - Mod.","Nuclear - SMR - MSR",2050,"Copper","installation_demand","kt",0.152924667397742
"1320","USA","Current Trade - Lower Intl. Nuc","Current","Lower Int. Nuc","Fuel - Mod.","Nuclear - SMR - MSR",2050,"Fluorine","installation_demand","kt",0.0068663175661586
"1321","USA","Current Trade - Lower Intl. Nuc","Current","Lower Int. Nuc","Fuel - Mod.","Nuclear - SMR - MSR",2055,"Copper","installation_demand","kt",0.15326131073925
"1322","USA","Current Trade - Lower Intl. Nuc","Current","Lower Int. Nuc","Fuel - Mod.","Nuclear - SMR - MSR",2055,"Fluorine","installation_demand","kt",0.00688143285219231
"1323","USA","Current Trade - Lower Intl. Nuc","Current","Lower Int. Nuc","Fuel - Mod.","Nuclear - SMR - MSR",2060,"Copper","installation_demand","kt",0.142979378073915
"1324","USA","Current Trade - Lower Intl. Nuc","Current","Lower Int. Nuc","Fuel - Mod.","Nuclear - SMR - MSR",2060,"Fluorine","installation_demand","kt",0.00641977407551878
"1325","USA","Current Trade - Lower Intl. Nuc","Current","Lower Int. Nuc","Fuel - Mod.","Nuclear - SMR - MSR",2065,"Copper","installation_demand","kt",0.157979087770143
"1326","USA","Current Trade - Lower Intl. Nuc","Current","Lower Int. Nuc","Fuel - Mod.","Nuclear - SMR - MSR",2065,"Fluorine","installation_demand","kt",0.0070932610408794
"1327","USA","Current Trade - Lower Intl. Nuc","Current","Lower Int. Nuc","Fuel - Mod.","Nuclear - SMR - MSR",2070,"Copper","installation_demand","kt",0.165570599560428
"1328","USA","Current Trade - Lower Intl. Nuc","Current","Lower Int. Nuc","Fuel - Mod.","Nuclear - SMR - MSR",2070,"Fluorine","installation_demand","kt",0.00743411992026323
"1329","USA","Current Trade - Lower Intl. Nuc","Current","Lower Int. Nuc","Fuel - Mod.","Nuclear - SMR - MSR",2075,"Copper","installation_demand","kt",0.161605840530277
"1330","USA","Current Trade - Lower Intl. Nuc","Current","Lower Int. Nuc","Fuel - Mod.","Nuclear - SMR - MSR",2075,"Fluorine","installation_demand","kt",0.00725610223980946
"1331","USA","Current Trade - Lower Intl. Nuc","Current","Lower Int. Nuc","Fuel - Mod.","Nuclear - SMR - MSR",2080,"Copper","installation_demand","kt",0.18513066804486
"1332","USA","Current Trade - Lower Intl. Nuc","Current","Lower Int. Nuc","Fuel - Mod.","Nuclear - SMR - MSR",2080,"Fluorine","installation_demand","kt",0.00831236699521421
"1333","USA","Current Trade - Lower Intl. Nuc","Current","Lower Int. Nuc","Fuel - Mod.","Nuclear - SMR - MSR",2085,"Copper","installation_demand","kt",0.110846975566235
"1334","USA","Current Trade - Lower Intl. Nuc","Current","Lower Int. Nuc","Fuel - Mod.","Nuclear - SMR - MSR",2085,"Fluorine","installation_demand","kt",0.00497702920292397
"1335","USA","Current Trade - Lower Intl. Nuc","Current","Lower Int. Nuc","Fuel - Mod.","Nuclear - SMR - MSR",2090,"Copper","installation_demand","kt",0.0875184097568236
"1336","USA","Current Trade - Lower Intl. Nuc","Current","Lower Int. Nuc","Fuel - Mod.","Nuclear - SMR - MSR",2090,"Fluorine","installation_demand","kt",0.00392957659808138
"1337","USA","Current Trade - Lower Intl. Nuc","Current","Lower Int. Nuc","Fuel - Mod.","Nuclear - SMR - MSR",2095,"Copper","installation_demand","kt",0.092972849646361
"1338","USA","Current Trade - Lower Intl. Nuc","Current","Lower Int. Nuc","Fuel - Mod.","Nuclear - SMR - MSR",2095,"Fluorine","installation_demand","kt",0.00417448094912161
"1339","USA","Current Trade - Lower Intl. Nuc","Current","Lower Int. Nuc","Fuel - Mod.","Nuclear - SMR - MSR",2100,"Copper","installation_demand","kt",0.086509161196553
"1340","USA","Current Trade - Lower Intl. Nuc","Current","Lower Int. Nuc","Fuel - Mod.","Nuclear - SMR - MSR",2100,"Fluorine","installation_demand","kt",0.00388426133772523
"1341","USA","Current Trade - Lower Intl. Nuc","Current","Lower Int. Nuc","Fuel - Mod.","Nuclear - SMR - PWR modular",2035,"Zirconium","installation_demand","kt",0.0021545446442225
"1342","USA","Current Trade - Lower Intl. Nuc","Current","Lower Int. Nuc","Fuel - Mod.","Nuclear - SMR - PWR modular",2040,"Zirconium","installation_demand","kt",0.00346463241409257
"1343","USA","Current Trade - Lower Intl. Nuc","Current","Lower Int. Nuc","Fuel - Mod.","Nuclear - SMR - PWR modular",2045,"Zirconium","installation_demand","kt",0.00414604896565993
"1344","USA","Current Trade - Lower Intl. Nuc","Current","Lower Int. Nuc","Fuel - Mod.","Nuclear - SMR - PWR modular",2050,"Zirconium","installation_demand","kt",0.00839335670483136
"1345","USA","Current Trade - Lower Intl. Nuc","Current","Lower Int. Nuc","Fuel - Mod.","Nuclear - SMR - PWR modular",2055,"Zirconium","installation_demand","kt",0.00879227906451858
"1346","USA","Current Trade - Lower Intl. Nuc","Current","Lower Int. Nuc","Fuel - Mod.","Nuclear - SMR - PWR modular",2060,"Zirconium","installation_demand","kt",0.0085045307832396
"1347","USA","Current Trade - Lower Intl. Nuc","Current","Lower Int. Nuc","Fuel - Mod.","Nuclear - SMR - PWR modular",2065,"Zirconium","installation_demand","kt",0.00966413080188444
"1348","USA","Current Trade - Lower Intl. Nuc","Current","Lower Int. Nuc","Fuel - Mod.","Nuclear - SMR - PWR modular",2070,"Zirconium","installation_demand","kt",0.0103942243451197
"1349","USA","Current Trade - Lower Intl. Nuc","Current","Lower Int. Nuc","Fuel - Mod.","Nuclear - SMR - PWR modular",2075,"Zirconium","installation_demand","kt",0.0103598785467148
"1350","USA","Current Trade - Lower Intl. Nuc","Current","Lower Int. Nuc","Fuel - Mod.","Nuclear - SMR - PWR modular",2080,"Zirconium","installation_demand","kt",0.0119298699684428
"1351","USA","Current Trade - Lower Intl. Nuc","Current","Lower Int. Nuc","Fuel - Mod.","Nuclear - SMR - PWR modular",2085,"Zirconium","installation_demand","kt",0.00701625374021658
"1352","USA","Current Trade - Lower Intl. Nuc","Current","Lower Int. Nuc","Fuel - Mod.","Nuclear - SMR - PWR modular",2090,"Zirconium","installation_demand","kt",0.00549637038509
"1353","USA","Current Trade - Lower Intl. Nuc","Current","Lower Int. Nuc","Fuel - Mod.","Nuclear - SMR - PWR modular",2095,"Zirconium","installation_demand","kt",0.00579971738314456
"1354","USA","Current Trade - Lower Intl. Nuc","Current","Lower Int. Nuc","Fuel - Mod.","Nuclear - SMR - PWR modular",2100,"Zirconium","installation_demand","kt",0.00538603450771431
"1355","USA","Current Trade - Lower Intl. Nuc","Current","Lower Int. Nuc","Fuel - Mod.","Nuclear - SMR - SFR",2035,"Copper","installation_demand","kt",0.0729677850040248
"1356","USA","Current Trade - Lower Intl. Nuc","Current","Lower Int. Nuc","Fuel - Mod.","Nuclear - SMR - SFR",2040,"Copper","installation_demand","kt",0.123044504249747
"1357","USA","Current Trade - Lower Intl. Nuc","Current","Lower Int. Nuc","Fuel - Mod.","Nuclear - SMR - SFR",2045,"Copper","installation_demand","kt",0.175015694121771
"1358","USA","Current Trade - Lower Intl. Nuc","Current","Lower Int. Nuc","Fuel - Mod.","Nuclear - SMR - SFR",2050,"Copper","installation_demand","kt",0.373073739066246
"1359","USA","Current Trade - Lower Intl. Nuc","Current","Lower Int. Nuc","Fuel - Mod.","Nuclear - SMR - SFR",2055,"Copper","installation_demand","kt",0.406933653457982
"1360","USA","Current Trade - Lower Intl. Nuc","Current","Lower Int. Nuc","Fuel - Mod.","Nuclear - SMR - SFR",2060,"Copper","installation_demand","kt",0.402059139648654
"1361","USA","Current Trade - Lower Intl. Nuc","Current","Lower Int. Nuc","Fuel - Mod.","Nuclear - SMR - SFR",2065,"Copper","installation_demand","kt",0.46253500341141
"1362","USA","Current Trade - Lower Intl. Nuc","Current","Lower Int. Nuc","Fuel - Mod.","Nuclear - SMR - SFR",2070,"Copper","installation_demand","kt",0.502084462860334
"1363","USA","Current Trade - Lower Intl. Nuc","Current","Lower Int. Nuc","Fuel - Mod.","Nuclear - SMR - SFR",2075,"Copper","installation_demand","kt",0.504363960790182
"1364","USA","Current Trade - Lower Intl. Nuc","Current","Lower Int. Nuc","Fuel - Mod.","Nuclear - SMR - SFR",2080,"Copper","installation_demand","kt",0.587235465798536
"1365","USA","Current Trade - Lower Intl. Nuc","Current","Lower Int. Nuc","Fuel - Mod.","Nuclear - SMR - SFR",2085,"Copper","installation_demand","kt",0.352030122900716
"1366","USA","Current Trade - Lower Intl. Nuc","Current","Lower Int. Nuc","Fuel - Mod.","Nuclear - SMR - SFR",2090,"Copper","installation_demand","kt",0.278140998225194
"1367","USA","Current Trade - Lower Intl. Nuc","Current","Lower Int. Nuc","Fuel - Mod.","Nuclear - SMR - SFR",2095,"Copper","installation_demand","kt",0.295332296962496
"1368","USA","Current Trade - Lower Intl. Nuc","Current","Lower Int. Nuc","Fuel - Mod.","Nuclear - SMR - SFR",2100,"Copper","installation_demand","kt",0.275409008030648
"1369","USA","Limited Trade","Limited","Reactor - Mod.","Fuel - Mod.","Nuclear - Large - PWR",2030,"Copper","installation_demand","kt",0.312464989773948
"1370","USA","Limited Trade","Limited","Reactor - Mod.","Fuel - Mod.","Nuclear - Large - PWR",2030,"Hafnium","installation_demand","kt",0.000156232494886974
"1371","USA","Limited Trade","Limited","Reactor - Mod.","Fuel - Mod.","Nuclear - Large - PWR",2030,"Zirconium","installation_demand","kt",0.0078116247443487
"1372","USA","Limited Trade","Limited","Reactor - Mod.","Fuel - Mod.","Nuclear - Large - PWR",2035,"Copper","installation_demand","kt",0.579161477316372
"1373","USA","Limited Trade","Limited","Reactor - Mod.","Fuel - Mod.","Nuclear - Large - PWR",2035,"Hafnium","installation_demand","kt",0.000289580738658186
"1374","USA","Limited Trade","Limited","Reactor - Mod.","Fuel - Mod.","Nuclear - Large - PWR",2035,"Zirconium","installation_demand","kt",0.0144790369329093
"1375","USA","Limited Trade","Limited","Reactor - Mod.","Fuel - Mod.","Nuclear - Large - PWR",2040,"Copper","installation_demand","kt",1.12491348811295
"1376","USA","Limited Trade","Limited","Reactor - Mod.","Fuel - Mod.","Nuclear - Large - PWR",2040,"Hafnium","installation_demand","kt",0.000562456744056473
"1377","USA","Limited Trade","Limited","Reactor - Mod.","Fuel - Mod.","Nuclear - Large - PWR",2040,"Zirconium","installation_demand","kt",0.0281228372028237
"1378","USA","Limited Trade","Limited","Reactor - Mod.","Fuel - Mod.","Nuclear - Large - PWR",2045,"Copper","installation_demand","kt",1.23072444284164
"1379","USA","Limited Trade","Limited","Reactor - Mod.","Fuel - Mod.","Nuclear - Large - PWR",2045,"Hafnium","installation_demand","kt",0.00061536222142082
"1380","USA","Limited Trade","Limited","Reactor - Mod.","Fuel - Mod.","Nuclear - Large - PWR",2045,"Zirconium","installation_demand","kt",0.030768111071041
"1381","USA","Limited Trade","Limited","Reactor - Mod.","Fuel - Mod.","Nuclear - Large - PWR",2050,"Copper","installation_demand","kt",2.28976078151412
"1382","USA","Limited Trade","Limited","Reactor - Mod.","Fuel - Mod.","Nuclear - Large - PWR",2050,"Hafnium","installation_demand","kt",0.00114488039075706
"1383","USA","Limited Trade","Limited","Reactor - Mod.","Fuel - Mod.","Nuclear - Large - PWR",2050,"Zirconium","installation_demand","kt",0.057244019537853
"1384","USA","Limited Trade","Limited","Reactor - Mod.","Fuel - Mod.","Nuclear - Large - PWR",2055,"Copper","installation_demand","kt",2.02663380373448
"1385","USA","Limited Trade","Limited","Reactor - Mod.","Fuel - Mod.","Nuclear - Large - PWR",2055,"Hafnium","installation_demand","kt",0.00101331690186724
"1386","USA","Limited Trade","Limited","Reactor - Mod.","Fuel - Mod.","Nuclear - Large - PWR",2055,"Zirconium","installation_demand","kt",0.050665845093362
"1387","USA","Limited Trade","Limited","Reactor - Mod.","Fuel - Mod.","Nuclear - Large - PWR",2060,"Copper","installation_demand","kt",1.7834805432415
"1388","USA","Limited Trade","Limited","Reactor - Mod.","Fuel - Mod.","Nuclear - Large - PWR",2060,"Hafnium","installation_demand","kt",0.000891740271620748
"1389","USA","Limited Trade","Limited","Reactor - Mod.","Fuel - Mod.","Nuclear - Large - PWR",2060,"Zirconium","installation_demand","kt",0.0445870135810374
"1390","USA","Limited Trade","Limited","Reactor - Mod.","Fuel - Mod.","Nuclear - Large - PWR",2065,"Copper","installation_demand","kt",1.92503429809591
"1391","USA","Limited Trade","Limited","Reactor - Mod.","Fuel - Mod.","Nuclear - Large - PWR",2065,"Hafnium","installation_demand","kt",0.000962517149047953
"1392","USA","Limited Trade","Limited","Reactor - Mod.","Fuel - Mod.","Nuclear - Large - PWR",2065,"Zirconium","installation_demand","kt",0.0481258574523977
"1393","USA","Limited Trade","Limited","Reactor - Mod.","Fuel - Mod.","Nuclear - Large - PWR",2070,"Copper","installation_demand","kt",1.99893228180673
"1394","USA","Limited Trade","Limited","Reactor - Mod.","Fuel - Mod.","Nuclear - Large - PWR",2070,"Hafnium","installation_demand","kt",0.000999466140903365
"1395","USA","Limited Trade","Limited","Reactor - Mod.","Fuel - Mod.","Nuclear - Large - PWR",2070,"Zirconium","installation_demand","kt",0.0499733070451683
"1396","USA","Limited Trade","Limited","Reactor - Mod.","Fuel - Mod.","Nuclear - Large - PWR",2075,"Copper","installation_demand","kt",1.95467799314774
"1397","USA","Limited Trade","Limited","Reactor - Mod.","Fuel - Mod.","Nuclear - Large - PWR",2075,"Hafnium","installation_demand","kt",0.00097733899657387
"1398","USA","Limited Trade","Limited","Reactor - Mod.","Fuel - Mod.","Nuclear - Large - PWR",2075,"Zirconium","installation_demand","kt",0.0488669498286935
"1399","USA","Limited Trade","Limited","Reactor - Mod.","Fuel - Mod.","Nuclear - Large - PWR",2080,"Copper","installation_demand","kt",2.4489644605488
"1400","USA","Limited Trade","Limited","Reactor - Mod.","Fuel - Mod.","Nuclear - Large - PWR",2080,"Hafnium","installation_demand","kt",0.0012244822302744
"1401","USA","Limited Trade","Limited","Reactor - Mod.","Fuel - Mod.","Nuclear - Large - PWR",2080,"Zirconium","installation_demand","kt",0.06122411151372
"1402","USA","Limited Trade","Limited","Reactor - Mod.","Fuel - Mod.","Nuclear - Large - PWR",2085,"Copper","installation_demand","kt",1.83971497348695
"1403","USA","Limited Trade","Limited","Reactor - Mod.","Fuel - Mod.","Nuclear - Large - PWR",2085,"Hafnium","installation_demand","kt",0.000919857486743476
"1404","USA","Limited Trade","Limited","Reactor - Mod.","Fuel - Mod.","Nuclear - Large - PWR",2085,"Zirconium","installation_demand","kt",0.0459928743371738
"1405","USA","Limited Trade","Limited","Reactor - Mod.","Fuel - Mod.","Nuclear - Large - PWR",2090,"Copper","installation_demand","kt",1.58777082411653
"1406","USA","Limited Trade","Limited","Reactor - Mod.","Fuel - Mod.","Nuclear - Large - PWR",2090,"Hafnium","installation_demand","kt",0.000793885412058265
"1407","USA","Limited Trade","Limited","Reactor - Mod.","Fuel - Mod.","Nuclear - Large - PWR",2090,"Zirconium","installation_demand","kt",0.0396942706029133
"1408","USA","Limited Trade","Limited","Reactor - Mod.","Fuel - Mod.","Nuclear - Large - PWR",2095,"Copper","installation_demand","kt",1.80372684622977
"1409","USA","Limited Trade","Limited","Reactor - Mod.","Fuel - Mod.","Nuclear - Large - PWR",2095,"Hafnium","installation_demand","kt",0.000901863423114886
"1410","USA","Limited Trade","Limited","Reactor - Mod.","Fuel - Mod.","Nuclear - Large - PWR",2095,"Zirconium","installation_demand","kt",0.0450931711557443
"1411","USA","Limited Trade","Limited","Reactor - Mod.","Fuel - Mod.","Nuclear - Large - PWR",2100,"Copper","installation_demand","kt",1.72278933677445
"1412","USA","Limited Trade","Limited","Reactor - Mod.","Fuel - Mod.","Nuclear - Large - PWR",2100,"Hafnium","installation_demand","kt",0.000861394668387227
"1413","USA","Limited Trade","Limited","Reactor - Mod.","Fuel - Mod.","Nuclear - Large - PWR",2100,"Zirconium","installation_demand","kt",0.0430697334193614
"1414","USA","Limited Trade","Limited","Reactor - Mod.","Fuel - Mod.","Nuclear - SMR - BWR",2035,"Copper","installation_demand","kt",0.126855920193449
"1415","USA","Limited Trade","Limited","Reactor - Mod.","Fuel - Mod.","Nuclear - SMR - BWR",2035,"Zirconium","installation_demand","kt",0.00310667559657425
"1416","USA","Limited Trade","Limited","Reactor - Mod.","Fuel - Mod.","Nuclear - SMR - BWR",2040,"Copper","installation_demand","kt",0.252752161536468
"1417","USA","Limited Trade","Limited","Reactor - Mod.","Fuel - Mod.","Nuclear - SMR - BWR",2040,"Zirconium","installation_demand","kt",0.00618984885395431
"1418","USA","Limited Trade","Limited","Reactor - Mod.","Fuel - Mod.","Nuclear - SMR - BWR",2045,"Copper","installation_demand","kt",0.376971469272367
"1419","USA","Limited Trade","Limited","Reactor - Mod.","Fuel - Mod.","Nuclear - SMR - BWR",2045,"Zirconium","installation_demand","kt",0.00923195434952736
"1420","USA","Limited Trade","Limited","Reactor - Mod.","Fuel - Mod.","Nuclear - SMR - BWR",2050,"Copper","installation_demand","kt",0.847593770162823
"1421","USA","Limited Trade","Limited","Reactor - Mod.","Fuel - Mod.","Nuclear - SMR - BWR",2050,"Zirconium","installation_demand","kt",0.0207573984529671
"1422","USA","Limited Trade","Limited","Reactor - Mod.","Fuel - Mod.","Nuclear - SMR - BWR",2055,"Copper","installation_demand","kt",0.921782555114783
"1423","USA","Limited Trade","Limited","Reactor - Mod.","Fuel - Mod.","Nuclear - SMR - BWR",2055,"Zirconium","installation_demand","kt",0.0225742666558722
"1424","USA","Limited Trade","Limited","Reactor - Mod.","Fuel - Mod.","Nuclear - SMR - BWR",2060,"Copper","installation_demand","kt",0.919065802460958
"1425","USA","Limited Trade","Limited","Reactor - Mod.","Fuel - Mod.","Nuclear - SMR - BWR",2060,"Zirconium","installation_demand","kt",0.0225077339378194
"1426","USA","Limited Trade","Limited","Reactor - Mod.","Fuel - Mod.","Nuclear - SMR - BWR",2065,"Copper","installation_demand","kt",1.06837900915643
"1427","USA","Limited Trade","Limited","Reactor - Mod.","Fuel - Mod.","Nuclear - SMR - BWR",2065,"Zirconium","installation_demand","kt",0.0261643838977084
"1428","USA","Limited Trade","Limited","Reactor - Mod.","Fuel - Mod.","Nuclear - SMR - BWR",2070,"Copper","installation_demand","kt",1.17700904521134
"1429","USA","Limited Trade","Limited","Reactor - Mod.","Fuel - Mod.","Nuclear - SMR - BWR",2070,"Zirconium","installation_demand","kt",0.028824711311298
"1430","USA","Limited Trade","Limited","Reactor - Mod.","Fuel - Mod.","Nuclear - SMR - BWR",2075,"Copper","installation_demand","kt",1.20834386195606
"1431","USA","Limited Trade","Limited","Reactor - Mod.","Fuel - Mod.","Nuclear - SMR - BWR",2075,"Zirconium","installation_demand","kt",0.0295920945785157
"1432","USA","Limited Trade","Limited","Reactor - Mod.","Fuel - Mod.","Nuclear - SMR - BWR",2080,"Copper","installation_demand","kt",1.57754974620908
"1433","USA","Limited Trade","Limited","Reactor - Mod.","Fuel - Mod.","Nuclear - SMR - BWR",2080,"Zirconium","installation_demand","kt",0.0386338713357326
"1434","USA","Limited Trade","Limited","Reactor - Mod.","Fuel - Mod.","Nuclear - SMR - BWR",2085,"Copper","installation_demand","kt",1.23260630637924
"1435","USA","Limited Trade","Limited","Reactor - Mod.","Fuel - Mod.","Nuclear - SMR - BWR",2085,"Zirconium","installation_demand","kt",0.0301862768909202
"1436","USA","Limited Trade","Limited","Reactor - Mod.","Fuel - Mod.","Nuclear - SMR - BWR",2090,"Copper","installation_demand","kt",1.08204291262184
"1437","USA","Limited Trade","Limited","Reactor - Mod.","Fuel - Mod.","Nuclear - SMR - BWR",2090,"Zirconium","installation_demand","kt",0.0264990101050246
"1438","USA","Limited Trade","Limited","Reactor - Mod.","Fuel - Mod.","Nuclear - SMR - BWR",2095,"Copper","installation_demand","kt",1.24254369071772
"1439","USA","Limited Trade","Limited","Reactor - Mod.","Fuel - Mod.","Nuclear - SMR - BWR",2095,"Zirconium","installation_demand","kt",0.0304296414053319
"1440","USA","Limited Trade","Limited","Reactor - Mod.","Fuel - Mod.","Nuclear - SMR - BWR",2100,"Copper","installation_demand","kt",1.20104108657022
"1441","USA","Limited Trade","Limited","Reactor - Mod.","Fuel - Mod.","Nuclear - SMR - BWR",2100,"Zirconium","installation_demand","kt",0.0294132510996789
"1442","USA","Limited Trade","Limited","Reactor - Mod.","Fuel - Mod.","Nuclear - SMR - HTGR",2035,"Copper","installation_demand","kt",0.0731470101028438
"1443","USA","Limited Trade","Limited","Reactor - Mod.","Fuel - Mod.","Nuclear - SMR - HTGR",2035,"Graphite","installation_demand","kt",0.446196761627347
"1444","USA","Limited Trade","Limited","Reactor - Mod.","Fuel - Mod.","Nuclear - SMR - HTGR",2035,"Silicon carbide","installation_demand","kt",0.000731470101028438
"1445","USA","Limited Trade","Limited","Reactor - Mod.","Fuel - Mod.","Nuclear - SMR - HTGR",2040,"Copper","installation_demand","kt",0.123218959098788
"1446","USA","Limited Trade","Limited","Reactor - Mod.","Fuel - Mod.","Nuclear - SMR - HTGR",2040,"Graphite","installation_demand","kt",0.751635650502607
"1447","USA","Limited Trade","Limited","Reactor - Mod.","Fuel - Mod.","Nuclear - SMR - HTGR",2040,"Silicon carbide","installation_demand","kt",0.00123218959098788
"1448","USA","Limited Trade","Limited","Reactor - Mod.","Fuel - Mod.","Nuclear - SMR - HTGR",2045,"Copper","installation_demand","kt",0.167529809290866
"1449","USA","Limited Trade","Limited","Reactor - Mod.","Fuel - Mod.","Nuclear - SMR - HTGR",2045,"Graphite","installation_demand","kt",1.02193183667428
"1450","USA","Limited Trade","Limited","Reactor - Mod.","Fuel - Mod.","Nuclear - SMR - HTGR",2045,"Silicon carbide","installation_demand","kt",0.00167529809290866
"1451","USA","Limited Trade","Limited","Reactor - Mod.","Fuel - Mod.","Nuclear - SMR - HTGR",2050,"Copper","installation_demand","kt",0.355989430216834
"1452","USA","Limited Trade","Limited","Reactor - Mod.","Fuel - Mod.","Nuclear - SMR - HTGR",2050,"Graphite","installation_demand","kt",2.17153552432269
"1453","USA","Limited Trade","Limited","Reactor - Mod.","Fuel - Mod.","Nuclear - SMR - HTGR",2050,"Silicon carbide","installation_demand","kt",0.00355989430216834
"1454","USA","Limited Trade","Limited","Reactor - Mod.","Fuel - Mod.","Nuclear - SMR - HTGR",2055,"Copper","installation_demand","kt",0.366637990650856
"1455","USA","Limited Trade","Limited","Reactor - Mod.","Fuel - Mod.","Nuclear - SMR - HTGR",2055,"Graphite","installation_demand","kt",2.23649174297022
"1456","USA","Limited Trade","Limited","Reactor - Mod.","Fuel - Mod.","Nuclear - SMR - HTGR",2055,"Silicon carbide","installation_demand","kt",0.00366637990650856
"1457","USA","Limited Trade","Limited","Reactor - Mod.","Fuel - Mod.","Nuclear - SMR - HTGR",2060,"Copper","installation_demand","kt",0.354336879400726
"1458","USA","Limited Trade","Limited","Reactor - Mod.","Fuel - Mod.","Nuclear - SMR - HTGR",2060,"Graphite","installation_demand","kt",2.16145496434443
"1459","USA","Limited Trade","Limited","Reactor - Mod.","Fuel - Mod.","Nuclear - SMR - HTGR",2060,"Silicon carbide","installation_demand","kt",0.00354336879400726
"1460","USA","Limited Trade","Limited","Reactor - Mod.","Fuel - Mod.","Nuclear - SMR - HTGR",2065,"Copper","installation_demand","kt",0.404117843160184
"1461","USA","Limited Trade","Limited","Reactor - Mod.","Fuel - Mod.","Nuclear - SMR - HTGR",2065,"Graphite","installation_demand","kt",2.46511884327712
"1462","USA","Limited Trade","Limited","Reactor - Mod.","Fuel - Mod.","Nuclear - SMR - HTGR",2065,"Silicon carbide","installation_demand","kt",0.00404117843160184
"1463","USA","Limited Trade","Limited","Reactor - Mod.","Fuel - Mod.","Nuclear - SMR - HTGR",2070,"Copper","installation_demand","kt",0.43862174127201
"1464","USA","Limited Trade","Limited","Reactor - Mod.","Fuel - Mod.","Nuclear - SMR - HTGR",2070,"Graphite","installation_demand","kt",2.67559262175926
"1465","USA","Limited Trade","Limited","Reactor - Mod.","Fuel - Mod.","Nuclear - SMR - HTGR",2070,"Silicon carbide","installation_demand","kt",0.0043862174127201
"1466","USA","Limited Trade","Limited","Reactor - Mod.","Fuel - Mod.","Nuclear - SMR - HTGR",2075,"Copper","installation_demand","kt",0.44518969375269
"1467","USA","Limited Trade","Limited","Reactor - Mod.","Fuel - Mod.","Nuclear - SMR - HTGR",2075,"Graphite","installation_demand","kt",2.71565713189141
"1468","USA","Limited Trade","Limited","Reactor - Mod.","Fuel - Mod.","Nuclear - SMR - HTGR",2075,"Silicon carbide","installation_demand","kt",0.0044518969375269
"1469","USA","Limited Trade","Limited","Reactor - Mod.","Fuel - Mod.","Nuclear - SMR - HTGR",2080,"Copper","installation_demand","kt",0.575972224607348
"1470","USA","Limited Trade","Limited","Reactor - Mod.","Fuel - Mod.","Nuclear - SMR - HTGR",2080,"Graphite","installation_demand","kt",3.51343057010482
"1471","USA","Limited Trade","Limited","Reactor - Mod.","Fuel - Mod.","Nuclear - SMR - HTGR",2080,"Silicon carbide","installation_demand","kt",0.00575972224607348
"1472","USA","Limited Trade","Limited","Reactor - Mod.","Fuel - Mod.","Nuclear - SMR - HTGR",2085,"Copper","installation_demand","kt",0.446211890133788
"1473","USA","Limited Trade","Limited","Reactor - Mod.","Fuel - Mod.","Nuclear - SMR - HTGR",2085,"Graphite","installation_demand","kt",2.72189252981611
"1474","USA","Limited Trade","Limited","Reactor - Mod.","Fuel - Mod.","Nuclear - SMR - HTGR",2085,"Silicon carbide","installation_demand","kt",0.00446211890133788
"1475","USA","Limited Trade","Limited","Reactor - Mod.","Fuel - Mod.","Nuclear - SMR - HTGR",2090,"Copper","installation_demand","kt",0.390025843850372
"1476","USA","Limited Trade","Limited","Reactor - Mod.","Fuel - Mod.","Nuclear - SMR - HTGR",2090,"Graphite","installation_demand","kt",2.37915764748727
"1477","USA","Limited Trade","Limited","Reactor - Mod.","Fuel - Mod.","Nuclear - SMR - HTGR",2090,"Silicon carbide","installation_demand","kt",0.00390025843850372
"1478","USA","Limited Trade","Limited","Reactor - Mod.","Fuel - Mod.","Nuclear - SMR - HTGR",2095,"Copper","installation_demand","kt",0.446635760899816
"1479","USA","Limited Trade","Limited","Reactor - Mod.","Fuel - Mod.","Nuclear - SMR - HTGR",2095,"Graphite","installation_demand","kt",2.72447814148888
"1480","USA","Limited Trade","Limited","Reactor - Mod.","Fuel - Mod.","Nuclear - SMR - HTGR",2095,"Silicon carbide","installation_demand","kt",0.00446635760899816
"1481","USA","Limited Trade","Limited","Reactor - Mod.","Fuel - Mod.","Nuclear - SMR - HTGR",2100,"Copper","installation_demand","kt",0.430459162436818
"1482","USA","Limited Trade","Limited","Reactor - Mod.","Fuel - Mod.","Nuclear - SMR - HTGR",2100,"Graphite","installation_demand","kt",2.62580089086459
"1483","USA","Limited Trade","Limited","Reactor - Mod.","Fuel - Mod.","Nuclear - SMR - HTGR",2100,"Silicon carbide","installation_demand","kt",0.00430459162436818
"1484","USA","Limited Trade","Limited","Reactor - Mod.","Fuel - Mod.","Nuclear - SMR - MSR",2035,"Copper","installation_demand","kt",0.037104433851764
"1485","USA","Limited Trade","Limited","Reactor - Mod.","Fuel - Mod.","Nuclear - SMR - MSR",2035,"Fluorine","installation_demand","kt",0.0016659890799442
"1486","USA","Limited Trade","Limited","Reactor - Mod.","Fuel - Mod.","Nuclear - SMR - MSR",2040,"Copper","installation_demand","kt",0.05385564297379
"1487","USA","Limited Trade","Limited","Reactor - Mod.","Fuel - Mod.","Nuclear - SMR - MSR",2040,"Fluorine","installation_demand","kt",0.00241811836952317
"1488","USA","Limited Trade","Limited","Reactor - Mod.","Fuel - Mod.","Nuclear - SMR - MSR",2045,"Copper","installation_demand","kt",0.0606030931389906
"1489","USA","Limited Trade","Limited","Reactor - Mod.","Fuel - Mod.","Nuclear - SMR - MSR",2045,"Fluorine","installation_demand","kt",0.00272107888194068
"1490","USA","Limited Trade","Limited","Reactor - Mod.","Fuel - Mod.","Nuclear - SMR - MSR",2050,"Copper","installation_demand","kt",0.113221878491652
"1491","USA","Limited Trade","Limited","Reactor - Mod.","Fuel - Mod.","Nuclear - SMR - MSR",2050,"Fluorine","installation_demand","kt",0.00508366234427519
"1492","USA","Limited Trade","Limited","Reactor - Mod.","Fuel - Mod.","Nuclear - SMR - MSR",2055,"Copper","installation_demand","kt",0.100025323211681
"1493","USA","Limited Trade","Limited","Reactor - Mod.","Fuel - Mod.","Nuclear - SMR - MSR",2055,"Fluorine","installation_demand","kt",0.00449113701220448
"1494","USA","Limited Trade","Limited","Reactor - Mod.","Fuel - Mod.","Nuclear - SMR - MSR",2060,"Copper","installation_demand","kt",0.087544305398478
"1495","USA","Limited Trade","Limited","Reactor - Mod.","Fuel - Mod.","Nuclear - SMR - MSR",2060,"Fluorine","installation_demand","kt",0.00393073931239166
"1496","USA","Limited Trade","Limited","Reactor - Mod.","Fuel - Mod.","Nuclear - SMR - MSR",2065,"Copper","installation_demand","kt",0.0939085000671924
"1497","USA","Limited Trade","Limited","Reactor - Mod.","Fuel - Mod.","Nuclear - SMR - MSR",2065,"Fluorine","installation_demand","kt",0.00421649165301694
"1498","USA","Limited Trade","Limited","Reactor - Mod.","Fuel - Mod.","Nuclear - SMR - MSR",2070,"Copper","installation_demand","kt",0.0969246608556846
"1499","USA","Limited Trade","Limited","Reactor - Mod.","Fuel - Mod.","Nuclear - SMR - MSR",2070,"Fluorine","installation_demand","kt",0.00435191727242024
"1500","USA","Limited Trade","Limited","Reactor - Mod.","Fuel - Mod.","Nuclear - SMR - MSR",2075,"Copper","installation_demand","kt",0.0943044307988042
"1501","USA","Limited Trade","Limited","Reactor - Mod.","Fuel - Mod.","Nuclear - SMR - MSR",2075,"Fluorine","installation_demand","kt",0.00423426894286631
"1502","USA","Limited Trade","Limited","Reactor - Mod.","Fuel - Mod.","Nuclear - SMR - MSR",2080,"Copper","installation_demand","kt",0.117687513748541
"1503","USA","Limited Trade","Limited","Reactor - Mod.","Fuel - Mod.","Nuclear - SMR - MSR",2080,"Fluorine","installation_demand","kt",0.0052841693673095
"1504","USA","Limited Trade","Limited","Reactor - Mod.","Fuel - Mod.","Nuclear - SMR - MSR",2085,"Copper","installation_demand","kt",0.0880424557681996
"1505","USA","Limited Trade","Limited","Reactor - Mod.","Fuel - Mod.","Nuclear - SMR - MSR",2085,"Fluorine","installation_demand","kt",0.00395310626399216
"1506","USA","Limited Trade","Limited","Reactor - Mod.","Fuel - Mod.","Nuclear - SMR - MSR",2090,"Copper","installation_demand","kt",0.0757563367316592
"1507","USA","Limited Trade","Limited","Reactor - Mod.","Fuel - Mod.","Nuclear - SMR - MSR",2090,"Fluorine","installation_demand","kt",0.0034014595192515
"1508","USA","Limited Trade","Limited","Reactor - Mod.","Fuel - Mod.","Nuclear - SMR - MSR",2095,"Copper","installation_demand","kt",0.0858767623687806
"1509","USA","Limited Trade","Limited","Reactor - Mod.","Fuel - Mod.","Nuclear - SMR - MSR",2095,"Fluorine","installation_demand","kt",0.00385586663035825
"1510","USA","Limited Trade","Limited","Reactor - Mod.","Fuel - Mod.","Nuclear - SMR - MSR",2100,"Copper","installation_demand","kt",0.081841812520461
"1511","USA","Limited Trade","Limited","Reactor - Mod.","Fuel - Mod.","Nuclear - SMR - MSR",2100,"Fluorine","installation_demand","kt",0.0036746973821687
"1512","USA","Limited Trade","Limited","Reactor - Mod.","Fuel - Mod.","Nuclear - SMR - PWR modular",2035,"Zirconium","installation_demand","kt",0.00214258494656366
"1513","USA","Limited Trade","Limited","Reactor - Mod.","Fuel - Mod.","Nuclear - SMR - PWR modular",2040,"Zirconium","installation_demand","kt",0.00306810199393715
"1514","USA","Limited Trade","Limited","Reactor - Mod.","Fuel - Mod.","Nuclear - SMR - PWR modular",2045,"Zirconium","installation_demand","kt",0.00314985726049735
"1515","USA","Limited Trade","Limited","Reactor - Mod.","Fuel - Mod.","Nuclear - SMR - PWR modular",2050,"Zirconium","installation_demand","kt",0.00592420045843463
"1516","USA","Limited Trade","Limited","Reactor - Mod.","Fuel - Mod.","Nuclear - SMR - PWR modular",2055,"Zirconium","installation_demand","kt",0.00531341767680113
"1517","USA","Limited Trade","Limited","Reactor - Mod.","Fuel - Mod.","Nuclear - SMR - PWR modular",2060,"Zirconium","installation_demand","kt",0.00470077449775403
"1518","USA","Limited Trade","Limited","Reactor - Mod.","Fuel - Mod.","Nuclear - SMR - PWR modular",2065,"Zirconium","installation_demand","kt",0.00509411566520043
"1519","USA","Limited Trade","Limited","Reactor - Mod.","Fuel - Mod.","Nuclear - SMR - PWR modular",2070,"Zirconium","installation_demand","kt",0.00531110751297985
"1520","USA","Limited Trade","Limited","Reactor - Mod.","Fuel - Mod.","Nuclear - SMR - PWR modular",2075,"Zirconium","installation_demand","kt",0.00521401930070319
"1521","USA","Limited Trade","Limited","Reactor - Mod.","Fuel - Mod.","Nuclear - SMR - PWR modular",2080,"Zirconium","installation_demand","kt",0.00655379165348034
"1522","USA","Limited Trade","Limited","Reactor - Mod.","Fuel - Mod.","Nuclear - SMR - PWR modular",2085,"Zirconium","installation_demand","kt",0.00494657183955278
"1523","USA","Limited Trade","Limited","Reactor - Mod.","Fuel - Mod.","Nuclear - SMR - PWR modular",2090,"Zirconium","installation_demand","kt",0.00429441054841245
"1524","USA","Limited Trade","Limited","Reactor - Mod.","Fuel - Mod.","Nuclear - SMR - PWR modular",2095,"Zirconium","installation_demand","kt",0.00490664484890711
"1525","USA","Limited Trade","Limited","Reactor - Mod.","Fuel - Mod.","Nuclear - SMR - PWR modular",2100,"Zirconium","installation_demand","kt",0.0047136950600111
"1526","USA","Limited Trade","Limited","Reactor - Mod.","Fuel - Mod.","Nuclear - SMR - SFR",2035,"Copper","installation_demand","kt",0.0726175123774352
"1527","USA","Limited Trade","Limited","Reactor - Mod.","Fuel - Mod.","Nuclear - SMR - SFR",2040,"Copper","installation_demand","kt",0.110601648434772
"1528","USA","Limited Trade","Limited","Reactor - Mod.","Fuel - Mod.","Nuclear - SMR - SFR",2045,"Copper","installation_demand","kt",0.137055409313327
"1529","USA","Limited Trade","Limited","Reactor - Mod.","Fuel - Mod.","Nuclear - SMR - SFR",2050,"Copper","installation_demand","kt",0.272240880713498
"1530","USA","Limited Trade","Limited","Reactor - Mod.","Fuel - Mod.","Nuclear - SMR - SFR",2055,"Copper","installation_demand","kt",0.256548121870886
"1531","USA","Limited Trade","Limited","Reactor - Mod.","Fuel - Mod.","Nuclear - SMR - SFR",2060,"Copper","installation_demand","kt",0.232961962573438
"1532","USA","Limited Trade","Limited","Reactor - Mod.","Fuel - Mod.","Nuclear - SMR - SFR",2065,"Copper","installation_demand","kt",0.256128339890382
"1533","USA","Limited Trade","Limited","Reactor - Mod.","Fuel - Mod.","Nuclear - SMR - SFR",2070,"Copper","installation_demand","kt",0.270013855531214
"1534","USA","Limited Trade","Limited","Reactor - Mod.","Fuel - Mod.","Nuclear - SMR - SFR",2075,"Copper","installation_demand","kt",0.267442009436372
"1535","USA","Limited Trade","Limited","Reactor - Mod.","Fuel - Mod.","Nuclear - SMR - SFR",2080,"Copper","installation_demand","kt",0.338517368206858
"1536","USA","Limited Trade","Limited","Reactor - Mod.","Fuel - Mod.","Nuclear - SMR - SFR",2085,"Copper","installation_demand","kt",0.257111692808998
"1537","USA","Limited Trade","Limited","Reactor - Mod.","Fuel - Mod.","Nuclear - SMR - SFR",2090,"Copper","installation_demand","kt",0.223736980966158
"1538","USA","Limited Trade","Limited","Reactor - Mod.","Fuel - Mod.","Nuclear - SMR - SFR",2095,"Copper","installation_demand","kt",0.255954566505596
"1539","USA","Limited Trade","Limited","Reactor - Mod.","Fuel - Mod.","Nuclear - SMR - SFR",2100,"Copper","installation_demand","kt",0.246215079386496
"1540","USA","Limited Trade - Adv. Fuel","Limited","Reactor - Mod.","Fuel - Adv.","Nuclear - Large - PWR",2030,"Copper","installation_demand","kt",0.313493319333332
"1541","USA","Limited Trade - Adv. Fuel","Limited","Reactor - Mod.","Fuel - Adv.","Nuclear - Large - PWR",2030,"Hafnium","installation_demand","kt",0.000156746659666666
"1542","USA","Limited Trade - Adv. Fuel","Limited","Reactor - Mod.","Fuel - Adv.","Nuclear - Large - PWR",2030,"Zirconium","installation_demand","kt",0.0078373329833333
"1543","USA","Limited Trade - Adv. Fuel","Limited","Reactor - Mod.","Fuel - Adv.","Nuclear - Large - PWR",2035,"Copper","installation_demand","kt",0.583295920945786
"1544","USA","Limited Trade - Adv. Fuel","Limited","Reactor - Mod.","Fuel - Adv.","Nuclear - Large - PWR",2035,"Hafnium","installation_demand","kt",0.000291647960472893
"1545","USA","Limited Trade - Adv. Fuel","Limited","Reactor - Mod.","Fuel - Adv.","Nuclear - Large - PWR",2035,"Zirconium","installation_demand","kt",0.0145823980236446
"1546","USA","Limited Trade - Adv. Fuel","Limited","Reactor - Mod.","Fuel - Adv.","Nuclear - Large - PWR",2040,"Copper","installation_demand","kt",1.18492323032592
"1547","USA","Limited Trade - Adv. Fuel","Limited","Reactor - Mod.","Fuel - Adv.","Nuclear - Large - PWR",2040,"Hafnium","installation_demand","kt",0.000592461615162961
"1548","USA","Limited Trade - Adv. Fuel","Limited","Reactor - Mod.","Fuel - Adv.","Nuclear - Large - PWR",2040,"Zirconium","installation_demand","kt",0.029623080758148
"1549","USA","Limited Trade - Adv. Fuel","Limited","Reactor - Mod.","Fuel - Adv.","Nuclear - Large - PWR",2045,"Copper","installation_demand","kt",1.41241644226049
"1550","USA","Limited Trade - Adv. Fuel","Limited","Reactor - Mod.","Fuel - Adv.","Nuclear - Large - PWR",2045,"Hafnium","installation_demand","kt",0.000706208221130244
"1551","USA","Limited Trade - Adv. Fuel","Limited","Reactor - Mod.","Fuel - Adv.","Nuclear - Large - PWR",2045,"Zirconium","installation_demand","kt",0.0353104110565122
"1552","USA","Limited Trade - Adv. Fuel","Limited","Reactor - Mod.","Fuel - Adv.","Nuclear - Large - PWR",2050,"Copper","installation_demand","kt",2.74403166791648
"1553","USA","Limited Trade - Adv. Fuel","Limited","Reactor - Mod.","Fuel - Adv.","Nuclear - Large - PWR",2050,"Hafnium","installation_demand","kt",0.00137201583395824
"1554","USA","Limited Trade - Adv. Fuel","Limited","Reactor - Mod.","Fuel - Adv.","Nuclear - Large - PWR",2050,"Zirconium","installation_demand","kt",0.068600791697912
"1555","USA","Limited Trade - Adv. Fuel","Limited","Reactor - Mod.","Fuel - Adv.","Nuclear - Large - PWR",2055,"Copper","installation_demand","kt",2.75013077299036
"1556","USA","Limited Trade - Adv. Fuel","Limited","Reactor - Mod.","Fuel - Adv.","Nuclear - Large - PWR",2055,"Hafnium","installation_demand","kt",0.00137506538649518
"1557","USA","Limited Trade - Adv. Fuel","Limited","Reactor - Mod.","Fuel - Adv.","Nuclear - Large - PWR",2055,"Zirconium","installation_demand","kt",0.068753269324759
"1558","USA","Limited Trade - Adv. Fuel","Limited","Reactor - Mod.","Fuel - Adv.","Nuclear - Large - PWR",2060,"Copper","installation_demand","kt",2.57922635271336
"1559","USA","Limited Trade - Adv. Fuel","Limited","Reactor - Mod.","Fuel - Adv.","Nuclear - Large - PWR",2060,"Hafnium","installation_demand","kt",0.00128961317635668
"1560","USA","Limited Trade - Adv. Fuel","Limited","Reactor - Mod.","Fuel - Adv.","Nuclear - Large - PWR",2060,"Zirconium","installation_demand","kt",0.064480658817834
"1561","USA","Limited Trade - Adv. Fuel","Limited","Reactor - Mod.","Fuel - Adv.","Nuclear - Large - PWR",2065,"Copper","installation_demand","kt",2.7855600995592
"1562","USA","Limited Trade - Adv. Fuel","Limited","Reactor - Mod.","Fuel - Adv.","Nuclear - Large - PWR",2065,"Hafnium","installation_demand","kt",0.0013927800497796
"1563","USA","Limited Trade - Adv. Fuel","Limited","Reactor - Mod.","Fuel - Adv.","Nuclear - Large - PWR",2065,"Zirconium","installation_demand","kt",0.06963900248898
"1564","USA","Limited Trade - Adv. Fuel","Limited","Reactor - Mod.","Fuel - Adv.","Nuclear - Large - PWR",2070,"Copper","installation_demand","kt",2.86792868394806
"1565","USA","Limited Trade - Adv. Fuel","Limited","Reactor - Mod.","Fuel - Adv.","Nuclear - Large - PWR",2070,"Hafnium","installation_demand","kt",0.00143396434197403
"1566","USA","Limited Trade - Adv. Fuel","Limited","Reactor - Mod.","Fuel - Adv.","Nuclear - Large - PWR",2070,"Zirconium","installation_demand","kt",0.0716982170987015
"1567","USA","Limited Trade - Adv. Fuel","Limited","Reactor - Mod.","Fuel - Adv.","Nuclear - Large - PWR",2075,"Copper","installation_demand","kt",2.79980270246916
"1568","USA","Limited Trade - Adv. Fuel","Limited","Reactor - Mod.","Fuel - Adv.","Nuclear - Large - PWR",2075,"Hafnium","installation_demand","kt",0.00139990135123458
"1569","USA","Limited Trade - Adv. Fuel","Limited","Reactor - Mod.","Fuel - Adv.","Nuclear - Large - PWR",2075,"Zirconium","installation_demand","kt",0.069995067561729
"1570","USA","Limited Trade - Adv. Fuel","Limited","Reactor - Mod.","Fuel - Adv.","Nuclear - Large - PWR",2080,"Copper","installation_demand","kt",3.496136506558
"1571","USA","Limited Trade - Adv. Fuel","Limited","Reactor - Mod.","Fuel - Adv.","Nuclear - Large - PWR",2080,"Hafnium","installation_demand","kt",0.001748068253279
"1572","USA","Limited Trade - Adv. Fuel","Limited","Reactor - Mod.","Fuel - Adv.","Nuclear - Large - PWR",2080,"Zirconium","installation_demand","kt",0.08740341266395
"1573","USA","Limited Trade - Adv. Fuel","Limited","Reactor - Mod.","Fuel - Adv.","Nuclear - Large - PWR",2085,"Copper","installation_demand","kt",2.60927892631764
"1574","USA","Limited Trade - Adv. Fuel","Limited","Reactor - Mod.","Fuel - Adv.","Nuclear - Large - PWR",2085,"Hafnium","installation_demand","kt",0.00130463946315882
"1575","USA","Limited Trade - Adv. Fuel","Limited","Reactor - Mod.","Fuel - Adv.","Nuclear - Large - PWR",2085,"Zirconium","installation_demand","kt",0.065231973157941
"1576","USA","Limited Trade - Adv. Fuel","Limited","Reactor - Mod.","Fuel - Adv.","Nuclear - Large - PWR",2090,"Copper","installation_demand","kt",2.1460944874721
"1577","USA","Limited Trade - Adv. Fuel","Limited","Reactor - Mod.","Fuel - Adv.","Nuclear - Large - PWR",2090,"Hafnium","installation_demand","kt",0.00107304724373605
"1578","USA","Limited Trade - Adv. Fuel","Limited","Reactor - Mod.","Fuel - Adv.","Nuclear - Large - PWR",2090,"Zirconium","installation_demand","kt",0.0536523621868025
"1579","USA","Limited Trade - Adv. Fuel","Limited","Reactor - Mod.","Fuel - Adv.","Nuclear - Large - PWR",2095,"Copper","installation_demand","kt",2.41068661339796
"1580","USA","Limited Trade - Adv. Fuel","Limited","Reactor - Mod.","Fuel - Adv.","Nuclear - Large - PWR",2095,"Hafnium","installation_demand","kt",0.00120534330669898
"1581","USA","Limited Trade - Adv. Fuel","Limited","Reactor - Mod.","Fuel - Adv.","Nuclear - Large - PWR",2095,"Zirconium","installation_demand","kt",0.060267165334949
"1582","USA","Limited Trade - Adv. Fuel","Limited","Reactor - Mod.","Fuel - Adv.","Nuclear - Large - PWR",2100,"Copper","installation_demand","kt",2.3145183778643
"1583","USA","Limited Trade - Adv. Fuel","Limited","Reactor - Mod.","Fuel - Adv.","Nuclear - Large - PWR",2100,"Hafnium","installation_demand","kt",0.00115725918893215
"1584","USA","Limited Trade - Adv. Fuel","Limited","Reactor - Mod.","Fuel - Adv.","Nuclear - Large - PWR",2100,"Zirconium","installation_demand","kt",0.0578629594466075
"1585","USA","Limited Trade - Adv. Fuel","Limited","Reactor - Mod.","Fuel - Adv.","Nuclear - SMR - BWR",2035,"Copper","installation_demand","kt",0.126234833672294
"1586","USA","Limited Trade - Adv. Fuel","Limited","Reactor - Mod.","Fuel - Adv.","Nuclear - SMR - BWR",2035,"Zirconium","installation_demand","kt",0.00309146531442352
"1587","USA","Limited Trade - Adv. Fuel","Limited","Reactor - Mod.","Fuel - Adv.","Nuclear - SMR - BWR",2040,"Copper","installation_demand","kt",0.25379899285035
"1588","USA","Limited Trade - Adv. Fuel","Limited","Reactor - Mod.","Fuel - Adv.","Nuclear - SMR - BWR",2040,"Zirconium","installation_demand","kt",0.00621548553919223
"1589","USA","Limited Trade - Adv. Fuel","Limited","Reactor - Mod.","Fuel - Adv.","Nuclear - SMR - BWR",2045,"Copper","installation_demand","kt",0.390335848754189
"1590","USA","Limited Trade - Adv. Fuel","Limited","Reactor - Mod.","Fuel - Adv.","Nuclear - SMR - BWR",2045,"Zirconium","installation_demand","kt",0.00955924527561279
"1591","USA","Limited Trade - Adv. Fuel","Limited","Reactor - Mod.","Fuel - Adv.","Nuclear - SMR - BWR",2050,"Copper","installation_demand","kt",0.887700933142632
"1592","USA","Limited Trade - Adv. Fuel","Limited","Reactor - Mod.","Fuel - Adv.","Nuclear - SMR - BWR",2050,"Zirconium","installation_demand","kt",0.0217396146892073
"1593","USA","Limited Trade - Adv. Fuel","Limited","Reactor - Mod.","Fuel - Adv.","Nuclear - SMR - BWR",2055,"Copper","installation_demand","kt",1.02247871173817
"1594","USA","Limited Trade - Adv. Fuel","Limited","Reactor - Mod.","Fuel - Adv.","Nuclear - SMR - BWR",2055,"Zirconium","installation_demand","kt",0.0250402949813429
"1595","USA","Limited Trade - Adv. Fuel","Limited","Reactor - Mod.","Fuel - Adv.","Nuclear - SMR - BWR",2060,"Copper","installation_demand","kt",1.04346542563849
"1596","USA","Limited Trade - Adv. Fuel","Limited","Reactor - Mod.","Fuel - Adv.","Nuclear - SMR - BWR",2060,"Zirconium","installation_demand","kt",0.0255542553217588
"1597","USA","Limited Trade - Adv. Fuel","Limited","Reactor - Mod.","Fuel - Adv.","Nuclear - SMR - BWR",2065,"Copper","installation_demand","kt",1.2055589901354
"1598","USA","Limited Trade - Adv. Fuel","Limited","Reactor - Mod.","Fuel - Adv.","Nuclear - SMR - BWR",2065,"Zirconium","installation_demand","kt",0.0295238936359689
"1599","USA","Limited Trade - Adv. Fuel","Limited","Reactor - Mod.","Fuel - Adv.","Nuclear - SMR - BWR",2070,"Copper","installation_demand","kt",1.31324737888404
"1600","USA","Limited Trade - Adv. Fuel","Limited","Reactor - Mod.","Fuel - Adv.","Nuclear - SMR - BWR",2070,"Zirconium","installation_demand","kt",0.032161160299201
"1601","USA","Limited Trade - Adv. Fuel","Limited","Reactor - Mod.","Fuel - Adv.","Nuclear - SMR - BWR",2075,"Copper","installation_demand","kt",1.33804075210756
"1602","USA","Limited Trade - Adv. Fuel","Limited","Reactor - Mod.","Fuel - Adv.","Nuclear - SMR - BWR",2075,"Zirconium","installation_demand","kt",0.032768344949573
"1603","USA","Limited Trade - Adv. Fuel","Limited","Reactor - Mod.","Fuel - Adv.","Nuclear - SMR - BWR",2080,"Copper","installation_demand","kt",1.72640014327104
"1604","USA","Limited Trade - Adv. Fuel","Limited","Reactor - Mod.","Fuel - Adv.","Nuclear - SMR - BWR",2080,"Zirconium","installation_demand","kt",0.042279187182148
"1605","USA","Limited Trade - Adv. Fuel","Limited","Reactor - Mod.","Fuel - Adv.","Nuclear - SMR - BWR",2085,"Copper","installation_demand","kt",1.32860424399582
"1606","USA","Limited Trade - Adv. Fuel","Limited","Reactor - Mod.","Fuel - Adv.","Nuclear - SMR - BWR",2085,"Zirconium","installation_demand","kt",0.0325372467917344
"1607","USA","Limited Trade - Adv. Fuel","Limited","Reactor - Mod.","Fuel - Adv.","Nuclear - SMR - BWR",2090,"Copper","installation_demand","kt",1.11211552127518
"1608","USA","Limited Trade - Adv. Fuel","Limited","Reactor - Mod.","Fuel - Adv.","Nuclear - SMR - BWR",2090,"Zirconium","installation_demand","kt",0.0272354821536778
"1609","USA","Limited Trade - Adv. Fuel","Limited","Reactor - Mod.","Fuel - Adv.","Nuclear - SMR - BWR",2095,"Copper","installation_demand","kt",1.25631778695301
"1610","USA","Limited Trade - Adv. Fuel","Limited","Reactor - Mod.","Fuel - Adv.","Nuclear - SMR - BWR",2095,"Zirconium","installation_demand","kt",0.0307669662110942
"1611","USA","Limited Trade - Adv. Fuel","Limited","Reactor - Mod.","Fuel - Adv.","Nuclear - SMR - BWR",2100,"Copper","installation_demand","kt",1.2109484183351
"1612","USA","Limited Trade - Adv. Fuel","Limited","Reactor - Mod.","Fuel - Adv.","Nuclear - SMR - BWR",2100,"Zirconium","installation_demand","kt",0.0296558796326962
"1613","USA","Limited Trade - Adv. Fuel","Limited","Reactor - Mod.","Fuel - Adv.","Nuclear - SMR - HTGR",2035,"Copper","installation_demand","kt",0.073880265640218
"1614","USA","Limited Trade - Adv. Fuel","Limited","Reactor - Mod.","Fuel - Adv.","Nuclear - SMR - HTGR",2035,"Graphite","installation_demand","kt",0.45066962040533
"1615","USA","Limited Trade - Adv. Fuel","Limited","Reactor - Mod.","Fuel - Adv.","Nuclear - SMR - HTGR",2035,"Silicon carbide","installation_demand","kt",0.00073880265640218
"1616","USA","Limited Trade - Adv. Fuel","Limited","Reactor - Mod.","Fuel - Adv.","Nuclear - SMR - HTGR",2040,"Copper","installation_demand","kt",0.128188196439431
"1617","USA","Limited Trade - Adv. Fuel","Limited","Reactor - Mod.","Fuel - Adv.","Nuclear - SMR - HTGR",2040,"Graphite","installation_demand","kt",0.781947998280529
"1618","USA","Limited Trade - Adv. Fuel","Limited","Reactor - Mod.","Fuel - Adv.","Nuclear - SMR - HTGR",2040,"Silicon carbide","installation_demand","kt",0.00128188196439431
"1619","USA","Limited Trade - Adv. Fuel","Limited","Reactor - Mod.","Fuel - Adv.","Nuclear - SMR - HTGR",2045,"Copper","installation_demand","kt",0.183825663998325
"1620","USA","Limited Trade - Adv. Fuel","Limited","Reactor - Mod.","Fuel - Adv.","Nuclear - SMR - HTGR",2045,"Graphite","installation_demand","kt",1.12133655038978
"1621","USA","Limited Trade - Adv. Fuel","Limited","Reactor - Mod.","Fuel - Adv.","Nuclear - SMR - HTGR",2045,"Silicon carbide","installation_demand","kt",0.00183825663998325
"1622","USA","Limited Trade - Adv. Fuel","Limited","Reactor - Mod.","Fuel - Adv.","Nuclear - SMR - HTGR",2050,"Copper","installation_demand","kt",0.40269221994068
"1623","USA","Limited Trade - Adv. Fuel","Limited","Reactor - Mod.","Fuel - Adv.","Nuclear - SMR - HTGR",2050,"Graphite","installation_demand","kt",2.45642254163815
"1624","USA","Limited Trade - Adv. Fuel","Limited","Reactor - Mod.","Fuel - Adv.","Nuclear - SMR - HTGR",2050,"Silicon carbide","installation_demand","kt",0.0040269221994068
"1625","USA","Limited Trade - Adv. Fuel","Limited","Reactor - Mod.","Fuel - Adv.","Nuclear - SMR - HTGR",2055,"Copper","installation_demand","kt",0.451007354089644
"1626","USA","Limited Trade - Adv. Fuel","Limited","Reactor - Mod.","Fuel - Adv.","Nuclear - SMR - HTGR",2055,"Graphite","installation_demand","kt",2.75114485994683
"1627","USA","Limited Trade - Adv. Fuel","Limited","Reactor - Mod.","Fuel - Adv.","Nuclear - SMR - HTGR",2055,"Silicon carbide","installation_demand","kt",0.00451007354089644
"1628","USA","Limited Trade - Adv. Fuel","Limited","Reactor - Mod.","Fuel - Adv.","Nuclear - SMR - HTGR",2060,"Copper","installation_demand","kt",0.45557316459188
"1629","USA","Limited Trade - Adv. Fuel","Limited","Reactor - Mod.","Fuel - Adv.","Nuclear - SMR - HTGR",2060,"Graphite","installation_demand","kt",2.77899630401047
"1630","USA","Limited Trade - Adv. Fuel","Limited","Reactor - Mod.","Fuel - Adv.","Nuclear - SMR - HTGR",2060,"Silicon carbide","installation_demand","kt",0.0045557316459188
"1631","USA","Limited Trade - Adv. Fuel","Limited","Reactor - Mod.","Fuel - Adv.","Nuclear - SMR - HTGR",2065,"Copper","installation_demand","kt",0.524269531651424
"1632","USA","Limited Trade - Adv. Fuel","Limited","Reactor - Mod.","Fuel - Adv.","Nuclear - SMR - HTGR",2065,"Graphite","installation_demand","kt",3.19804414307369
"1633","USA","Limited Trade - Adv. Fuel","Limited","Reactor - Mod.","Fuel - Adv.","Nuclear - SMR - HTGR",2065,"Silicon carbide","installation_demand","kt",0.00524269531651424
"1634","USA","Limited Trade - Adv. Fuel","Limited","Reactor - Mod.","Fuel - Adv.","Nuclear - SMR - HTGR",2070,"Copper","installation_demand","kt",0.570945744269362
"1635","USA","Limited Trade - Adv. Fuel","Limited","Reactor - Mod.","Fuel - Adv.","Nuclear - SMR - HTGR",2070,"Graphite","installation_demand","kt",3.48276904004311
"1636","USA","Limited Trade - Adv. Fuel","Limited","Reactor - Mod.","Fuel - Adv.","Nuclear - SMR - HTGR",2070,"Silicon carbide","installation_demand","kt",0.00570945744269362
"1637","USA","Limited Trade - Adv. Fuel","Limited","Reactor - Mod.","Fuel - Adv.","Nuclear - SMR - HTGR",2075,"Copper","installation_demand","kt",0.58386017334815
"1638","USA","Limited Trade - Adv. Fuel","Limited","Reactor - Mod.","Fuel - Adv.","Nuclear - SMR - HTGR",2075,"Graphite","installation_demand","kt",3.56154705742371
"1639","USA","Limited Trade - Adv. Fuel","Limited","Reactor - Mod.","Fuel - Adv.","Nuclear - SMR - HTGR",2075,"Silicon carbide","installation_demand","kt",0.0058386017334815
"1640","USA","Limited Trade - Adv. Fuel","Limited","Reactor - Mod.","Fuel - Adv.","Nuclear - SMR - HTGR",2080,"Copper","installation_demand","kt",0.757870026230922
"1641","USA","Limited Trade - Adv. Fuel","Limited","Reactor - Mod.","Fuel - Adv.","Nuclear - SMR - HTGR",2080,"Graphite","installation_demand","kt",4.62300716000862
"1642","USA","Limited Trade - Adv. Fuel","Limited","Reactor - Mod.","Fuel - Adv.","Nuclear - SMR - HTGR",2080,"Silicon carbide","installation_demand","kt",0.00757870026230922
"1643","USA","Limited Trade - Adv. Fuel","Limited","Reactor - Mod.","Fuel - Adv.","Nuclear - SMR - HTGR",2085,"Copper","installation_demand","kt",0.58776087473842
"1644","USA","Limited Trade - Adv. Fuel","Limited","Reactor - Mod.","Fuel - Adv.","Nuclear - SMR - HTGR",2085,"Graphite","installation_demand","kt",3.58534133590436
"1645","USA","Limited Trade - Adv. Fuel","Limited","Reactor - Mod.","Fuel - Adv.","Nuclear - SMR - HTGR",2085,"Silicon carbide","installation_demand","kt",0.0058776087473842
"1646","USA","Limited Trade - Adv. Fuel","Limited","Reactor - Mod.","Fuel - Adv.","Nuclear - SMR - HTGR",2090,"Copper","installation_demand","kt",0.496713161609794
"1647","USA","Limited Trade - Adv. Fuel","Limited","Reactor - Mod.","Fuel - Adv.","Nuclear - SMR - HTGR",2090,"Graphite","installation_demand","kt",3.02995028581974
"1648","USA","Limited Trade - Adv. Fuel","Limited","Reactor - Mod.","Fuel - Adv.","Nuclear - SMR - HTGR",2090,"Silicon carbide","installation_demand","kt",0.00496713161609794
"1649","USA","Limited Trade - Adv. Fuel","Limited","Reactor - Mod.","Fuel - Adv.","Nuclear - SMR - HTGR",2095,"Copper","installation_demand","kt",0.56772173688338
"1650","USA","Limited Trade - Adv. Fuel","Limited","Reactor - Mod.","Fuel - Adv.","Nuclear - SMR - HTGR",2095,"Graphite","installation_demand","kt",3.46310259498862
"1651","USA","Limited Trade - Adv. Fuel","Limited","Reactor - Mod.","Fuel - Adv.","Nuclear - SMR - HTGR",2095,"Silicon carbide","installation_demand","kt",0.0056772173688338
"1652","USA","Limited Trade - Adv. Fuel","Limited","Reactor - Mod.","Fuel - Adv.","Nuclear - SMR - HTGR",2100,"Copper","installation_demand","kt",0.554181042155106
"1653","USA","Limited Trade - Adv. Fuel","Limited","Reactor - Mod.","Fuel - Adv.","Nuclear - SMR - HTGR",2100,"Graphite","installation_demand","kt",3.38050435714615
"1654","USA","Limited Trade - Adv. Fuel","Limited","Reactor - Mod.","Fuel - Adv.","Nuclear - SMR - HTGR",2100,"Silicon carbide","installation_demand","kt",0.00554181042155106
"1655","USA","Limited Trade - Adv. Fuel","Limited","Reactor - Mod.","Fuel - Adv.","Nuclear - SMR - MSR",2035,"Copper","installation_demand","kt",0.0396417297089248
"1656","USA","Limited Trade - Adv. Fuel","Limited","Reactor - Mod.","Fuel - Adv.","Nuclear - SMR - MSR",2035,"Fluorine","installation_demand","kt",0.00177991366393072
"1657","USA","Limited Trade - Adv. Fuel","Limited","Reactor - Mod.","Fuel - Adv.","Nuclear - SMR - MSR",2040,"Copper","installation_demand","kt",0.0629155739387352
"1658","USA","Limited Trade - Adv. Fuel","Limited","Reactor - Mod.","Fuel - Adv.","Nuclear - SMR - MSR",2040,"Fluorine","installation_demand","kt",0.00282490926984921
"1659","USA","Limited Trade - Adv. Fuel","Limited","Reactor - Mod.","Fuel - Adv.","Nuclear - SMR - MSR",2045,"Copper","installation_demand","kt",0.082407427851335
"1660","USA","Limited Trade - Adv. Fuel","Limited","Reactor - Mod.","Fuel - Adv.","Nuclear - SMR - MSR",2045,"Fluorine","installation_demand","kt",0.00370009351052494
"1661","USA","Limited Trade - Adv. Fuel","Limited","Reactor - Mod.","Fuel - Adv.","Nuclear - SMR - MSR",2050,"Copper","installation_demand","kt",0.170441706048486
"1662","USA","Limited Trade - Adv. Fuel","Limited","Reactor - Mod.","Fuel - Adv.","Nuclear - SMR - MSR",2050,"Fluorine","installation_demand","kt",0.00765283260157701
"1663","USA","Limited Trade - Adv. Fuel","Limited","Reactor - Mod.","Fuel - Adv.","Nuclear - SMR - MSR",2055,"Copper","installation_demand","kt",0.182080434043664
"1664","USA","Limited Trade - Adv. Fuel","Limited","Reactor - Mod.","Fuel - Adv.","Nuclear - SMR - MSR",2055,"Fluorine","installation_demand","kt",0.00817541148856053
"1665","USA","Limited Trade - Adv. Fuel","Limited","Reactor - Mod.","Fuel - Adv.","Nuclear - SMR - MSR",2060,"Copper","installation_demand","kt",0.180396535871869
"1666","USA","Limited Trade - Adv. Fuel","Limited","Reactor - Mod.","Fuel - Adv.","Nuclear - SMR - MSR",2060,"Fluorine","installation_demand","kt",0.00809980446064694
"1667","USA","Limited Trade - Adv. Fuel","Limited","Reactor - Mod.","Fuel - Adv.","Nuclear - SMR - MSR",2065,"Copper","installation_demand","kt",0.20466211503062
"1668","USA","Limited Trade - Adv. Fuel","Limited","Reactor - Mod.","Fuel - Adv.","Nuclear - SMR - MSR",2065,"Fluorine","installation_demand","kt",0.00918932896487484
"1669","USA","Limited Trade - Adv. Fuel","Limited","Reactor - Mod.","Fuel - Adv.","Nuclear - SMR - MSR",2070,"Copper","installation_demand","kt",0.22124963643882
"1670","USA","Limited Trade - Adv. Fuel","Limited","Reactor - Mod.","Fuel - Adv.","Nuclear - SMR - MSR",2070,"Fluorine","installation_demand","kt",0.00993410867610302
"1671","USA","Limited Trade - Adv. Fuel","Limited","Reactor - Mod.","Fuel - Adv.","Nuclear - SMR - MSR",2075,"Copper","installation_demand","kt",0.227033905027326
"1672","USA","Limited Trade - Adv. Fuel","Limited","Reactor - Mod.","Fuel - Adv.","Nuclear - SMR - MSR",2075,"Fluorine","installation_demand","kt",0.0101938223357269
"1673","USA","Limited Trade - Adv. Fuel","Limited","Reactor - Mod.","Fuel - Adv.","Nuclear - SMR - MSR",2080,"Copper","installation_demand","kt",0.298082005227648
"1674","USA","Limited Trade - Adv. Fuel","Limited","Reactor - Mod.","Fuel - Adv.","Nuclear - SMR - MSR",2080,"Fluorine","installation_demand","kt",0.0133838820347214
"1675","USA","Limited Trade - Adv. Fuel","Limited","Reactor - Mod.","Fuel - Adv.","Nuclear - SMR - MSR",2085,"Copper","installation_demand","kt",0.234839396593388
"1676","USA","Limited Trade - Adv. Fuel","Limited","Reactor - Mod.","Fuel - Adv.","Nuclear - SMR - MSR",2085,"Fluorine","installation_demand","kt",0.0105442889070431
"1677","USA","Limited Trade - Adv. Fuel","Limited","Reactor - Mod.","Fuel - Adv.","Nuclear - SMR - MSR",2090,"Copper","installation_demand","kt",0.203425938873746
"1678","USA","Limited Trade - Adv. Fuel","Limited","Reactor - Mod.","Fuel - Adv.","Nuclear - SMR - MSR",2090,"Fluorine","installation_demand","kt",0.00913382465543119
"1679","USA","Limited Trade - Adv. Fuel","Limited","Reactor - Mod.","Fuel - Adv.","Nuclear - SMR - MSR",2095,"Copper","installation_demand","kt",0.241140215086474
"1680","USA","Limited Trade - Adv. Fuel","Limited","Reactor - Mod.","Fuel - Adv.","Nuclear - SMR - MSR",2095,"Fluorine","installation_demand","kt",0.0108271956573827
"1681","USA","Limited Trade - Adv. Fuel","Limited","Reactor - Mod.","Fuel - Adv.","Nuclear - SMR - MSR",2100,"Copper","installation_demand","kt",0.245106337045132
"1682","USA","Limited Trade - Adv. Fuel","Limited","Reactor - Mod.","Fuel - Adv.","Nuclear - SMR - MSR",2100,"Fluorine","installation_demand","kt",0.0110052745333264
"1683","USA","Limited Trade - Adv. Fuel","Limited","Reactor - Mod.","Fuel - Adv.","Nuclear - SMR - PWR modular",2035,"Zirconium","installation_demand","kt",0.00214356625508951
"1684","USA","Limited Trade - Adv. Fuel","Limited","Reactor - Mod.","Fuel - Adv.","Nuclear - SMR - PWR modular",2040,"Zirconium","installation_demand","kt",0.00319683740617259
"1685","USA","Limited Trade - Adv. Fuel","Limited","Reactor - Mod.","Fuel - Adv.","Nuclear - SMR - PWR modular",2045,"Zirconium","installation_demand","kt",0.00357627670283606
"1686","USA","Limited Trade - Adv. Fuel","Limited","Reactor - Mod.","Fuel - Adv.","Nuclear - SMR - PWR modular",2050,"Zirconium","installation_demand","kt",0.00705033376756236
"1687","USA","Limited Trade - Adv. Fuel","Limited","Reactor - Mod.","Fuel - Adv.","Nuclear - SMR - PWR modular",2055,"Zirconium","installation_demand","kt",0.0072412800515514
"1688","USA","Limited Trade - Adv. Fuel","Limited","Reactor - Mod.","Fuel - Adv.","Nuclear - SMR - PWR modular",2060,"Zirconium","installation_demand","kt",0.00690303526904616
"1689","USA","Limited Trade - Adv. Fuel","Limited","Reactor - Mod.","Fuel - Adv.","Nuclear - SMR - PWR modular",2065,"Zirconium","installation_demand","kt",0.00751670064447438
"1690","USA","Limited Trade - Adv. Fuel","Limited","Reactor - Mod.","Fuel - Adv.","Nuclear - SMR - PWR modular",2070,"Zirconium","installation_demand","kt",0.00777950733405462
"1691","USA","Limited Trade - Adv. Fuel","Limited","Reactor - Mod.","Fuel - Adv.","Nuclear - SMR - PWR modular",2075,"Zirconium","installation_demand","kt",0.0076216802128131
"1692","USA","Limited Trade - Adv. Fuel","Limited","Reactor - Mod.","Fuel - Adv.","Nuclear - SMR - PWR modular",2080,"Zirconium","installation_demand","kt",0.0095355998289252
"1693","USA","Limited Trade - Adv. Fuel","Limited","Reactor - Mod.","Fuel - Adv.","Nuclear - SMR - PWR modular",2085,"Zirconium","installation_demand","kt",0.00713580982894974
"1694","USA","Limited Trade - Adv. Fuel","Limited","Reactor - Mod.","Fuel - Adv.","Nuclear - SMR - PWR modular",2090,"Zirconium","installation_demand","kt",0.00587043292878889
"1695","USA","Limited Trade - Adv. Fuel","Limited","Reactor - Mod.","Fuel - Adv.","Nuclear - SMR - PWR modular",2095,"Zirconium","installation_demand","kt",0.00659367775627074
"1696","USA","Limited Trade - Adv. Fuel","Limited","Reactor - Mod.","Fuel - Adv.","Nuclear - SMR - PWR modular",2100,"Zirconium","installation_demand","kt",0.0063295013235399
"1697","USA","Limited Trade - Adv. Fuel","Limited","Reactor - Mod.","Fuel - Adv.","Nuclear - SMR - SFR",2035,"Copper","installation_demand","kt",0.0724539609564596
"1698","USA","Limited Trade - Adv. Fuel","Limited","Reactor - Mod.","Fuel - Adv.","Nuclear - SMR - SFR",2040,"Copper","installation_demand","kt",0.113903342745718
"1699","USA","Limited Trade - Adv. Fuel","Limited","Reactor - Mod.","Fuel - Adv.","Nuclear - SMR - SFR",2045,"Copper","installation_demand","kt",0.152256150964504
"1700","USA","Limited Trade - Adv. Fuel","Limited","Reactor - Mod.","Fuel - Adv.","Nuclear - SMR - SFR",2050,"Copper","installation_demand","kt",0.3156924044812
"1701","USA","Limited Trade - Adv. Fuel","Limited","Reactor - Mod.","Fuel - Adv.","Nuclear - SMR - SFR",2055,"Copper","installation_demand","kt",0.33706925666697
"1702","USA","Limited Trade - Adv. Fuel","Limited","Reactor - Mod.","Fuel - Adv.","Nuclear - SMR - SFR",2060,"Copper","installation_demand","kt",0.32785108970223
"1703","USA","Limited Trade - Adv. Fuel","Limited","Reactor - Mod.","Fuel - Adv.","Nuclear - SMR - SFR",2065,"Copper","installation_demand","kt",0.36176552123429
"1704","USA","Limited Trade - Adv. Fuel","Limited","Reactor - Mod.","Fuel - Adv.","Nuclear - SMR - SFR",2070,"Copper","installation_demand","kt",0.378186083900244
"1705","USA","Limited Trade - Adv. Fuel","Limited","Reactor - Mod.","Fuel - Adv.","Nuclear - SMR - SFR",2075,"Copper","installation_demand","kt",0.373167099669054
"1706","USA","Limited Trade - Adv. Fuel","Limited","Reactor - Mod.","Fuel - Adv.","Nuclear - SMR - SFR",2080,"Copper","installation_demand","kt",0.46913157739076
"1707","USA","Limited Trade - Adv. Fuel","Limited","Reactor - Mod.","Fuel - Adv.","Nuclear - SMR - SFR",2085,"Copper","installation_demand","kt",0.352460808309284
"1708","USA","Limited Trade - Adv. Fuel","Limited","Reactor - Mod.","Fuel - Adv.","Nuclear - SMR - SFR",2090,"Copper","installation_demand","kt",0.290455057296152
"1709","USA","Limited Trade - Adv. Fuel","Limited","Reactor - Mod.","Fuel - Adv.","Nuclear - SMR - SFR",2095,"Copper","installation_demand","kt",0.326185591065294
"1710","USA","Limited Trade - Adv. Fuel","Limited","Reactor - Mod.","Fuel - Adv.","Nuclear - SMR - SFR",2100,"Copper","installation_demand","kt",0.312957688429636
"1711","USA","Limited Trade - Adv. Nuc","Limited","Reactor - Adv.","Fuel - Adv.","Nuclear - Large - PWR",2030,"Copper","installation_demand","kt",0.31349127494057
"1712","USA","Limited Trade - Adv. Nuc","Limited","Reactor - Adv.","Fuel - Adv.","Nuclear - Large - PWR",2030,"Hafnium","installation_demand","kt",0.000156745637470285
"1713","USA","Limited Trade - Adv. Nuc","Limited","Reactor - Adv.","Fuel - Adv.","Nuclear - Large - PWR",2030,"Zirconium","installation_demand","kt",0.00783728187351425
"1714","USA","Limited Trade - Adv. Nuc","Limited","Reactor - Adv.","Fuel - Adv.","Nuclear - Large - PWR",2035,"Copper","installation_demand","kt",0.616428712978432
"1715","USA","Limited Trade - Adv. Nuc","Limited","Reactor - Adv.","Fuel - Adv.","Nuclear - Large - PWR",2035,"Hafnium","installation_demand","kt",0.000308214356489216
"1716","USA","Limited Trade - Adv. Nuc","Limited","Reactor - Adv.","Fuel - Adv.","Nuclear - Large - PWR",2035,"Zirconium","installation_demand","kt",0.0154107178244608
"1717","USA","Limited Trade - Adv. Nuc","Limited","Reactor - Adv.","Fuel - Adv.","Nuclear - Large - PWR",2040,"Copper","installation_demand","kt",1.47292365337893
"1718","USA","Limited Trade - Adv. Nuc","Limited","Reactor - Adv.","Fuel - Adv.","Nuclear - Large - PWR",2040,"Hafnium","installation_demand","kt",0.000736461826689466
"1719","USA","Limited Trade - Adv. Nuc","Limited","Reactor - Adv.","Fuel - Adv.","Nuclear - Large - PWR",2040,"Zirconium","installation_demand","kt",0.0368230913344733
"1720","USA","Limited Trade - Adv. Nuc","Limited","Reactor - Adv.","Fuel - Adv.","Nuclear - Large - PWR",2045,"Copper","installation_demand","kt",1.97470622757471
"1721","USA","Limited Trade - Adv. Nuc","Limited","Reactor - Adv.","Fuel - Adv.","Nuclear - Large - PWR",2045,"Hafnium","installation_demand","kt",0.000987353113787357
"1722","USA","Limited Trade - Adv. Nuc","Limited","Reactor - Adv.","Fuel - Adv.","Nuclear - Large - PWR",2045,"Zirconium","installation_demand","kt",0.0493676556893679
"1723","USA","Limited Trade - Adv. Nuc","Limited","Reactor - Adv.","Fuel - Adv.","Nuclear - Large - PWR",2050,"Copper","installation_demand","kt",3.92559527946986
"1724","USA","Limited Trade - Adv. Nuc","Limited","Reactor - Adv.","Fuel - Adv.","Nuclear - Large - PWR",2050,"Hafnium","installation_demand","kt",0.00196279763973493
"1725","USA","Limited Trade - Adv. Nuc","Limited","Reactor - Adv.","Fuel - Adv.","Nuclear - Large - PWR",2050,"Zirconium","installation_demand","kt",0.0981398819867465
"1726","USA","Limited Trade - Adv. Nuc","Limited","Reactor - Adv.","Fuel - Adv.","Nuclear - Large - PWR",2055,"Copper","installation_demand","kt",4.1009496613259
"1727","USA","Limited Trade - Adv. Nuc","Limited","Reactor - Adv.","Fuel - Adv.","Nuclear - Large - PWR",2055,"Hafnium","installation_demand","kt",0.00205047483066295
"1728","USA","Limited Trade - Adv. Nuc","Limited","Reactor - Adv.","Fuel - Adv.","Nuclear - Large - PWR",2055,"Zirconium","installation_demand","kt",0.102523741533148
"1729","USA","Limited Trade - Adv. Nuc","Limited","Reactor - Adv.","Fuel - Adv.","Nuclear - Large - PWR",2060,"Copper","installation_demand","kt",3.64800081557642
"1730","USA","Limited Trade - Adv. Nuc","Limited","Reactor - Adv.","Fuel - Adv.","Nuclear - Large - PWR",2060,"Hafnium","installation_demand","kt",0.00182400040778821
"1731","USA","Limited Trade - Adv. Nuc","Limited","Reactor - Adv.","Fuel - Adv.","Nuclear - Large - PWR",2060,"Zirconium","installation_demand","kt",0.0912000203894105
"1732","USA","Limited Trade - Adv. Nuc","Limited","Reactor - Adv.","Fuel - Adv.","Nuclear - Large - PWR",2065,"Copper","installation_demand","kt",3.86504036585362
"1733","USA","Limited Trade - Adv. Nuc","Limited","Reactor - Adv.","Fuel - Adv.","Nuclear - Large - PWR",2065,"Hafnium","installation_demand","kt",0.00193252018292681
"1734","USA","Limited Trade - Adv. Nuc","Limited","Reactor - Adv.","Fuel - Adv.","Nuclear - Large - PWR",2065,"Zirconium","installation_demand","kt",0.0966260091463405
"1735","USA","Limited Trade - Adv. Nuc","Limited","Reactor - Adv.","Fuel - Adv.","Nuclear - Large - PWR",2070,"Copper","installation_demand","kt",3.846327357437
"1736","USA","Limited Trade - Adv. Nuc","Limited","Reactor - Adv.","Fuel - Adv.","Nuclear - Large - PWR",2070,"Hafnium","installation_demand","kt",0.0019231636787185
"1737","USA","Limited Trade - Adv. Nuc","Limited","Reactor - Adv.","Fuel - Adv.","Nuclear - Large - PWR",2070,"Zirconium","installation_demand","kt",0.096158183935925
"1738","USA","Limited Trade - Adv. Nuc","Limited","Reactor - Adv.","Fuel - Adv.","Nuclear - Large - PWR",2075,"Copper","installation_demand","kt",3.64448446002544
"1739","USA","Limited Trade - Adv. Nuc","Limited","Reactor - Adv.","Fuel - Adv.","Nuclear - Large - PWR",2075,"Hafnium","installation_demand","kt",0.00182224223001272
"1740","USA","Limited Trade - Adv. Nuc","Limited","Reactor - Adv.","Fuel - Adv.","Nuclear - Large - PWR",2075,"Zirconium","installation_demand","kt",0.091112111500636
"1741","USA","Limited Trade - Adv. Nuc","Limited","Reactor - Adv.","Fuel - Adv.","Nuclear - Large - PWR",2080,"Copper","installation_demand","kt",4.343537306488
"1742","USA","Limited Trade - Adv. Nuc","Limited","Reactor - Adv.","Fuel - Adv.","Nuclear - Large - PWR",2080,"Hafnium","installation_demand","kt",0.002171768653244
"1743","USA","Limited Trade - Adv. Nuc","Limited","Reactor - Adv.","Fuel - Adv.","Nuclear - Large - PWR",2080,"Zirconium","installation_demand","kt",0.1085884326622
"1744","USA","Limited Trade - Adv. Nuc","Limited","Reactor - Adv.","Fuel - Adv.","Nuclear - Large - PWR",2085,"Copper","installation_demand","kt",3.1037153158546
"1745","USA","Limited Trade - Adv. Nuc","Limited","Reactor - Adv.","Fuel - Adv.","Nuclear - Large - PWR",2085,"Hafnium","installation_demand","kt",0.0015518576579273
"1746","USA","Limited Trade - Adv. Nuc","Limited","Reactor - Adv.","Fuel - Adv.","Nuclear - Large - PWR",2085,"Zirconium","installation_demand","kt",0.077592882896365
"1747","USA","Limited Trade - Adv. Nuc","Limited","Reactor - Adv.","Fuel - Adv.","Nuclear - Large - PWR",2090,"Copper","installation_demand","kt",2.49035659934072
"1748","USA","Limited Trade - Adv. Nuc","Limited","Reactor - Adv.","Fuel - Adv.","Nuclear - Large - PWR",2090,"Hafnium","installation_demand","kt",0.00124517829967036
"1749","USA","Limited Trade - Adv. Nuc","Limited","Reactor - Adv.","Fuel - Adv.","Nuclear - Large - PWR",2090,"Zirconium","installation_demand","kt",0.062258914983518
"1750","USA","Limited Trade - Adv. Nuc","Limited","Reactor - Adv.","Fuel - Adv.","Nuclear - Large - PWR",2095,"Copper","installation_demand","kt",2.72275635390456
"1751","USA","Limited Trade - Adv. Nuc","Limited","Reactor - Adv.","Fuel - Adv.","Nuclear - Large - PWR",2095,"Hafnium","installation_demand","kt",0.00136137817695228
"1752","USA","Limited Trade - Adv. Nuc","Limited","Reactor - Adv.","Fuel - Adv.","Nuclear - Large - PWR",2095,"Zirconium","installation_demand","kt",0.068068908847614
"1753","USA","Limited Trade - Adv. Nuc","Limited","Reactor - Adv.","Fuel - Adv.","Nuclear - Large - PWR",2100,"Copper","installation_demand","kt",2.62272421605034
"1754","USA","Limited Trade - Adv. Nuc","Limited","Reactor - Adv.","Fuel - Adv.","Nuclear - Large - PWR",2100,"Hafnium","installation_demand","kt",0.00131136210802517
"1755","USA","Limited Trade - Adv. Nuc","Limited","Reactor - Adv.","Fuel - Adv.","Nuclear - Large - PWR",2100,"Zirconium","installation_demand","kt",0.0655681054012585
"1756","USA","Limited Trade - Adv. Nuc","Limited","Reactor - Adv.","Fuel - Adv.","Nuclear - SMR - BWR",2035,"Copper","installation_demand","kt",0.126526343636255
"1757","USA","Limited Trade - Adv. Nuc","Limited","Reactor - Adv.","Fuel - Adv.","Nuclear - SMR - BWR",2035,"Zirconium","installation_demand","kt",0.00309860433394911
"1758","USA","Limited Trade - Adv. Nuc","Limited","Reactor - Adv.","Fuel - Adv.","Nuclear - SMR - BWR",2040,"Copper","installation_demand","kt",0.290953991349765
"1759","USA","Limited Trade - Adv. Nuc","Limited","Reactor - Adv.","Fuel - Adv.","Nuclear - SMR - BWR",2040,"Zirconium","installation_demand","kt",0.00712540386979017
"1760","USA","Limited Trade - Adv. Nuc","Limited","Reactor - Adv.","Fuel - Adv.","Nuclear - SMR - BWR",2045,"Copper","installation_demand","kt",0.609275859728488
"1761","USA","Limited Trade - Adv. Nuc","Limited","Reactor - Adv.","Fuel - Adv.","Nuclear - SMR - BWR",2045,"Zirconium","installation_demand","kt",0.0149210414627385
"1762","USA","Limited Trade - Adv. Nuc","Limited","Reactor - Adv.","Fuel - Adv.","Nuclear - SMR - BWR",2050,"Copper","installation_demand","kt",1.71395837779888
"1763","USA","Limited Trade - Adv. Nuc","Limited","Reactor - Adv.","Fuel - Adv.","Nuclear - SMR - BWR",2050,"Zirconium","installation_demand","kt",0.0419744908848704
"1764","USA","Limited Trade - Adv. Nuc","Limited","Reactor - Adv.","Fuel - Adv.","Nuclear - SMR - BWR",2055,"Copper","installation_demand","kt",2.47842572761983
"1765","USA","Limited Trade - Adv. Nuc","Limited","Reactor - Adv.","Fuel - Adv.","Nuclear - SMR - BWR",2055,"Zirconium","installation_demand","kt",0.0606961402682406
"1766","USA","Limited Trade - Adv. Nuc","Limited","Reactor - Adv.","Fuel - Adv.","Nuclear - SMR - BWR",2060,"Copper","installation_demand","kt",2.71620168997683
"1767","USA","Limited Trade - Adv. Nuc","Limited","Reactor - Adv.","Fuel - Adv.","Nuclear - SMR - BWR",2060,"Zirconium","installation_demand","kt",0.0665192250606571
"1768","USA","Limited Trade - Adv. Nuc","Limited","Reactor - Adv.","Fuel - Adv.","Nuclear - SMR - BWR",2065,"Copper","installation_demand","kt",2.85053669398793
"1769","USA","Limited Trade - Adv. Nuc","Limited","Reactor - Adv.","Fuel - Adv.","Nuclear - SMR - BWR",2065,"Zirconium","installation_demand","kt",0.069809061893582
"1770","USA","Limited Trade - Adv. Nuc","Limited","Reactor - Adv.","Fuel - Adv.","Nuclear - SMR - BWR",2070,"Copper","installation_demand","kt",2.60496709754289
"1771","USA","Limited Trade - Adv. Nuc","Limited","Reactor - Adv.","Fuel - Adv.","Nuclear - SMR - BWR",2070,"Zirconium","installation_demand","kt",0.063795112592887
"1772","USA","Limited Trade - Adv. Nuc","Limited","Reactor - Adv.","Fuel - Adv.","Nuclear - SMR - BWR",2075,"Copper","installation_demand","kt",2.31392795723457
"1773","USA","Limited Trade - Adv. Nuc","Limited","Reactor - Adv.","Fuel - Adv.","Nuclear - SMR - BWR",2075,"Zirconium","installation_demand","kt",0.0566676234424793
"1774","USA","Limited Trade - Adv. Nuc","Limited","Reactor - Adv.","Fuel - Adv.","Nuclear - SMR - BWR",2080,"Copper","installation_demand","kt",2.66515238494771
"1775","USA","Limited Trade - Adv. Nuc","Limited","Reactor - Adv.","Fuel - Adv.","Nuclear - SMR - BWR",2080,"Zirconium","installation_demand","kt",0.0652690379987193
"1776","USA","Limited Trade - Adv. Nuc","Limited","Reactor - Adv.","Fuel - Adv.","Nuclear - SMR - BWR",2085,"Copper","installation_demand","kt",1.83285637650191
"1777","USA","Limited Trade - Adv. Nuc","Limited","Reactor - Adv.","Fuel - Adv.","Nuclear - SMR - BWR",2085,"Zirconium","installation_demand","kt",0.0448862786082101
"1778","USA","Limited Trade - Adv. Nuc","Limited","Reactor - Adv.","Fuel - Adv.","Nuclear - SMR - BWR",2090,"Copper","installation_demand","kt",1.41934298123166
"1779","USA","Limited Trade - Adv. Nuc","Limited","Reactor - Adv.","Fuel - Adv.","Nuclear - SMR - BWR",2090,"Zirconium","installation_demand","kt",0.0347594199485303
"1780","USA","Limited Trade - Adv. Nuc","Limited","Reactor - Adv.","Fuel - Adv.","Nuclear - SMR - BWR",2095,"Copper","installation_demand","kt",1.50650546220858
"1781","USA","Limited Trade - Adv. Nuc","Limited","Reactor - Adv.","Fuel - Adv.","Nuclear - SMR - BWR",2095,"Zirconium","installation_demand","kt",0.0368940113193938
"1782","USA","Limited Trade - Adv. Nuc","Limited","Reactor - Adv.","Fuel - Adv.","Nuclear - SMR - BWR",2100,"Copper","installation_demand","kt",1.41879201738224
"1783","USA","Limited Trade - Adv. Nuc","Limited","Reactor - Adv.","Fuel - Adv.","Nuclear - SMR - BWR",2100,"Zirconium","installation_demand","kt",0.0347459269562998
"1784","USA","Limited Trade - Adv. Nuc","Limited","Reactor - Adv.","Fuel - Adv.","Nuclear - SMR - HTGR",2035,"Copper","installation_demand","kt",0.074037683882907
"1785","USA","Limited Trade - Adv. Nuc","Limited","Reactor - Adv.","Fuel - Adv.","Nuclear - SMR - HTGR",2035,"Graphite","installation_demand","kt",0.451629871685733
"1786","USA","Limited Trade - Adv. Nuc","Limited","Reactor - Adv.","Fuel - Adv.","Nuclear - SMR - HTGR",2035,"Silicon carbide","installation_demand","kt",0.00074037683882907
"1787","USA","Limited Trade - Adv. Nuc","Limited","Reactor - Adv.","Fuel - Adv.","Nuclear - SMR - HTGR",2040,"Copper","installation_demand","kt",0.134107394950241
"1788","USA","Limited Trade - Adv. Nuc","Limited","Reactor - Adv.","Fuel - Adv.","Nuclear - SMR - HTGR",2040,"Graphite","installation_demand","kt",0.818055109196469
"1789","USA","Limited Trade - Adv. Nuc","Limited","Reactor - Adv.","Fuel - Adv.","Nuclear - SMR - HTGR",2040,"Silicon carbide","installation_demand","kt",0.00134107394950241
"1790","USA","Limited Trade - Adv. Nuc","Limited","Reactor - Adv.","Fuel - Adv.","Nuclear - SMR - HTGR",2045,"Copper","installation_demand","kt",0.236734548683942
"1791","USA","Limited Trade - Adv. Nuc","Limited","Reactor - Adv.","Fuel - Adv.","Nuclear - SMR - HTGR",2045,"Graphite","installation_demand","kt",1.44408074697205
"1792","USA","Limited Trade - Adv. Nuc","Limited","Reactor - Adv.","Fuel - Adv.","Nuclear - SMR - HTGR",2045,"Silicon carbide","installation_demand","kt",0.00236734548683942
"1793","USA","Limited Trade - Adv. Nuc","Limited","Reactor - Adv.","Fuel - Adv.","Nuclear - SMR - HTGR",2050,"Copper","installation_demand","kt",0.587504644178892
"1794","USA","Limited Trade - Adv. Nuc","Limited","Reactor - Adv.","Fuel - Adv.","Nuclear - SMR - HTGR",2050,"Graphite","installation_demand","kt",3.58377832949124
"1795","USA","Limited Trade - Adv. Nuc","Limited","Reactor - Adv.","Fuel - Adv.","Nuclear - SMR - HTGR",2050,"Silicon carbide","installation_demand","kt",0.00587504644178892
"1796","USA","Limited Trade - Adv. Nuc","Limited","Reactor - Adv.","Fuel - Adv.","Nuclear - SMR - HTGR",2055,"Copper","installation_demand","kt",0.767649038276756
"1797","USA","Limited Trade - Adv. Nuc","Limited","Reactor - Adv.","Fuel - Adv.","Nuclear - SMR - HTGR",2055,"Graphite","installation_demand","kt",4.68265913348821
"1798","USA","Limited Trade - Adv. Nuc","Limited","Reactor - Adv.","Fuel - Adv.","Nuclear - SMR - HTGR",2055,"Silicon carbide","installation_demand","kt",0.00767649038276756
"1799","USA","Limited Trade - Adv. Nuc","Limited","Reactor - Adv.","Fuel - Adv.","Nuclear - SMR - HTGR",2060,"Copper","installation_demand","kt",0.803930195163184
"1800","USA","Limited Trade - Adv. Nuc","Limited","Reactor - Adv.","Fuel - Adv.","Nuclear - SMR - HTGR",2060,"Graphite","installation_demand","kt",4.90397419049542
"1801","USA","Limited Trade - Adv. Nuc","Limited","Reactor - Adv.","Fuel - Adv.","Nuclear - SMR - HTGR",2060,"Silicon carbide","installation_demand","kt",0.00803930195163184
"1802","USA","Limited Trade - Adv. Nuc","Limited","Reactor - Adv.","Fuel - Adv.","Nuclear - SMR - HTGR",2065,"Copper","installation_demand","kt",0.967018220446054
"1803","USA","Limited Trade - Adv. Nuc","Limited","Reactor - Adv.","Fuel - Adv.","Nuclear - SMR - HTGR",2065,"Graphite","installation_demand","kt",5.89881114472093
"1804","USA","Limited Trade - Adv. Nuc","Limited","Reactor - Adv.","Fuel - Adv.","Nuclear - SMR - HTGR",2065,"Silicon carbide","installation_demand","kt",0.00967018220446054
"1805","USA","Limited Trade - Adv. Nuc","Limited","Reactor - Adv.","Fuel - Adv.","Nuclear - SMR - HTGR",2070,"Copper","installation_demand","kt",1.13083541248077
"1806","USA","Limited Trade - Adv. Nuc","Limited","Reactor - Adv.","Fuel - Adv.","Nuclear - SMR - HTGR",2070,"Graphite","installation_demand","kt",6.89809601613271
"1807","USA","Limited Trade - Adv. Nuc","Limited","Reactor - Adv.","Fuel - Adv.","Nuclear - SMR - HTGR",2070,"Silicon carbide","installation_demand","kt",0.0113083541248077
"1808","USA","Limited Trade - Adv. Nuc","Limited","Reactor - Adv.","Fuel - Adv.","Nuclear - SMR - HTGR",2075,"Copper","installation_demand","kt",1.23859535497609
"1809","USA","Limited Trade - Adv. Nuc","Limited","Reactor - Adv.","Fuel - Adv.","Nuclear - SMR - HTGR",2075,"Graphite","installation_demand","kt",7.55543166535416
"1810","USA","Limited Trade - Adv. Nuc","Limited","Reactor - Adv.","Fuel - Adv.","Nuclear - SMR - HTGR",2075,"Silicon carbide","installation_demand","kt",0.0123859535497609
"1811","USA","Limited Trade - Adv. Nuc","Limited","Reactor - Adv.","Fuel - Adv.","Nuclear - SMR - HTGR",2080,"Copper","installation_demand","kt",1.44217598623551
"1812","USA","Limited Trade - Adv. Nuc","Limited","Reactor - Adv.","Fuel - Adv.","Nuclear - SMR - HTGR",2080,"Graphite","installation_demand","kt",8.79727351603662
"1813","USA","Limited Trade - Adv. Nuc","Limited","Reactor - Adv.","Fuel - Adv.","Nuclear - SMR - HTGR",2080,"Silicon carbide","installation_demand","kt",0.0144217598623551
"1814","USA","Limited Trade - Adv. Nuc","Limited","Reactor - Adv.","Fuel - Adv.","Nuclear - SMR - HTGR",2085,"Copper","installation_demand","kt",1.00289731342258
"1815","USA","Limited Trade - Adv. Nuc","Limited","Reactor - Adv.","Fuel - Adv.","Nuclear - SMR - HTGR",2085,"Graphite","installation_demand","kt",6.11767361187776
"1816","USA","Limited Trade - Adv. Nuc","Limited","Reactor - Adv.","Fuel - Adv.","Nuclear - SMR - HTGR",2085,"Silicon carbide","installation_demand","kt",0.0100289731342258
"1817","USA","Limited Trade - Adv. Nuc","Limited","Reactor - Adv.","Fuel - Adv.","Nuclear - SMR - HTGR",2090,"Copper","installation_demand","kt",0.78787489733741
"1818","USA","Limited Trade - Adv. Nuc","Limited","Reactor - Adv.","Fuel - Adv.","Nuclear - SMR - HTGR",2090,"Graphite","installation_demand","kt",4.8060368737582
"1819","USA","Limited Trade - Adv. Nuc","Limited","Reactor - Adv.","Fuel - Adv.","Nuclear - SMR - HTGR",2090,"Silicon carbide","installation_demand","kt",0.0078787489733741
"1820","USA","Limited Trade - Adv. Nuc","Limited","Reactor - Adv.","Fuel - Adv.","Nuclear - SMR - HTGR",2095,"Copper","installation_demand","kt",0.848722840582886
"1821","USA","Limited Trade - Adv. Nuc","Limited","Reactor - Adv.","Fuel - Adv.","Nuclear - SMR - HTGR",2095,"Graphite","installation_demand","kt",5.1772093275556
"1822","USA","Limited Trade - Adv. Nuc","Limited","Reactor - Adv.","Fuel - Adv.","Nuclear - SMR - HTGR",2095,"Silicon carbide","installation_demand","kt",0.00848722840582886
"1823","USA","Limited Trade - Adv. Nuc","Limited","Reactor - Adv.","Fuel - Adv.","Nuclear - SMR - HTGR",2100,"Copper","installation_demand","kt",0.811133272328654
"1824","USA","Limited Trade - Adv. Nuc","Limited","Reactor - Adv.","Fuel - Adv.","Nuclear - SMR - HTGR",2100,"Graphite","installation_demand","kt",4.94791296120479
"1825","USA","Limited Trade - Adv. Nuc","Limited","Reactor - Adv.","Fuel - Adv.","Nuclear - SMR - HTGR",2100,"Silicon carbide","installation_demand","kt",0.00811133272328654
"1826","USA","Limited Trade - Adv. Nuc","Limited","Reactor - Adv.","Fuel - Adv.","Nuclear - SMR - MSR",2035,"Copper","installation_demand","kt",0.0396950202135928
"1827","USA","Limited Trade - Adv. Nuc","Limited","Reactor - Adv.","Fuel - Adv.","Nuclear - SMR - MSR",2035,"Fluorine","installation_demand","kt",0.00178230640759032
"1828","USA","Limited Trade - Adv. Nuc","Limited","Reactor - Adv.","Fuel - Adv.","Nuclear - SMR - MSR",2040,"Copper","installation_demand","kt",0.062257892787137
"1829","USA","Limited Trade - Adv. Nuc","Limited","Reactor - Adv.","Fuel - Adv.","Nuclear - SMR - MSR",2040,"Fluorine","installation_demand","kt",0.00279537938614245
"1830","USA","Limited Trade - Adv. Nuc","Limited","Reactor - Adv.","Fuel - Adv.","Nuclear - SMR - MSR",2045,"Copper","installation_demand","kt",0.0917353105609786
"1831","USA","Limited Trade - Adv. Nuc","Limited","Reactor - Adv.","Fuel - Adv.","Nuclear - SMR - MSR",2045,"Fluorine","installation_demand","kt",0.00411891544418794
"1832","USA","Limited Trade - Adv. Nuc","Limited","Reactor - Adv.","Fuel - Adv.","Nuclear - SMR - MSR",2050,"Copper","installation_demand","kt",0.19423503047917
"1833","USA","Limited Trade - Adv. Nuc","Limited","Reactor - Adv.","Fuel - Adv.","Nuclear - SMR - MSR",2050,"Fluorine","installation_demand","kt",0.00872115286851474
"1834","USA","Limited Trade - Adv. Nuc","Limited","Reactor - Adv.","Fuel - Adv.","Nuclear - SMR - MSR",2055,"Copper","installation_demand","kt",0.21577952287144
"1835","USA","Limited Trade - Adv. Nuc","Limited","Reactor - Adv.","Fuel - Adv.","Nuclear - SMR - MSR",2055,"Fluorine","installation_demand","kt",0.00968850057692766
"1836","USA","Limited Trade - Adv. Nuc","Limited","Reactor - Adv.","Fuel - Adv.","Nuclear - SMR - MSR",2060,"Copper","installation_demand","kt",0.202222473001068
"1837","USA","Limited Trade - Adv. Nuc","Limited","Reactor - Adv.","Fuel - Adv.","Nuclear - SMR - MSR",2060,"Fluorine","installation_demand","kt",0.00907978903774795
"1838","USA","Limited Trade - Adv. Nuc","Limited","Reactor - Adv.","Fuel - Adv.","Nuclear - SMR - MSR",2065,"Copper","installation_demand","kt",0.229543056410794
"1839","USA","Limited Trade - Adv. Nuc","Limited","Reactor - Adv.","Fuel - Adv.","Nuclear - SMR - MSR",2065,"Fluorine","installation_demand","kt",0.0103064832328447
"1840","USA","Limited Trade - Adv. Nuc","Limited","Reactor - Adv.","Fuel - Adv.","Nuclear - SMR - MSR",2070,"Copper","installation_demand","kt",0.259850497646086
"1841","USA","Limited Trade - Adv. Nuc","Limited","Reactor - Adv.","Fuel - Adv.","Nuclear - SMR - MSR",2070,"Fluorine","installation_demand","kt",0.0116672873443093
"1842","USA","Limited Trade - Adv. Nuc","Limited","Reactor - Adv.","Fuel - Adv.","Nuclear - SMR - MSR",2075,"Copper","installation_demand","kt",0.280701259427718
"1843","USA","Limited Trade - Adv. Nuc","Limited","Reactor - Adv.","Fuel - Adv.","Nuclear - SMR - MSR",2075,"Fluorine","installation_demand","kt",0.0126034865483045
"1844","USA","Limited Trade - Adv. Nuc","Limited","Reactor - Adv.","Fuel - Adv.","Nuclear - SMR - MSR",2080,"Copper","installation_demand","kt",0.385085228008398
"1845","USA","Limited Trade - Adv. Nuc","Limited","Reactor - Adv.","Fuel - Adv.","Nuclear - SMR - MSR",2080,"Fluorine","installation_demand","kt",0.0172903267375771
"1846","USA","Limited Trade - Adv. Nuc","Limited","Reactor - Adv.","Fuel - Adv.","Nuclear - SMR - MSR",2085,"Copper","installation_demand","kt",0.319718495294216
"1847","USA","Limited Trade - Adv. Nuc","Limited","Reactor - Adv.","Fuel - Adv.","Nuclear - SMR - MSR",2085,"Fluorine","installation_demand","kt",0.0143553604387103
"1848","USA","Limited Trade - Adv. Nuc","Limited","Reactor - Adv.","Fuel - Adv.","Nuclear - SMR - MSR",2090,"Copper","installation_demand","kt",0.290293550267938
"1849","USA","Limited Trade - Adv. Nuc","Limited","Reactor - Adv.","Fuel - Adv.","Nuclear - SMR - MSR",2090,"Fluorine","installation_demand","kt",0.0130341804070304
"1850","USA","Limited Trade - Adv. Nuc","Limited","Reactor - Adv.","Fuel - Adv.","Nuclear - SMR - MSR",2095,"Copper","installation_demand","kt",0.355446303206344
"1851","USA","Limited Trade - Adv. Nuc","Limited","Reactor - Adv.","Fuel - Adv.","Nuclear - SMR - MSR",2095,"Fluorine","installation_demand","kt",0.0159595390139648
"1852","USA","Limited Trade - Adv. Nuc","Limited","Reactor - Adv.","Fuel - Adv.","Nuclear - SMR - MSR",2100,"Copper","installation_demand","kt",0.379857715715466
"1853","USA","Limited Trade - Adv. Nuc","Limited","Reactor - Adv.","Fuel - Adv.","Nuclear - SMR - MSR",2100,"Fluorine","installation_demand","kt",0.0170556114356244
"1854","USA","Limited Trade - Adv. Nuc","Limited","Reactor - Adv.","Fuel - Adv.","Nuclear - SMR - PWR modular",2035,"Zirconium","installation_demand","kt",0.00214610130211464
"1855","USA","Limited Trade - Adv. Nuc","Limited","Reactor - Adv.","Fuel - Adv.","Nuclear - SMR - PWR modular",2040,"Zirconium","installation_demand","kt",0.00313309323984734
"1856","USA","Limited Trade - Adv. Nuc","Limited","Reactor - Adv.","Fuel - Adv.","Nuclear - SMR - PWR modular",2045,"Zirconium","installation_demand","kt",0.00365040638439327
"1857","USA","Limited Trade - Adv. Nuc","Limited","Reactor - Adv.","Fuel - Adv.","Nuclear - SMR - PWR modular",2050,"Zirconium","installation_demand","kt",0.00715962700462932
"1858","USA","Limited Trade - Adv. Nuc","Limited","Reactor - Adv.","Fuel - Adv.","Nuclear - SMR - PWR modular",2055,"Zirconium","installation_demand","kt",0.0075347730764922
"1859","USA","Limited Trade - Adv. Nuc","Limited","Reactor - Adv.","Fuel - Adv.","Nuclear - SMR - PWR modular",2060,"Zirconium","installation_demand","kt",0.00678572801235138
"1860","USA","Limited Trade - Adv. Nuc","Limited","Reactor - Adv.","Fuel - Adv.","Nuclear - SMR - PWR modular",2065,"Zirconium","installation_demand","kt",0.00739182913455948
"1861","USA","Limited Trade - Adv. Nuc","Limited","Reactor - Adv.","Fuel - Adv.","Nuclear - SMR - PWR modular",2070,"Zirconium","installation_demand","kt",0.00799807336426092
"1862","USA","Limited Trade - Adv. Nuc","Limited","Reactor - Adv.","Fuel - Adv.","Nuclear - SMR - PWR modular",2075,"Zirconium","installation_demand","kt",0.00822242502598422
"1863","USA","Limited Trade - Adv. Nuc","Limited","Reactor - Adv.","Fuel - Adv.","Nuclear - SMR - PWR modular",2080,"Zirconium","installation_demand","kt",0.0106975100113913
"1864","USA","Limited Trade - Adv. Nuc","Limited","Reactor - Adv.","Fuel - Adv.","Nuclear - SMR - PWR modular",2085,"Zirconium","installation_demand","kt",0.00838836838649166
"1865","USA","Limited Trade - Adv. Nuc","Limited","Reactor - Adv.","Fuel - Adv.","Nuclear - SMR - PWR modular",2090,"Zirconium","installation_demand","kt",0.00715490445734868
"1866","USA","Limited Trade - Adv. Nuc","Limited","Reactor - Adv.","Fuel - Adv.","Nuclear - SMR - PWR modular",2095,"Zirconium","installation_demand","kt",0.00819907806063996
"1867","USA","Limited Trade - Adv. Nuc","Limited","Reactor - Adv.","Fuel - Adv.","Nuclear - SMR - PWR modular",2100,"Zirconium","installation_demand","kt",0.0083479302976554
"1868","USA","Limited Trade - Adv. Nuc","Limited","Reactor - Adv.","Fuel - Adv.","Nuclear - SMR - SFR",2035,"Copper","installation_demand","kt",0.0725602693800938
"1869","USA","Limited Trade - Adv. Nuc","Limited","Reactor - Adv.","Fuel - Adv.","Nuclear - SMR - SFR",2040,"Copper","installation_demand","kt",0.114261111479102
"1870","USA","Limited Trade - Adv. Nuc","Limited","Reactor - Adv.","Fuel - Adv.","Nuclear - SMR - SFR",2045,"Copper","installation_demand","kt",0.178860515443207
"1871","USA","Limited Trade - Adv. Nuc","Limited","Reactor - Adv.","Fuel - Adv.","Nuclear - SMR - SFR",2050,"Copper","installation_demand","kt",0.398424890781724
"1872","USA","Limited Trade - Adv. Nuc","Limited","Reactor - Adv.","Fuel - Adv.","Nuclear - SMR - SFR",2055,"Copper","installation_demand","kt",0.46781226259489
"1873","USA","Limited Trade - Adv. Nuc","Limited","Reactor - Adv.","Fuel - Adv.","Nuclear - SMR - SFR",2060,"Copper","installation_demand","kt",0.446671878505282
"1874","USA","Limited Trade - Adv. Nuc","Limited","Reactor - Adv.","Fuel - Adv.","Nuclear - SMR - SFR",2065,"Copper","installation_demand","kt",0.501097702620448
"1875","USA","Limited Trade - Adv. Nuc","Limited","Reactor - Adv.","Fuel - Adv.","Nuclear - SMR - SFR",2070,"Copper","installation_demand","kt",0.55261435583501
"1876","USA","Limited Trade - Adv. Nuc","Limited","Reactor - Adv.","Fuel - Adv.","Nuclear - SMR - SFR",2075,"Copper","installation_demand","kt",0.575083595220046
"1877","USA","Limited Trade - Adv. Nuc","Limited","Reactor - Adv.","Fuel - Adv.","Nuclear - SMR - SFR",2080,"Copper","installation_demand","kt",0.75313384966517
"1878","USA","Limited Trade - Adv. Nuc","Limited","Reactor - Adv.","Fuel - Adv.","Nuclear - SMR - SFR",2085,"Copper","installation_demand","kt",0.592807117539772
"1879","USA","Limited Trade - Adv. Nuc","Limited","Reactor - Adv.","Fuel - Adv.","Nuclear - SMR - SFR",2090,"Copper","installation_demand","kt",0.506149397135832
"1880","USA","Limited Trade - Adv. Nuc","Limited","Reactor - Adv.","Fuel - Adv.","Nuclear - SMR - SFR",2095,"Copper","installation_demand","kt",0.570588657000232
"1881","USA","Limited Trade - Adv. Nuc","Limited","Reactor - Adv.","Fuel - Adv.","Nuclear - SMR - SFR",2100,"Copper","installation_demand","kt",0.54020421030423
"1882","USA","Limited Trade - Adv. Reactor","Limited","Reactor - Adv.","Fuel - Mod.","Nuclear - Large - PWR",2030,"Copper","installation_demand","kt",0.31246362684544
"1883","USA","Limited Trade - Adv. Reactor","Limited","Reactor - Adv.","Fuel - Mod.","Nuclear - Large - PWR",2030,"Hafnium","installation_demand","kt",0.00015623181342272
"1884","USA","Limited Trade - Adv. Reactor","Limited","Reactor - Adv.","Fuel - Mod.","Nuclear - Large - PWR",2030,"Zirconium","installation_demand","kt",0.007811590671136
"1885","USA","Limited Trade - Adv. Reactor","Limited","Reactor - Adv.","Fuel - Mod.","Nuclear - Large - PWR",2035,"Copper","installation_demand","kt",0.611548065990818
"1886","USA","Limited Trade - Adv. Reactor","Limited","Reactor - Adv.","Fuel - Mod.","Nuclear - Large - PWR",2035,"Hafnium","installation_demand","kt",0.000305774032995409
"1887","USA","Limited Trade - Adv. Reactor","Limited","Reactor - Adv.","Fuel - Mod.","Nuclear - Large - PWR",2035,"Zirconium","installation_demand","kt",0.0152887016497704
"1888","USA","Limited Trade - Adv. Reactor","Limited","Reactor - Adv.","Fuel - Mod.","Nuclear - Large - PWR",2040,"Copper","installation_demand","kt",1.36081596894268
"1889","USA","Limited Trade - Adv. Reactor","Limited","Reactor - Adv.","Fuel - Mod.","Nuclear - Large - PWR",2040,"Hafnium","installation_demand","kt",0.000680407984471338
"1890","USA","Limited Trade - Adv. Reactor","Limited","Reactor - Adv.","Fuel - Mod.","Nuclear - Large - PWR",2040,"Zirconium","installation_demand","kt",0.0340203992235669
"1891","USA","Limited Trade - Adv. Reactor","Limited","Reactor - Adv.","Fuel - Mod.","Nuclear - Large - PWR",2045,"Copper","installation_demand","kt",1.66434014770329
"1892","USA","Limited Trade - Adv. Reactor","Limited","Reactor - Adv.","Fuel - Mod.","Nuclear - Large - PWR",2045,"Hafnium","installation_demand","kt",0.000832170073851644
"1893","USA","Limited Trade - Adv. Reactor","Limited","Reactor - Adv.","Fuel - Mod.","Nuclear - Large - PWR",2045,"Zirconium","installation_demand","kt",0.0416085036925822
"1894","USA","Limited Trade - Adv. Reactor","Limited","Reactor - Adv.","Fuel - Mod.","Nuclear - Large - PWR",2050,"Copper","installation_demand","kt",2.92819738257758
"1895","USA","Limited Trade - Adv. Reactor","Limited","Reactor - Adv.","Fuel - Mod.","Nuclear - Large - PWR",2050,"Hafnium","installation_demand","kt",0.00146409869128879
"1896","USA","Limited Trade - Adv. Reactor","Limited","Reactor - Adv.","Fuel - Mod.","Nuclear - Large - PWR",2050,"Zirconium","installation_demand","kt",0.0732049345644395
"1897","USA","Limited Trade - Adv. Reactor","Limited","Reactor - Adv.","Fuel - Mod.","Nuclear - Large - PWR",2055,"Copper","installation_demand","kt",2.658541977244
"1898","USA","Limited Trade - Adv. Reactor","Limited","Reactor - Adv.","Fuel - Mod.","Nuclear - Large - PWR",2055,"Hafnium","installation_demand","kt",0.001329270988622
"1899","USA","Limited Trade - Adv. Reactor","Limited","Reactor - Adv.","Fuel - Mod.","Nuclear - Large - PWR",2055,"Zirconium","installation_demand","kt",0.0664635494311
"1900","USA","Limited Trade - Adv. Reactor","Limited","Reactor - Adv.","Fuel - Mod.","Nuclear - Large - PWR",2060,"Copper","installation_demand","kt",2.3988563939474
"1901","USA","Limited Trade - Adv. Reactor","Limited","Reactor - Adv.","Fuel - Mod.","Nuclear - Large - PWR",2060,"Hafnium","installation_demand","kt",0.0011994281969737
"1902","USA","Limited Trade - Adv. Reactor","Limited","Reactor - Adv.","Fuel - Mod.","Nuclear - Large - PWR",2060,"Zirconium","installation_demand","kt",0.059971409848685
"1903","USA","Limited Trade - Adv. Reactor","Limited","Reactor - Adv.","Fuel - Mod.","Nuclear - Large - PWR",2065,"Copper","installation_demand","kt",2.61352444862046
"1904","USA","Limited Trade - Adv. Reactor","Limited","Reactor - Adv.","Fuel - Mod.","Nuclear - Large - PWR",2065,"Hafnium","installation_demand","kt",0.00130676222431023
"1905","USA","Limited Trade - Adv. Reactor","Limited","Reactor - Adv.","Fuel - Mod.","Nuclear - Large - PWR",2065,"Zirconium","installation_demand","kt",0.0653381112155115
"1906","USA","Limited Trade - Adv. Reactor","Limited","Reactor - Adv.","Fuel - Mod.","Nuclear - Large - PWR",2070,"Copper","installation_demand","kt",2.70182858666222
"1907","USA","Limited Trade - Adv. Reactor","Limited","Reactor - Adv.","Fuel - Mod.","Nuclear - Large - PWR",2070,"Hafnium","installation_demand","kt",0.00135091429333111
"1908","USA","Limited Trade - Adv. Reactor","Limited","Reactor - Adv.","Fuel - Mod.","Nuclear - Large - PWR",2070,"Zirconium","installation_demand","kt",0.0675457146665555
"1909","USA","Limited Trade - Adv. Reactor","Limited","Reactor - Adv.","Fuel - Mod.","Nuclear - Large - PWR",2075,"Copper","installation_demand","kt",2.64455833075058
"1910","USA","Limited Trade - Adv. Reactor","Limited","Reactor - Adv.","Fuel - Mod.","Nuclear - Large - PWR",2075,"Hafnium","installation_demand","kt",0.00132227916537529
"1911","USA","Limited Trade - Adv. Reactor","Limited","Reactor - Adv.","Fuel - Mod.","Nuclear - Large - PWR",2075,"Zirconium","installation_demand","kt",0.0661139582687645
"1912","USA","Limited Trade - Adv. Reactor","Limited","Reactor - Adv.","Fuel - Mod.","Nuclear - Large - PWR",2080,"Copper","installation_demand","kt",3.18301731110016
"1913","USA","Limited Trade - Adv. Reactor","Limited","Reactor - Adv.","Fuel - Mod.","Nuclear - Large - PWR",2080,"Hafnium","installation_demand","kt",0.00159150865555008
"1914","USA","Limited Trade - Adv. Reactor","Limited","Reactor - Adv.","Fuel - Mod.","Nuclear - Large - PWR",2080,"Zirconium","installation_demand","kt",0.079575432777504
"1915","USA","Limited Trade - Adv. Reactor","Limited","Reactor - Adv.","Fuel - Mod.","Nuclear - Large - PWR",2085,"Copper","installation_demand","kt",2.38601079275826
"1916","USA","Limited Trade - Adv. Reactor","Limited","Reactor - Adv.","Fuel - Mod.","Nuclear - Large - PWR",2085,"Hafnium","installation_demand","kt",0.00119300539637913
"1917","USA","Limited Trade - Adv. Reactor","Limited","Reactor - Adv.","Fuel - Mod.","Nuclear - Large - PWR",2085,"Zirconium","installation_demand","kt",0.0596502698189565
"1918","USA","Limited Trade - Adv. Reactor","Limited","Reactor - Adv.","Fuel - Mod.","Nuclear - Large - PWR",2090,"Copper","installation_demand","kt",1.98615482704301
"1919","USA","Limited Trade - Adv. Reactor","Limited","Reactor - Adv.","Fuel - Mod.","Nuclear - Large - PWR",2090,"Hafnium","installation_demand","kt",0.000993077413521505
"1920","USA","Limited Trade - Adv. Reactor","Limited","Reactor - Adv.","Fuel - Mod.","Nuclear - Large - PWR",2090,"Zirconium","installation_demand","kt",0.0496538706760753
"1921","USA","Limited Trade - Adv. Reactor","Limited","Reactor - Adv.","Fuel - Mod.","Nuclear - Large - PWR",2095,"Copper","installation_demand","kt",2.2154130313956
"1922","USA","Limited Trade - Adv. Reactor","Limited","Reactor - Adv.","Fuel - Mod.","Nuclear - Large - PWR",2095,"Hafnium","installation_demand","kt",0.0011077065156978
"1923","USA","Limited Trade - Adv. Reactor","Limited","Reactor - Adv.","Fuel - Mod.","Nuclear - Large - PWR",2095,"Zirconium","installation_demand","kt",0.05538532578489
"1924","USA","Limited Trade - Adv. Reactor","Limited","Reactor - Adv.","Fuel - Mod.","Nuclear - Large - PWR",2100,"Copper","installation_demand","kt",2.1146789853597
"1925","USA","Limited Trade - Adv. Reactor","Limited","Reactor - Adv.","Fuel - Mod.","Nuclear - Large - PWR",2100,"Hafnium","installation_demand","kt",0.00105733949267985
"1926","USA","Limited Trade - Adv. Reactor","Limited","Reactor - Adv.","Fuel - Mod.","Nuclear - Large - PWR",2100,"Zirconium","installation_demand","kt",0.0528669746339925
"1927","USA","Limited Trade - Adv. Reactor","Limited","Reactor - Adv.","Fuel - Mod.","Nuclear - SMR - BWR",2035,"Copper","installation_demand","kt",0.127134407375515
"1928","USA","Limited Trade - Adv. Reactor","Limited","Reactor - Adv.","Fuel - Mod.","Nuclear - SMR - BWR",2035,"Zirconium","installation_demand","kt",0.00311349569082893
"1929","USA","Limited Trade - Adv. Reactor","Limited","Reactor - Adv.","Fuel - Mod.","Nuclear - SMR - BWR",2040,"Copper","installation_demand","kt",0.287192410886964
"1930","USA","Limited Trade - Adv. Reactor","Limited","Reactor - Adv.","Fuel - Mod.","Nuclear - SMR - BWR",2040,"Zirconium","installation_demand","kt",0.00703328353192564
"1931","USA","Limited Trade - Adv. Reactor","Limited","Reactor - Adv.","Fuel - Mod.","Nuclear - SMR - BWR",2045,"Copper","installation_demand","kt",0.579454690940967
"1932","USA","Limited Trade - Adv. Reactor","Limited","Reactor - Adv.","Fuel - Mod.","Nuclear - SMR - BWR",2045,"Zirconium","installation_demand","kt",0.0141907271250849
"1933","USA","Limited Trade - Adv. Reactor","Limited","Reactor - Adv.","Fuel - Mod.","Nuclear - SMR - BWR",2050,"Copper","installation_demand","kt",1.5312387302849
"1934","USA","Limited Trade - Adv. Reactor","Limited","Reactor - Adv.","Fuel - Mod.","Nuclear - SMR - BWR",2050,"Zirconium","installation_demand","kt",0.0374997240069771
"1935","USA","Limited Trade - Adv. Reactor","Limited","Reactor - Adv.","Fuel - Mod.","Nuclear - SMR - BWR",2055,"Copper","installation_demand","kt",1.99942777446586
"1936","USA","Limited Trade - Adv. Reactor","Limited","Reactor - Adv.","Fuel - Mod.","Nuclear - SMR - BWR",2055,"Zirconium","installation_demand","kt",0.0489655781501843
"1937","USA","Limited Trade - Adv. Reactor","Limited","Reactor - Adv.","Fuel - Mod.","Nuclear - SMR - BWR",2060,"Copper","installation_demand","kt",2.19385790816097
"1938","USA","Limited Trade - Adv. Reactor","Limited","Reactor - Adv.","Fuel - Mod.","Nuclear - SMR - BWR",2060,"Zirconium","installation_demand","kt",0.0537271324447585
"1939","USA","Limited Trade - Adv. Reactor","Limited","Reactor - Adv.","Fuel - Mod.","Nuclear - SMR - BWR",2065,"Copper","installation_demand","kt",2.62519247957856
"1940","USA","Limited Trade - Adv. Reactor","Limited","Reactor - Adv.","Fuel - Mod.","Nuclear - SMR - BWR",2065,"Zirconium","installation_demand","kt",0.0642904280713117
"1941","USA","Limited Trade - Adv. Reactor","Limited","Reactor - Adv.","Fuel - Mod.","Nuclear - SMR - BWR",2070,"Copper","installation_demand","kt",2.45802003014253
"1942","USA","Limited Trade - Adv. Reactor","Limited","Reactor - Adv.","Fuel - Mod.","Nuclear - SMR - BWR",2070,"Zirconium","installation_demand","kt",0.0601964089014496
"1943","USA","Limited Trade - Adv. Reactor","Limited","Reactor - Adv.","Fuel - Mod.","Nuclear - SMR - BWR",2075,"Copper","installation_demand","kt",2.22821801731519
"1944","USA","Limited Trade - Adv. Reactor","Limited","Reactor - Adv.","Fuel - Mod.","Nuclear - SMR - BWR",2075,"Zirconium","installation_demand","kt",0.0545686045056781
"1945","USA","Limited Trade - Adv. Reactor","Limited","Reactor - Adv.","Fuel - Mod.","Nuclear - SMR - BWR",2080,"Copper","installation_demand","kt",2.5898105829218
"1946","USA","Limited Trade - Adv. Reactor","Limited","Reactor - Adv.","Fuel - Mod.","Nuclear - SMR - BWR",2080,"Zirconium","installation_demand","kt",0.0634239326429828
"1947","USA","Limited Trade - Adv. Reactor","Limited","Reactor - Adv.","Fuel - Mod.","Nuclear - SMR - BWR",2085,"Copper","installation_demand","kt",1.87324703542606
"1948","USA","Limited Trade - Adv. Reactor","Limited","Reactor - Adv.","Fuel - Mod.","Nuclear - SMR - BWR",2085,"Zirconium","installation_demand","kt",0.0458754376022708
"1949","USA","Limited Trade - Adv. Reactor","Limited","Reactor - Adv.","Fuel - Mod.","Nuclear - SMR - BWR",2090,"Copper","installation_demand","kt",1.52085055734235
"1950","USA","Limited Trade - Adv. Reactor","Limited","Reactor - Adv.","Fuel - Mod.","Nuclear - SMR - BWR",2090,"Zirconium","installation_demand","kt",0.0372453197716495
"1951","USA","Limited Trade - Adv. Reactor","Limited","Reactor - Adv.","Fuel - Mod.","Nuclear - SMR - BWR",2095,"Copper","installation_demand","kt",1.66179712754639
"1952","USA","Limited Trade - Adv. Reactor","Limited","Reactor - Adv.","Fuel - Mod.","Nuclear - SMR - BWR",2095,"Zirconium","installation_demand","kt",0.0406970725113402
"1953","USA","Limited Trade - Adv. Reactor","Limited","Reactor - Adv.","Fuel - Mod.","Nuclear - SMR - BWR",2100,"Copper","installation_demand","kt",1.55554124480622
"1954","USA","Limited Trade - Adv. Reactor","Limited","Reactor - Adv.","Fuel - Mod.","Nuclear - SMR - BWR",2100,"Zirconium","installation_demand","kt",0.0380948876279074
"1955","USA","Limited Trade - Adv. Reactor","Limited","Reactor - Adv.","Fuel - Mod.","Nuclear - SMR - HTGR",2035,"Copper","installation_demand","kt",0.0732928434532138
"1956","USA","Limited Trade - Adv. Reactor","Limited","Reactor - Adv.","Fuel - Mod.","Nuclear - SMR - HTGR",2035,"Graphite","installation_demand","kt",0.447086345064604
"1957","USA","Limited Trade - Adv. Reactor","Limited","Reactor - Adv.","Fuel - Mod.","Nuclear - SMR - HTGR",2035,"Silicon carbide","installation_demand","kt",0.000732928434532138
"1958","USA","Limited Trade - Adv. Reactor","Limited","Reactor - Adv.","Fuel - Mod.","Nuclear - SMR - HTGR",2040,"Copper","installation_demand","kt",0.126921354391124
"1959","USA","Limited Trade - Adv. Reactor","Limited","Reactor - Adv.","Fuel - Mod.","Nuclear - SMR - HTGR",2040,"Graphite","installation_demand","kt",0.774220261785856
"1960","USA","Limited Trade - Adv. Reactor","Limited","Reactor - Adv.","Fuel - Mod.","Nuclear - SMR - HTGR",2040,"Silicon carbide","installation_demand","kt",0.00126921354391124
"1961","USA","Limited Trade - Adv. Reactor","Limited","Reactor - Adv.","Fuel - Mod.","Nuclear - SMR - HTGR",2045,"Copper","installation_demand","kt",0.210222863343792
"1962","USA","Limited Trade - Adv. Reactor","Limited","Reactor - Adv.","Fuel - Mod.","Nuclear - SMR - HTGR",2045,"Graphite","installation_demand","kt",1.28235946639713
"1963","USA","Limited Trade - Adv. Reactor","Limited","Reactor - Adv.","Fuel - Mod.","Nuclear - SMR - HTGR",2045,"Silicon carbide","installation_demand","kt",0.00210222863343792
"1964","USA","Limited Trade - Adv. Reactor","Limited","Reactor - Adv.","Fuel - Mod.","Nuclear - SMR - HTGR",2050,"Copper","installation_demand","kt",0.479393066128474
"1965","USA","Limited Trade - Adv. Reactor","Limited","Reactor - Adv.","Fuel - Mod.","Nuclear - SMR - HTGR",2050,"Graphite","installation_demand","kt",2.92429770338369
"1966","USA","Limited Trade - Adv. Reactor","Limited","Reactor - Adv.","Fuel - Mod.","Nuclear - SMR - HTGR",2050,"Silicon carbide","installation_demand","kt",0.00479393066128474
"1967","USA","Limited Trade - Adv. Reactor","Limited","Reactor - Adv.","Fuel - Mod.","Nuclear - SMR - HTGR",2055,"Copper","installation_demand","kt",0.555768853867078
"1968","USA","Limited Trade - Adv. Reactor","Limited","Reactor - Adv.","Fuel - Mod.","Nuclear - SMR - HTGR",2055,"Graphite","installation_demand","kt",3.39019000858918
"1969","USA","Limited Trade - Adv. Reactor","Limited","Reactor - Adv.","Fuel - Mod.","Nuclear - SMR - HTGR",2055,"Silicon carbide","installation_demand","kt",0.00555768853867078
"1970","USA","Limited Trade - Adv. Reactor","Limited","Reactor - Adv.","Fuel - Mod.","Nuclear - SMR - HTGR",2060,"Copper","installation_demand","kt",0.574877793015318
"1971","USA","Limited Trade - Adv. Reactor","Limited","Reactor - Adv.","Fuel - Mod.","Nuclear - SMR - HTGR",2060,"Graphite","installation_demand","kt",3.50675453739344
"1972","USA","Limited Trade - Adv. Reactor","Limited","Reactor - Adv.","Fuel - Mod.","Nuclear - SMR - HTGR",2060,"Silicon carbide","installation_demand","kt",0.00574877793015318
"1973","USA","Limited Trade - Adv. Reactor","Limited","Reactor - Adv.","Fuel - Mod.","Nuclear - SMR - HTGR",2065,"Copper","installation_demand","kt",0.68430596000459
"1974","USA","Limited Trade - Adv. Reactor","Limited","Reactor - Adv.","Fuel - Mod.","Nuclear - SMR - HTGR",2065,"Graphite","installation_demand","kt",4.174266356028
"1975","USA","Limited Trade - Adv. Reactor","Limited","Reactor - Adv.","Fuel - Mod.","Nuclear - SMR - HTGR",2065,"Silicon carbide","installation_demand","kt",0.0068430596000459
"1976","USA","Limited Trade - Adv. Reactor","Limited","Reactor - Adv.","Fuel - Mod.","Nuclear - SMR - HTGR",2070,"Copper","installation_demand","kt",0.780467380895722
"1977","USA","Limited Trade - Adv. Reactor","Limited","Reactor - Adv.","Fuel - Mod.","Nuclear - SMR - HTGR",2070,"Graphite","installation_demand","kt",4.7608510234639
"1978","USA","Limited Trade - Adv. Reactor","Limited","Reactor - Adv.","Fuel - Mod.","Nuclear - SMR - HTGR",2070,"Silicon carbide","installation_demand","kt",0.00780467380895722
"1979","USA","Limited Trade - Adv. Reactor","Limited","Reactor - Adv.","Fuel - Mod.","Nuclear - SMR - HTGR",2075,"Copper","installation_demand","kt",0.834187208043676
"1980","USA","Limited Trade - Adv. Reactor","Limited","Reactor - Adv.","Fuel - Mod.","Nuclear - SMR - HTGR",2075,"Graphite","installation_demand","kt",5.08854196906642
"1981","USA","Limited Trade - Adv. Reactor","Limited","Reactor - Adv.","Fuel - Mod.","Nuclear - SMR - HTGR",2075,"Silicon carbide","installation_demand","kt",0.00834187208043676
"1982","USA","Limited Trade - Adv. Reactor","Limited","Reactor - Adv.","Fuel - Mod.","Nuclear - SMR - HTGR",2080,"Copper","installation_demand","kt",1.10781554997845
"1983","USA","Limited Trade - Adv. Reactor","Limited","Reactor - Adv.","Fuel - Mod.","Nuclear - SMR - HTGR",2080,"Graphite","installation_demand","kt",6.75767485486856
"1984","USA","Limited Trade - Adv. Reactor","Limited","Reactor - Adv.","Fuel - Mod.","Nuclear - SMR - HTGR",2080,"Silicon carbide","installation_demand","kt",0.0110781554997845
"1985","USA","Limited Trade - Adv. Reactor","Limited","Reactor - Adv.","Fuel - Mod.","Nuclear - SMR - HTGR",2085,"Copper","installation_demand","kt",0.844197917935894
"1986","USA","Limited Trade - Adv. Reactor","Limited","Reactor - Adv.","Fuel - Mod.","Nuclear - SMR - HTGR",2085,"Graphite","installation_demand","kt",5.14960729940895
"1987","USA","Limited Trade - Adv. Reactor","Limited","Reactor - Adv.","Fuel - Mod.","Nuclear - SMR - HTGR",2085,"Silicon carbide","installation_demand","kt",0.00844197917935894
"1988","USA","Limited Trade - Adv. Reactor","Limited","Reactor - Adv.","Fuel - Mod.","Nuclear - SMR - HTGR",2090,"Copper","installation_demand","kt",0.687099963446258
"1989","USA","Limited Trade - Adv. Reactor","Limited","Reactor - Adv.","Fuel - Mod.","Nuclear - SMR - HTGR",2090,"Graphite","installation_demand","kt",4.19130977702217
"1990","USA","Limited Trade - Adv. Reactor","Limited","Reactor - Adv.","Fuel - Mod.","Nuclear - SMR - HTGR",2090,"Silicon carbide","installation_demand","kt",0.00687099963446258
"1991","USA","Limited Trade - Adv. Reactor","Limited","Reactor - Adv.","Fuel - Mod.","Nuclear - SMR - HTGR",2095,"Copper","installation_demand","kt",0.75241149755586
"1992","USA","Limited Trade - Adv. Reactor","Limited","Reactor - Adv.","Fuel - Mod.","Nuclear - SMR - HTGR",2095,"Graphite","installation_demand","kt",4.58971013509075
"1993","USA","Limited Trade - Adv. Reactor","Limited","Reactor - Adv.","Fuel - Mod.","Nuclear - SMR - HTGR",2095,"Silicon carbide","installation_demand","kt",0.0075241149755586
"1994","USA","Limited Trade - Adv. Reactor","Limited","Reactor - Adv.","Fuel - Mod.","Nuclear - SMR - HTGR",2100,"Copper","installation_demand","kt",0.705370020097744
"1995","USA","Limited Trade - Adv. Reactor","Limited","Reactor - Adv.","Fuel - Mod.","Nuclear - SMR - HTGR",2100,"Graphite","installation_demand","kt",4.30275712259624
"1996","USA","Limited Trade - Adv. Reactor","Limited","Reactor - Adv.","Fuel - Mod.","Nuclear - SMR - HTGR",2100,"Silicon carbide","installation_demand","kt",0.00705370020097744
"1997","USA","Limited Trade - Adv. Reactor","Limited","Reactor - Adv.","Fuel - Mod.","Nuclear - SMR - MSR",2035,"Copper","installation_demand","kt",0.0371468890747924
"1998","USA","Limited Trade - Adv. Reactor","Limited","Reactor - Adv.","Fuel - Mod.","Nuclear - SMR - MSR",2035,"Fluorine","installation_demand","kt",0.00166789531945818
"1999","USA","Limited Trade - Adv. Reactor","Limited","Reactor - Adv.","Fuel - Mod.","Nuclear - SMR - MSR",2040,"Copper","installation_demand","kt",0.051838304342481
"2000","USA","Limited Trade - Adv. Reactor","Limited","Reactor - Adv.","Fuel - Mod.","Nuclear - SMR - MSR",2040,"Fluorine","installation_demand","kt",0.0023275398649774
"2001","USA","Limited Trade - Adv. Reactor","Limited","Reactor - Adv.","Fuel - Mod.","Nuclear - SMR - MSR",2045,"Copper","installation_demand","kt",0.06346619705602
"2002","USA","Limited Trade - Adv. Reactor","Limited","Reactor - Adv.","Fuel - Mod.","Nuclear - SMR - MSR",2045,"Fluorine","installation_demand","kt",0.0028496322478153
"2003","USA","Limited Trade - Adv. Reactor","Limited","Reactor - Adv.","Fuel - Mod.","Nuclear - SMR - MSR",2050,"Copper","installation_demand","kt",0.110232294809069
"2004","USA","Limited Trade - Adv. Reactor","Limited","Reactor - Adv.","Fuel - Mod.","Nuclear - SMR - MSR",2050,"Fluorine","installation_demand","kt",0.00494943003692719
"2005","USA","Limited Trade - Adv. Reactor","Limited","Reactor - Adv.","Fuel - Mod.","Nuclear - SMR - MSR",2055,"Copper","installation_demand","kt",0.097189068986262
"2006","USA","Limited Trade - Adv. Reactor","Limited","Reactor - Adv.","Fuel - Mod.","Nuclear - SMR - MSR",2055,"Fluorine","installation_demand","kt",0.00436378919748316
"2007","USA","Limited Trade - Adv. Reactor","Limited","Reactor - Adv.","Fuel - Mod.","Nuclear - SMR - MSR",2060,"Copper","installation_demand","kt",0.0852607186831058
"2008","USA","Limited Trade - Adv. Reactor","Limited","Reactor - Adv.","Fuel - Mod.","Nuclear - SMR - MSR",2060,"Fluorine","installation_demand","kt",0.00382820626887145
"2009","USA","Limited Trade - Adv. Reactor","Limited","Reactor - Adv.","Fuel - Mod.","Nuclear - SMR - MSR",2065,"Copper","installation_demand","kt",0.0912923587958362
"2010","USA","Limited Trade - Adv. Reactor","Limited","Reactor - Adv.","Fuel - Mod.","Nuclear - SMR - MSR",2065,"Fluorine","installation_demand","kt",0.00409902690993305
"2011","USA","Limited Trade - Adv. Reactor","Limited","Reactor - Adv.","Fuel - Mod.","Nuclear - SMR - MSR",2070,"Copper","installation_demand","kt",0.095598531417274
"2012","USA","Limited Trade - Adv. Reactor","Limited","Reactor - Adv.","Fuel - Mod.","Nuclear - SMR - MSR",2070,"Fluorine","installation_demand","kt",0.0042923740606356
"2013","USA","Limited Trade - Adv. Reactor","Limited","Reactor - Adv.","Fuel - Mod.","Nuclear - SMR - MSR",2075,"Copper","installation_demand","kt",0.0953198125373612
"2014","USA","Limited Trade - Adv. Reactor","Limited","Reactor - Adv.","Fuel - Mod.","Nuclear - SMR - MSR",2075,"Fluorine","installation_demand","kt",0.00427985958292752
"2015","USA","Limited Trade - Adv. Reactor","Limited","Reactor - Adv.","Fuel - Mod.","Nuclear - SMR - MSR",2080,"Copper","installation_demand","kt",0.119712144047369
"2016","USA","Limited Trade - Adv. Reactor","Limited","Reactor - Adv.","Fuel - Mod.","Nuclear - SMR - MSR",2080,"Fluorine","installation_demand","kt",0.00537507526772686
"2017","USA","Limited Trade - Adv. Reactor","Limited","Reactor - Adv.","Fuel - Mod.","Nuclear - SMR - MSR",2085,"Copper","installation_demand","kt",0.094700361530416
"2018","USA","Limited Trade - Adv. Reactor","Limited","Reactor - Adv.","Fuel - Mod.","Nuclear - SMR - MSR",2085,"Fluorine","installation_demand","kt",0.00425204623271568
"2019","USA","Limited Trade - Adv. Reactor","Limited","Reactor - Adv.","Fuel - Mod.","Nuclear - SMR - MSR",2090,"Copper","installation_demand","kt",0.082103494794022
"2020","USA","Limited Trade - Adv. Reactor","Limited","Reactor - Adv.","Fuel - Mod.","Nuclear - SMR - MSR",2090,"Fluorine","installation_demand","kt",0.00368644691625159
"2021","USA","Limited Trade - Adv. Reactor","Limited","Reactor - Adv.","Fuel - Mod.","Nuclear - SMR - MSR",2095,"Copper","installation_demand","kt",0.0945477135375054
"2022","USA","Limited Trade - Adv. Reactor","Limited","Reactor - Adv.","Fuel - Mod.","Nuclear - SMR - MSR",2095,"Fluorine","installation_demand","kt",0.00424519233783399
"2023","USA","Limited Trade - Adv. Reactor","Limited","Reactor - Adv.","Fuel - Mod.","Nuclear - SMR - MSR",2100,"Copper","installation_demand","kt",0.0933115373806314
"2024","USA","Limited Trade - Adv. Reactor","Limited","Reactor - Adv.","Fuel - Mod.","Nuclear - SMR - MSR",2100,"Fluorine","installation_demand","kt",0.00418968802839035
"2025","USA","Limited Trade - Adv. Reactor","Limited","Reactor - Adv.","Fuel - Mod.","Nuclear - SMR - PWR modular",2035,"Zirconium","installation_demand","kt",0.00214458845147062
"2026","USA","Limited Trade - Adv. Reactor","Limited","Reactor - Adv.","Fuel - Mod.","Nuclear - SMR - PWR modular",2040,"Zirconium","installation_demand","kt",0.00294468200288341
"2027","USA","Limited Trade - Adv. Reactor","Limited","Reactor - Adv.","Fuel - Mod.","Nuclear - SMR - PWR modular",2045,"Zirconium","installation_demand","kt",0.00314775153595228
"2028","USA","Limited Trade - Adv. Reactor","Limited","Reactor - Adv.","Fuel - Mod.","Nuclear - SMR - PWR modular",2050,"Zirconium","installation_demand","kt",0.00548208007968225
"2029","USA","Limited Trade - Adv. Reactor","Limited","Reactor - Adv.","Fuel - Mod.","Nuclear - SMR - PWR modular",2055,"Zirconium","installation_demand","kt",0.00497008235631803
"2030","USA","Limited Trade - Adv. Reactor","Limited","Reactor - Adv.","Fuel - Mod.","Nuclear - SMR - PWR modular",2060,"Zirconium","installation_demand","kt",0.00448423241638229
"2031","USA","Limited Trade - Adv. Reactor","Limited","Reactor - Adv.","Fuel - Mod.","Nuclear - SMR - PWR modular",2065,"Zirconium","installation_demand","kt",0.0049177254576782
"2032","USA","Limited Trade - Adv. Reactor","Limited","Reactor - Adv.","Fuel - Mod.","Nuclear - SMR - PWR modular",2070,"Zirconium","installation_demand","kt",0.00527073075592649
"2033","USA","Limited Trade - Adv. Reactor","Limited","Reactor - Adv.","Fuel - Mod.","Nuclear - SMR - PWR modular",2075,"Zirconium","installation_demand","kt",0.0053689842720776
"2034","USA","Limited Trade - Adv. Reactor","Limited","Reactor - Adv.","Fuel - Mod.","Nuclear - SMR - PWR modular",2080,"Zirconium","installation_demand","kt",0.00686791260139164
"2035","USA","Limited Trade - Adv. Reactor","Limited","Reactor - Adv.","Fuel - Mod.","Nuclear - SMR - PWR modular",2085,"Zirconium","installation_demand","kt",0.00557191069765312
"2036","USA","Limited Trade - Adv. Reactor","Limited","Reactor - Adv.","Fuel - Mod.","Nuclear - SMR - PWR modular",2090,"Zirconium","installation_demand","kt",0.00493236330985553
"2037","USA","Limited Trade - Adv. Reactor","Limited","Reactor - Adv.","Fuel - Mod.","Nuclear - SMR - PWR modular",2095,"Zirconium","installation_demand","kt",0.00578027520797608
"2038","USA","Limited Trade - Adv. Reactor","Limited","Reactor - Adv.","Fuel - Mod.","Nuclear - SMR - PWR modular",2100,"Zirconium","installation_demand","kt",0.00580773140277236
"2039","USA","Limited Trade - Adv. Reactor","Limited","Reactor - Adv.","Fuel - Mod.","Nuclear - SMR - SFR",2035,"Copper","installation_demand","kt",0.072708147123226
"2040","USA","Limited Trade - Adv. Reactor","Limited","Reactor - Adv.","Fuel - Mod.","Nuclear - SMR - SFR",2040,"Copper","installation_demand","kt",0.109000207437719
"2041","USA","Limited Trade - Adv. Reactor","Limited","Reactor - Adv.","Fuel - Mod.","Nuclear - SMR - SFR",2045,"Copper","installation_demand","kt",0.157581794110023
"2042","USA","Limited Trade - Adv. Reactor","Limited","Reactor - Adv.","Fuel - Mod.","Nuclear - SMR - SFR",2050,"Copper","installation_demand","kt",0.31090988834617
"2043","USA","Limited Trade - Adv. Reactor","Limited","Reactor - Adv.","Fuel - Mod.","Nuclear - SMR - SFR",2055,"Copper","installation_demand","kt",0.310980760628594
"2044","USA","Limited Trade - Adv. Reactor","Limited","Reactor - Adv.","Fuel - Mod.","Nuclear - SMR - SFR",2060,"Copper","installation_demand","kt",0.294387787506362
"2045","USA","Limited Trade - Adv. Reactor","Limited","Reactor - Adv.","Fuel - Mod.","Nuclear - SMR - SFR",2065,"Copper","installation_demand","kt",0.331549396209042
"2046","USA","Limited Trade - Adv. Reactor","Limited","Reactor - Adv.","Fuel - Mod.","Nuclear - SMR - SFR",2070,"Copper","installation_demand","kt",0.362069454291602
"2047","USA","Limited Trade - Adv. Reactor","Limited","Reactor - Adv.","Fuel - Mod.","Nuclear - SMR - SFR",2075,"Copper","installation_demand","kt",0.373644806111154
"2048","USA","Limited Trade - Adv. Reactor","Limited","Reactor - Adv.","Fuel - Mod.","Nuclear - SMR - SFR",2080,"Copper","installation_demand","kt",0.481806812516372
"2049","USA","Limited Trade - Adv. Reactor","Limited","Reactor - Adv.","Fuel - Mod.","Nuclear - SMR - SFR",2085,"Copper","installation_demand","kt",0.39384272513739
"2050","USA","Limited Trade - Adv. Reactor","Limited","Reactor - Adv.","Fuel - Mod.","Nuclear - SMR - SFR",2090,"Copper","installation_demand","kt",0.350207887485346
"2051","USA","Limited Trade - Adv. Reactor","Limited","Reactor - Adv.","Fuel - Mod.","Nuclear - SMR - SFR",2095,"Copper","installation_demand","kt",0.411575106492418
"2052","USA","Limited Trade - Adv. Reactor","Limited","Reactor - Adv.","Fuel - Mod.","Nuclear - SMR - SFR",2100,"Copper","installation_demand","kt",0.414340488435416
"2053","USA","Unrestricted Trade","Unrestricted","Reactor - Mod.","Fuel - Mod.","Nuclear - Large - PWR",2030,"Copper","installation_demand","kt",0.311569545744106
"2054","USA","Unrestricted Trade","Unrestricted","Reactor - Mod.","Fuel - Mod.","Nuclear - Large - PWR",2030,"Hafnium","installation_demand","kt",0.000155784772872053
"2055","USA","Unrestricted Trade","Unrestricted","Reactor - Mod.","Fuel - Mod.","Nuclear - Large - PWR",2030,"Zirconium","installation_demand","kt",0.00778923864360265
"2056","USA","Unrestricted Trade","Unrestricted","Reactor - Mod.","Fuel - Mod.","Nuclear - Large - PWR",2035,"Copper","installation_demand","kt",0.577538910927442
"2057","USA","Unrestricted Trade","Unrestricted","Reactor - Mod.","Fuel - Mod.","Nuclear - Large - PWR",2035,"Hafnium","installation_demand","kt",0.000288769455463721
"2058","USA","Unrestricted Trade","Unrestricted","Reactor - Mod.","Fuel - Mod.","Nuclear - Large - PWR",2035,"Zirconium","installation_demand","kt",0.0144384727731861
"2059","USA","Unrestricted Trade","Unrestricted","Reactor - Mod.","Fuel - Mod.","Nuclear - Large - PWR",2040,"Copper","installation_demand","kt",1.23832958391701
"2060","USA","Unrestricted Trade","Unrestricted","Reactor - Mod.","Fuel - Mod.","Nuclear - Large - PWR",2040,"Hafnium","installation_demand","kt",0.000619164791958504
"2061","USA","Unrestricted Trade","Unrestricted","Reactor - Mod.","Fuel - Mod.","Nuclear - Large - PWR",2040,"Zirconium","installation_demand","kt",0.0309582395979252
"2062","USA","Unrestricted Trade","Unrestricted","Reactor - Mod.","Fuel - Mod.","Nuclear - Large - PWR",2045,"Copper","installation_demand","kt",1.50772603283404
"2063","USA","Unrestricted Trade","Unrestricted","Reactor - Mod.","Fuel - Mod.","Nuclear - Large - PWR",2045,"Hafnium","installation_demand","kt",0.000753863016417019
"2064","USA","Unrestricted Trade","Unrestricted","Reactor - Mod.","Fuel - Mod.","Nuclear - Large - PWR",2045,"Zirconium","installation_demand","kt",0.037693150820851
"2065","USA","Unrestricted Trade","Unrestricted","Reactor - Mod.","Fuel - Mod.","Nuclear - Large - PWR",2050,"Copper","installation_demand","kt",2.79299487457106
"2066","USA","Unrestricted Trade","Unrestricted","Reactor - Mod.","Fuel - Mod.","Nuclear - Large - PWR",2050,"Hafnium","installation_demand","kt",0.00139649743728553
"2067","USA","Unrestricted Trade","Unrestricted","Reactor - Mod.","Fuel - Mod.","Nuclear - Large - PWR",2050,"Zirconium","installation_demand","kt",0.0698248718642765
"2068","USA","Unrestricted Trade","Unrestricted","Reactor - Mod.","Fuel - Mod.","Nuclear - Large - PWR",2055,"Copper","installation_demand","kt",2.1395728745607
"2069","USA","Unrestricted Trade","Unrestricted","Reactor - Mod.","Fuel - Mod.","Nuclear - Large - PWR",2055,"Hafnium","installation_demand","kt",0.00106978643728035
"2070","USA","Unrestricted Trade","Unrestricted","Reactor - Mod.","Fuel - Mod.","Nuclear - Large - PWR",2055,"Zirconium","installation_demand","kt",0.0534893218640175
"2071","USA","Unrestricted Trade","Unrestricted","Reactor - Mod.","Fuel - Mod.","Nuclear - Large - PWR",2060,"Copper","installation_demand","kt",1.81996613940414
"2072","USA","Unrestricted Trade","Unrestricted","Reactor - Mod.","Fuel - Mod.","Nuclear - Large - PWR",2060,"Hafnium","installation_demand","kt",0.000909983069702072
"2073","USA","Unrestricted Trade","Unrestricted","Reactor - Mod.","Fuel - Mod.","Nuclear - Large - PWR",2060,"Zirconium","installation_demand","kt",0.0454991534851036
"2074","USA","Unrestricted Trade","Unrestricted","Reactor - Mod.","Fuel - Mod.","Nuclear - Large - PWR",2065,"Copper","installation_demand","kt",1.94366553080205
"2075","USA","Unrestricted Trade","Unrestricted","Reactor - Mod.","Fuel - Mod.","Nuclear - Large - PWR",2065,"Hafnium","installation_demand","kt",0.000971832765401024
"2076","USA","Unrestricted Trade","Unrestricted","Reactor - Mod.","Fuel - Mod.","Nuclear - Large - PWR",2065,"Zirconium","installation_demand","kt",0.0485916382700512
"2077","USA","Unrestricted Trade","Unrestricted","Reactor - Mod.","Fuel - Mod.","Nuclear - Large - PWR",2070,"Copper","installation_demand","kt",2.00103119170926
"2078","USA","Unrestricted Trade","Unrestricted","Reactor - Mod.","Fuel - Mod.","Nuclear - Large - PWR",2070,"Hafnium","installation_demand","kt",0.00100051559585463
"2079","USA","Unrestricted Trade","Unrestricted","Reactor - Mod.","Fuel - Mod.","Nuclear - Large - PWR",2070,"Zirconium","installation_demand","kt",0.0500257797927315
"2080","USA","Unrestricted Trade","Unrestricted","Reactor - Mod.","Fuel - Mod.","Nuclear - Large - PWR",2075,"Copper","installation_demand","kt",1.93759368429833
"2081","USA","Unrestricted Trade","Unrestricted","Reactor - Mod.","Fuel - Mod.","Nuclear - Large - PWR",2075,"Hafnium","installation_demand","kt",0.000968796842149164
"2082","USA","Unrestricted Trade","Unrestricted","Reactor - Mod.","Fuel - Mod.","Nuclear - Large - PWR",2075,"Zirconium","installation_demand","kt",0.0484398421074582
"2083","USA","Unrestricted Trade","Unrestricted","Reactor - Mod.","Fuel - Mod.","Nuclear - Large - PWR",2080,"Copper","installation_demand","kt",2.41879603802134
"2084","USA","Unrestricted Trade","Unrestricted","Reactor - Mod.","Fuel - Mod.","Nuclear - Large - PWR",2080,"Hafnium","installation_demand","kt",0.00120939801901067
"2085","USA","Unrestricted Trade","Unrestricted","Reactor - Mod.","Fuel - Mod.","Nuclear - Large - PWR",2080,"Zirconium","installation_demand","kt",0.0604699009505335
"2086","USA","Unrestricted Trade","Unrestricted","Reactor - Mod.","Fuel - Mod.","Nuclear - Large - PWR",2085,"Copper","installation_demand","kt",1.84505083859628
"2087","USA","Unrestricted Trade","Unrestricted","Reactor - Mod.","Fuel - Mod.","Nuclear - Large - PWR",2085,"Hafnium","installation_demand","kt",0.000922525419298141
"2088","USA","Unrestricted Trade","Unrestricted","Reactor - Mod.","Fuel - Mod.","Nuclear - Large - PWR",2085,"Zirconium","installation_demand","kt",0.0461262709649071
"2089","USA","Unrestricted Trade","Unrestricted","Reactor - Mod.","Fuel - Mod.","Nuclear - Large - PWR",2090,"Copper","installation_demand","kt",1.59749531902204
"2090","USA","Unrestricted Trade","Unrestricted","Reactor - Mod.","Fuel - Mod.","Nuclear - Large - PWR",2090,"Hafnium","installation_demand","kt",0.000798747659511019
"2091","USA","Unrestricted Trade","Unrestricted","Reactor - Mod.","Fuel - Mod.","Nuclear - Large - PWR",2090,"Zirconium","installation_demand","kt",0.0399373829755509
"2092","USA","Unrestricted Trade","Unrestricted","Reactor - Mod.","Fuel - Mod.","Nuclear - Large - PWR",2095,"Copper","installation_demand","kt",1.80771341211605
"2093","USA","Unrestricted Trade","Unrestricted","Reactor - Mod.","Fuel - Mod.","Nuclear - Large - PWR",2095,"Hafnium","installation_demand","kt",0.000903856706058026
"2094","USA","Unrestricted Trade","Unrestricted","Reactor - Mod.","Fuel - Mod.","Nuclear - Large - PWR",2095,"Zirconium","installation_demand","kt",0.0451928353029013
"2095","USA","Unrestricted Trade","Unrestricted","Reactor - Mod.","Fuel - Mod.","Nuclear - Large - PWR",2100,"Copper","installation_demand","kt",1.73670483684247
"2096","USA","Unrestricted Trade","Unrestricted","Reactor - Mod.","Fuel - Mod.","Nuclear - Large - PWR",2100,"Hafnium","installation_demand","kt",0.000868352418421233
"2097","USA","Unrestricted Trade","Unrestricted","Reactor - Mod.","Fuel - Mod.","Nuclear - Large - PWR",2100,"Zirconium","installation_demand","kt",0.0434176209210616
"2098","USA","Unrestricted Trade","Unrestricted","Reactor - Mod.","Fuel - Mod.","Nuclear - SMR - BWR",2035,"Copper","installation_demand","kt",0.126736711651485
"2099","USA","Unrestricted Trade","Unrestricted","Reactor - Mod.","Fuel - Mod.","Nuclear - SMR - BWR",2035,"Zirconium","installation_demand","kt",0.00310375620370984
"2100","USA","Unrestricted Trade","Unrestricted","Reactor - Mod.","Fuel - Mod.","Nuclear - SMR - BWR",2040,"Copper","installation_demand","kt",0.262527261977484
"2101","USA","Unrestricted Trade","Unrestricted","Reactor - Mod.","Fuel - Mod.","Nuclear - SMR - BWR",2040,"Zirconium","installation_demand","kt",0.00642923906883634
"2102","USA","Unrestricted Trade","Unrestricted","Reactor - Mod.","Fuel - Mod.","Nuclear - SMR - BWR",2045,"Copper","installation_demand","kt",0.411899572067707
"2103","USA","Unrestricted Trade","Unrestricted","Reactor - Mod.","Fuel - Mod.","Nuclear - SMR - BWR",2045,"Zirconium","installation_demand","kt",0.010087336458801
"2104","USA","Unrestricted Trade","Unrestricted","Reactor - Mod.","Fuel - Mod.","Nuclear - SMR - BWR",2050,"Copper","installation_demand","kt",0.922751249737296
"2105","USA","Unrestricted Trade","Unrestricted","Reactor - Mod.","Fuel - Mod.","Nuclear - SMR - BWR",2050,"Zirconium","installation_demand","kt",0.0225979897894848
"2106","USA","Unrestricted Trade","Unrestricted","Reactor - Mod.","Fuel - Mod.","Nuclear - SMR - BWR",2055,"Copper","installation_demand","kt",0.93312239288813
"2107","USA","Unrestricted Trade","Unrestricted","Reactor - Mod.","Fuel - Mod.","Nuclear - SMR - BWR",2055,"Zirconium","installation_demand","kt",0.0228519769686889
"2108","USA","Unrestricted Trade","Unrestricted","Reactor - Mod.","Fuel - Mod.","Nuclear - SMR - BWR",2060,"Copper","installation_demand","kt",0.913774546001699
"2109","USA","Unrestricted Trade","Unrestricted","Reactor - Mod.","Fuel - Mod.","Nuclear - SMR - BWR",2060,"Zirconium","installation_demand","kt",0.0223781521469804
"2110","USA","Unrestricted Trade","Unrestricted","Reactor - Mod.","Fuel - Mod.","Nuclear - SMR - BWR",2065,"Copper","installation_demand","kt",1.05655833020541
"2111","USA","Unrestricted Trade","Unrestricted","Reactor - Mod.","Fuel - Mod.","Nuclear - SMR - BWR",2065,"Zirconium","installation_demand","kt",0.0258748978825815
"2112","USA","Unrestricted Trade","Unrestricted","Reactor - Mod.","Fuel - Mod.","Nuclear - SMR - BWR",2070,"Copper","installation_demand","kt",1.15737469712321
"2113","USA","Unrestricted Trade","Unrestricted","Reactor - Mod.","Fuel - Mod.","Nuclear - SMR - BWR",2070,"Zirconium","installation_demand","kt",0.0283438701336297
"2114","USA","Unrestricted Trade","Unrestricted","Reactor - Mod.","Fuel - Mod.","Nuclear - SMR - BWR",2075,"Copper","installation_demand","kt",1.1807455818628
"2115","USA","Unrestricted Trade","Unrestricted","Reactor - Mod.","Fuel - Mod.","Nuclear - SMR - BWR",2075,"Zirconium","installation_demand","kt",0.0289162183313339
"2116","USA","Unrestricted Trade","Unrestricted","Reactor - Mod.","Fuel - Mod.","Nuclear - SMR - BWR",2080,"Copper","installation_demand","kt",1.53591691424263
"2117","USA","Unrestricted Trade","Unrestricted","Reactor - Mod.","Fuel - Mod.","Nuclear - SMR - BWR",2080,"Zirconium","installation_demand","kt",0.0376142917773705
"2118","USA","Unrestricted Trade","Unrestricted","Reactor - Mod.","Fuel - Mod.","Nuclear - SMR - BWR",2085,"Copper","installation_demand","kt",1.2128818005703
"2119","USA","Unrestricted Trade","Unrestricted","Reactor - Mod.","Fuel - Mod.","Nuclear - SMR - BWR",2085,"Zirconium","installation_demand","kt",0.0297032277690687
"2120","USA","Unrestricted Trade","Unrestricted","Reactor - Mod.","Fuel - Mod.","Nuclear - SMR - BWR",2090,"Copper","installation_demand","kt",1.06847918440177
"2121","USA","Unrestricted Trade","Unrestricted","Reactor - Mod.","Fuel - Mod.","Nuclear - SMR - BWR",2090,"Zirconium","installation_demand","kt",0.026166837169023
"2122","USA","Unrestricted Trade","Unrestricted","Reactor - Mod.","Fuel - Mod.","Nuclear - SMR - BWR",2095,"Copper","installation_demand","kt",1.2229093426296
"2123","USA","Unrestricted Trade","Unrestricted","Reactor - Mod.","Fuel - Mod.","Nuclear - SMR - BWR",2095,"Zirconium","installation_demand","kt",0.0299488002276636
"2124","USA","Unrestricted Trade","Unrestricted","Reactor - Mod.","Fuel - Mod.","Nuclear - SMR - BWR",2100,"Copper","installation_demand","kt",1.18986152918943
"2125","USA","Unrestricted Trade","Unrestricted","Reactor - Mod.","Fuel - Mod.","Nuclear - SMR - BWR",2100,"Zirconium","installation_demand","kt",0.0291394660209656
"2126","USA","Unrestricted Trade","Unrestricted","Reactor - Mod.","Fuel - Mod.","Nuclear - SMR - HTGR",2035,"Copper","installation_demand","kt",0.0730679602493722
"2127","USA","Unrestricted Trade","Unrestricted","Reactor - Mod.","Fuel - Mod.","Nuclear - SMR - HTGR",2035,"Graphite","installation_demand","kt",0.44571455752117
"2128","USA","Unrestricted Trade","Unrestricted","Reactor - Mod.","Fuel - Mod.","Nuclear - SMR - HTGR",2035,"Silicon carbide","installation_demand","kt",0.000730679602493722
"2129","USA","Unrestricted Trade","Unrestricted","Reactor - Mod.","Fuel - Mod.","Nuclear - SMR - HTGR",2040,"Copper","installation_demand","kt",0.129089092183305
"2130","USA","Unrestricted Trade","Unrestricted","Reactor - Mod.","Fuel - Mod.","Nuclear - SMR - HTGR",2040,"Graphite","installation_demand","kt",0.787443462318162
"2131","USA","Unrestricted Trade","Unrestricted","Reactor - Mod.","Fuel - Mod.","Nuclear - SMR - HTGR",2040,"Silicon carbide","installation_demand","kt",0.00129089092183305
"2132","USA","Unrestricted Trade","Unrestricted","Reactor - Mod.","Fuel - Mod.","Nuclear - SMR - HTGR",2045,"Copper","installation_demand","kt",0.186145368319163
"2133","USA","Unrestricted Trade","Unrestricted","Reactor - Mod.","Fuel - Mod.","Nuclear - SMR - HTGR",2045,"Graphite","installation_demand","kt",1.13548674674689
"2134","USA","Unrestricted Trade","Unrestricted","Reactor - Mod.","Fuel - Mod.","Nuclear - SMR - HTGR",2045,"Silicon carbide","installation_demand","kt",0.00186145368319163
"2135","USA","Unrestricted Trade","Unrestricted","Reactor - Mod.","Fuel - Mod.","Nuclear - SMR - HTGR",2050,"Copper","installation_demand","kt",0.394069652733994
"2136","USA","Unrestricted Trade","Unrestricted","Reactor - Mod.","Fuel - Mod.","Nuclear - SMR - HTGR",2050,"Graphite","installation_demand","kt",2.40382488167736
"2137","USA","Unrestricted Trade","Unrestricted","Reactor - Mod.","Fuel - Mod.","Nuclear - SMR - HTGR",2050,"Silicon carbide","installation_demand","kt",0.00394069652733994
"2138","USA","Unrestricted Trade","Unrestricted","Reactor - Mod.","Fuel - Mod.","Nuclear - SMR - HTGR",2055,"Copper","installation_demand","kt",0.374164081872752
"2139","USA","Unrestricted Trade","Unrestricted","Reactor - Mod.","Fuel - Mod.","Nuclear - SMR - HTGR",2055,"Graphite","installation_demand","kt",2.28240089942379
"2140","USA","Unrestricted Trade","Unrestricted","Reactor - Mod.","Fuel - Mod.","Nuclear - SMR - HTGR",2055,"Silicon carbide","installation_demand","kt",0.00374164081872752
"2141","USA","Unrestricted Trade","Unrestricted","Reactor - Mod.","Fuel - Mod.","Nuclear - SMR - HTGR",2060,"Copper","installation_demand","kt",0.354642175386546
"2142","USA","Unrestricted Trade","Unrestricted","Reactor - Mod.","Fuel - Mod.","Nuclear - SMR - HTGR",2060,"Graphite","installation_demand","kt",2.16331726985793
"2143","USA","Unrestricted Trade","Unrestricted","Reactor - Mod.","Fuel - Mod.","Nuclear - SMR - HTGR",2060,"Silicon carbide","installation_demand","kt",0.00354642175386546
"2144","USA","Unrestricted Trade","Unrestricted","Reactor - Mod.","Fuel - Mod.","Nuclear - SMR - HTGR",2065,"Copper","installation_demand","kt",0.4021341007166
"2145","USA","Unrestricted Trade","Unrestricted","Reactor - Mod.","Fuel - Mod.","Nuclear - SMR - HTGR",2065,"Graphite","installation_demand","kt",2.45301801437126
"2146","USA","Unrestricted Trade","Unrestricted","Reactor - Mod.","Fuel - Mod.","Nuclear - SMR - HTGR",2065,"Silicon carbide","installation_demand","kt",0.004021341007166
"2147","USA","Unrestricted Trade","Unrestricted","Reactor - Mod.","Fuel - Mod.","Nuclear - SMR - HTGR",2070,"Copper","installation_demand","kt",0.43386580224289
"2148","USA","Unrestricted Trade","Unrestricted","Reactor - Mod.","Fuel - Mod.","Nuclear - SMR - HTGR",2070,"Graphite","installation_demand","kt",2.64658139368163
"2149","USA","Unrestricted Trade","Unrestricted","Reactor - Mod.","Fuel - Mod.","Nuclear - SMR - HTGR",2070,"Silicon carbide","installation_demand","kt",0.0043386580224289
"2150","USA","Unrestricted Trade","Unrestricted","Reactor - Mod.","Fuel - Mod.","Nuclear - SMR - HTGR",2075,"Copper","installation_demand","kt",0.437395787078948
"2151","USA","Unrestricted Trade","Unrestricted","Reactor - Mod.","Fuel - Mod.","Nuclear - SMR - HTGR",2075,"Graphite","installation_demand","kt",2.66811430118158
"2152","USA","Unrestricted Trade","Unrestricted","Reactor - Mod.","Fuel - Mod.","Nuclear - SMR - HTGR",2075,"Silicon carbide","installation_demand","kt",0.00437395787078948
"2153","USA","Unrestricted Trade","Unrestricted","Reactor - Mod.","Fuel - Mod.","Nuclear - SMR - HTGR",2080,"Copper","installation_demand","kt",0.56374539296091
"2154","USA","Unrestricted Trade","Unrestricted","Reactor - Mod.","Fuel - Mod.","Nuclear - SMR - HTGR",2080,"Graphite","installation_demand","kt",3.43884689706155
"2155","USA","Unrestricted Trade","Unrestricted","Reactor - Mod.","Fuel - Mod.","Nuclear - SMR - HTGR",2080,"Silicon carbide","installation_demand","kt",0.0056374539296091
"2156","USA","Unrestricted Trade","Unrestricted","Reactor - Mod.","Fuel - Mod.","Nuclear - SMR - HTGR",2085,"Copper","installation_demand","kt",0.441522734601566
"2157","USA","Unrestricted Trade","Unrestricted","Reactor - Mod.","Fuel - Mod.","Nuclear - SMR - HTGR",2085,"Graphite","installation_demand","kt",2.69328868106955
"2158","USA","Unrestricted Trade","Unrestricted","Reactor - Mod.","Fuel - Mod.","Nuclear - SMR - HTGR",2085,"Silicon carbide","installation_demand","kt",0.00441522734601566
"2159","USA","Unrestricted Trade","Unrestricted","Reactor - Mod.","Fuel - Mod.","Nuclear - SMR - HTGR",2090,"Copper","installation_demand","kt",0.387203218910034
"2160","USA","Unrestricted Trade","Unrestricted","Reactor - Mod.","Fuel - Mod.","Nuclear - SMR - HTGR",2090,"Graphite","installation_demand","kt",2.36193963535121
"2161","USA","Unrestricted Trade","Unrestricted","Reactor - Mod.","Fuel - Mod.","Nuclear - SMR - HTGR",2090,"Silicon carbide","installation_demand","kt",0.00387203218910034
"2162","USA","Unrestricted Trade","Unrestricted","Reactor - Mod.","Fuel - Mod.","Nuclear - SMR - HTGR",2095,"Copper","installation_demand","kt",0.441836208158436
"2163","USA","Unrestricted Trade","Unrestricted","Reactor - Mod.","Fuel - Mod.","Nuclear - SMR - HTGR",2095,"Graphite","installation_demand","kt",2.69520086976646
"2164","USA","Unrestricted Trade","Unrestricted","Reactor - Mod.","Fuel - Mod.","Nuclear - SMR - HTGR",2095,"Silicon carbide","installation_demand","kt",0.00441836208158436
"2165","USA","Unrestricted Trade","Unrestricted","Reactor - Mod.","Fuel - Mod.","Nuclear - SMR - HTGR",2100,"Copper","installation_demand","kt",0.428540840561624
"2166","USA","Unrestricted Trade","Unrestricted","Reactor - Mod.","Fuel - Mod.","Nuclear - SMR - HTGR",2100,"Graphite","installation_demand","kt",2.61409912742591
"2167","USA","Unrestricted Trade","Unrestricted","Reactor - Mod.","Fuel - Mod.","Nuclear - SMR - HTGR",2100,"Silicon carbide","installation_demand","kt",0.00428540840561624
"2168","USA","Unrestricted Trade","Unrestricted","Reactor - Mod.","Fuel - Mod.","Nuclear - SMR - MSR",2035,"Copper","installation_demand","kt",0.0370248388268892
"2169","USA","Unrestricted Trade","Unrestricted","Reactor - Mod.","Fuel - Mod.","Nuclear - SMR - MSR",2035,"Fluorine","installation_demand","kt",0.00166241526332733
"2170","USA","Unrestricted Trade","Unrestricted","Reactor - Mod.","Fuel - Mod.","Nuclear - SMR - MSR",2040,"Copper","installation_demand","kt",0.0589472031480378
"2171","USA","Unrestricted Trade","Unrestricted","Reactor - Mod.","Fuel - Mod.","Nuclear - SMR - MSR",2040,"Fluorine","installation_demand","kt",0.0026467294213469
"2172","USA","Unrestricted Trade","Unrestricted","Reactor - Mod.","Fuel - Mod.","Nuclear - SMR - MSR",2045,"Copper","installation_demand","kt",0.0738427851062444
"2173","USA","Unrestricted Trade","Unrestricted","Reactor - Mod.","Fuel - Mod.","Nuclear - SMR - MSR",2045,"Fluorine","installation_demand","kt",0.00331554105127037
"2174","USA","Unrestricted Trade","Unrestricted","Reactor - Mod.","Fuel - Mod.","Nuclear - SMR - MSR",2050,"Copper","installation_demand","kt",0.138106908657349
"2175","USA","Unrestricted Trade","Unrestricted","Reactor - Mod.","Fuel - Mod.","Nuclear - SMR - MSR",2050,"Fluorine","installation_demand","kt",0.00620100019871498
"2176","USA","Unrestricted Trade","Unrestricted","Reactor - Mod.","Fuel - Mod.","Nuclear - SMR - MSR",2055,"Copper","installation_demand","kt",0.106493781911267
"2177","USA","Unrestricted Trade","Unrestricted","Reactor - Mod.","Fuel - Mod.","Nuclear - SMR - MSR",2055,"Fluorine","installation_demand","kt",0.00478157080781591
"2178","USA","Unrestricted Trade","Unrestricted","Reactor - Mod.","Fuel - Mod.","Nuclear - SMR - MSR",2060,"Copper","installation_demand","kt",0.0901222846716064
"2179","USA","Unrestricted Trade","Unrestricted","Reactor - Mod.","Fuel - Mod.","Nuclear - SMR - MSR",2060,"Fluorine","installation_demand","kt",0.00404649058175513
"2180","USA","Unrestricted Trade","Unrestricted","Reactor - Mod.","Fuel - Mod.","Nuclear - SMR - MSR",2065,"Copper","installation_demand","kt",0.0956271529159446
"2181","USA","Unrestricted Trade","Unrestricted","Reactor - Mod.","Fuel - Mod.","Nuclear - SMR - MSR",2065,"Fluorine","installation_demand","kt",0.00429365916592591
"2182","USA","Unrestricted Trade","Unrestricted","Reactor - Mod.","Fuel - Mod.","Nuclear - SMR - MSR",2070,"Copper","installation_demand","kt",0.097818060492764
"2183","USA","Unrestricted Trade","Unrestricted","Reactor - Mod.","Fuel - Mod.","Nuclear - SMR - MSR",2070,"Fluorine","installation_demand","kt",0.0043920309161251
"2184","USA","Unrestricted Trade","Unrestricted","Reactor - Mod.","Fuel - Mod.","Nuclear - SMR - MSR",2075,"Copper","installation_demand","kt",0.094219247767046
"2185","USA","Unrestricted Trade","Unrestricted","Reactor - Mod.","Fuel - Mod.","Nuclear - SMR - MSR",2075,"Fluorine","installation_demand","kt",0.00423044422474037
"2186","USA","Unrestricted Trade","Unrestricted","Reactor - Mod.","Fuel - Mod.","Nuclear - SMR - MSR",2080,"Copper","installation_demand","kt",0.117100773025791
"2187","USA","Unrestricted Trade","Unrestricted","Reactor - Mod.","Fuel - Mod.","Nuclear - SMR - MSR",2080,"Fluorine","installation_demand","kt",0.00525782470885803
"2188","USA","Unrestricted Trade","Unrestricted","Reactor - Mod.","Fuel - Mod.","Nuclear - SMR - MSR",2085,"Copper","installation_demand","kt",0.088871797765397
"2189","USA","Unrestricted Trade","Unrestricted","Reactor - Mod.","Fuel - Mod.","Nuclear - SMR - MSR",2085,"Fluorine","installation_demand","kt",0.00399034371966633
"2190","USA","Unrestricted Trade","Unrestricted","Reactor - Mod.","Fuel - Mod.","Nuclear - SMR - MSR",2090,"Copper","installation_demand","kt",0.0766906242239826
"2191","USA","Unrestricted Trade","Unrestricted","Reactor - Mod.","Fuel - Mod.","Nuclear - SMR - MSR",2090,"Fluorine","installation_demand","kt",0.00344340902765682
"2192","USA","Unrestricted Trade","Unrestricted","Reactor - Mod.","Fuel - Mod.","Nuclear - SMR - MSR",2095,"Copper","installation_demand","kt",0.0865759446934514
"2193","USA","Unrestricted Trade","Unrestricted","Reactor - Mod.","Fuel - Mod.","Nuclear - SMR - MSR",2095,"Fluorine","installation_demand","kt",0.00388725991673597
"2194","USA","Unrestricted Trade","Unrestricted","Reactor - Mod.","Fuel - Mod.","Nuclear - SMR - MSR",2100,"Copper","installation_demand","kt",0.082973043182209
"2195","USA","Unrestricted Trade","Unrestricted","Reactor - Mod.","Fuel - Mod.","Nuclear - SMR - MSR",2100,"Fluorine","installation_demand","kt",0.00372548963888118
"2196","USA","Unrestricted Trade","Unrestricted","Reactor - Mod.","Fuel - Mod.","Nuclear - SMR - PWR modular",2035,"Zirconium","installation_demand","kt",0.00213743307680293
"2197","USA","Unrestricted Trade","Unrestricted","Reactor - Mod.","Fuel - Mod.","Nuclear - SMR - PWR modular",2040,"Zirconium","installation_demand","kt",0.00339594081728281
"2198","USA","Unrestricted Trade","Unrestricted","Reactor - Mod.","Fuel - Mod.","Nuclear - SMR - PWR modular",2045,"Zirconium","installation_demand","kt",0.00393748001606075
"2199","USA","Unrestricted Trade","Unrestricted","Reactor - Mod.","Fuel - Mod.","Nuclear - SMR - PWR modular",2050,"Zirconium","installation_demand","kt",0.00747123334944312
"2200","USA","Unrestricted Trade","Unrestricted","Reactor - Mod.","Fuel - Mod.","Nuclear - SMR - PWR modular",2055,"Zirconium","installation_demand","kt",0.00580349950975462
"2201","USA","Unrestricted Trade","Unrestricted","Reactor - Mod.","Fuel - Mod.","Nuclear - SMR - PWR modular",2060,"Zirconium","installation_demand","kt",0.00493945735274035
"2202","USA","Unrestricted Trade","Unrestricted","Reactor - Mod.","Fuel - Mod.","Nuclear - SMR - PWR modular",2065,"Zirconium","installation_demand","kt",0.00527958297658679
"2203","USA","Unrestricted Trade","Unrestricted","Reactor - Mod.","Fuel - Mod.","Nuclear - SMR - PWR modular",2070,"Zirconium","installation_demand","kt",0.00544346150040438
"2204","USA","Unrestricted Trade","Unrestricted","Reactor - Mod.","Fuel - Mod.","Nuclear - SMR - PWR modular",2075,"Zirconium","installation_demand","kt",0.00527821323343612
"2205","USA","Unrestricted Trade","Unrestricted","Reactor - Mod.","Fuel - Mod.","Nuclear - SMR - PWR modular",2080,"Zirconium","installation_demand","kt",0.00660024025703742
"2206","USA","Unrestricted Trade","Unrestricted","Reactor - Mod.","Fuel - Mod.","Nuclear - SMR - PWR modular",2085,"Zirconium","installation_demand","kt",0.00505658061408652
"2207","USA","Unrestricted Trade","Unrestricted","Reactor - Mod.","Fuel - Mod.","Nuclear - SMR - PWR modular",2090,"Zirconium","installation_demand","kt",0.00440063719633612
"2208","USA","Unrestricted Trade","Unrestricted","Reactor - Mod.","Fuel - Mod.","Nuclear - SMR - PWR modular",2095,"Zirconium","installation_demand","kt",0.00500524591182779
"2209","USA","Unrestricted Trade","Unrestricted","Reactor - Mod.","Fuel - Mod.","Nuclear - SMR - PWR modular",2100,"Zirconium","installation_demand","kt",0.0048330671533957
"2210","USA","Unrestricted Trade","Unrestricted","Reactor - Mod.","Fuel - Mod.","Nuclear - SMR - SFR",2035,"Copper","installation_demand","kt",0.0724764492768438
"2211","USA","Unrestricted Trade","Unrestricted","Reactor - Mod.","Fuel - Mod.","Nuclear - SMR - SFR",2040,"Copper","installation_demand","kt",0.120422911264359
"2212","USA","Unrestricted Trade","Unrestricted","Reactor - Mod.","Fuel - Mod.","Nuclear - SMR - SFR",2045,"Copper","installation_demand","kt",0.166934890997067
"2213","USA","Unrestricted Trade","Unrestricted","Reactor - Mod.","Fuel - Mod.","Nuclear - SMR - SFR",2050,"Copper","installation_demand","kt",0.33548008202649
"2214","USA","Unrestricted Trade","Unrestricted","Reactor - Mod.","Fuel - Mod.","Nuclear - SMR - SFR",2055,"Copper","installation_demand","kt",0.277410468544836
"2215","USA","Unrestricted Trade","Unrestricted","Reactor - Mod.","Fuel - Mod.","Nuclear - SMR - SFR",2060,"Copper","installation_demand","kt",0.242880674791356
"2216","USA","Unrestricted Trade","Unrestricted","Reactor - Mod.","Fuel - Mod.","Nuclear - SMR - SFR",2065,"Copper","installation_demand","kt",0.263551530009914
"2217","USA","Unrestricted Trade","Unrestricted","Reactor - Mod.","Fuel - Mod.","Nuclear - SMR - SFR",2070,"Copper","installation_demand","kt",0.274872014198444
"2218","USA","Unrestricted Trade","Unrestricted","Reactor - Mod.","Fuel - Mod.","Nuclear - SMR - SFR",2075,"Copper","installation_demand","kt",0.269053672397236
"2219","USA","Unrestricted Trade","Unrestricted","Reactor - Mod.","Fuel - Mod.","Nuclear - SMR - SFR",2080,"Copper","installation_demand","kt",0.338808353443344
"2220","USA","Unrestricted Trade","Unrestricted","Reactor - Mod.","Fuel - Mod.","Nuclear - SMR - SFR",2085,"Copper","installation_demand","kt",0.261031475198382
"2221","USA","Unrestricted Trade","Unrestricted","Reactor - Mod.","Fuel - Mod.","Nuclear - SMR - SFR",2090,"Copper","installation_demand","kt",0.227724909780948
"2222","USA","Unrestricted Trade","Unrestricted","Reactor - Mod.","Fuel - Mod.","Nuclear - SMR - SFR",2095,"Copper","installation_demand","kt",0.259369383882716
"2223","USA","Unrestricted Trade","Unrestricted","Reactor - Mod.","Fuel - Mod.","Nuclear - SMR - SFR",2100,"Copper","installation_demand","kt",0.250821777743978
"2224","USA","100% Domestic","100% Domestic","Reactor - Mod.","Fuel - Mod.","Nuclear - Legacy",2021,"Hafnium","operation_demand","kt",0.00332736853
"2225","USA","100% Domestic","100% Domestic","Reactor - Mod.","Fuel - Mod.","Nuclear - Legacy",2021,"Zirconium","operation_demand","kt",0.56808731
"2226","USA","100% Domestic","100% Domestic","Reactor - Mod.","Fuel - Mod.","Nuclear - Large - PWR",2025,"Hafnium","operation_demand","kt",7.51666666666665e-05
"2227","USA","100% Domestic","100% Domestic","Reactor - Mod.","Fuel - Mod.","Nuclear - Large - PWR",2025,"Zirconium","operation_demand","kt",0.0128333333333333
"2228","USA","100% Domestic","100% Domestic","Reactor - Mod.","Fuel - Mod.","Nuclear - Legacy",2025,"Hafnium","operation_demand","kt",0.00331470980277778
"2229","USA","100% Domestic","100% Domestic","Reactor - Mod.","Fuel - Mod.","Nuclear - Legacy",2025,"Zirconium","operation_demand","kt",0.565926063888889
"2230","USA","100% Domestic","100% Domestic","Reactor - Mod.","Fuel - Mod.","Nuclear - Large - PWR",2030,"Hafnium","operation_demand","kt",0.000127506469444444
"2231","USA","100% Domestic","100% Domestic","Reactor - Mod.","Fuel - Mod.","Nuclear - Large - PWR",2030,"Zirconium","operation_demand","kt",0.0217693972222222
"2232","USA","100% Domestic","100% Domestic","Reactor - Mod.","Fuel - Mod.","Nuclear - Legacy",2030,"Hafnium","operation_demand","kt",0.00331422247222222
"2233","USA","100% Domestic","100% Domestic","Reactor - Mod.","Fuel - Mod.","Nuclear - Legacy",2030,"Zirconium","operation_demand","kt",0.565842861111111
"2234","USA","100% Domestic","100% Domestic","Reactor - Mod.","Fuel - Mod.","Nuclear - Large - PWR",2035,"Hafnium","operation_demand","kt",0.000210943177777778
"2235","USA","100% Domestic","100% Domestic","Reactor - Mod.","Fuel - Mod.","Nuclear - Large - PWR",2035,"Zirconium","operation_demand","kt",0.0360146888888889
"2236","USA","100% Domestic","100% Domestic","Reactor - Mod.","Fuel - Mod.","Nuclear - Legacy",2035,"Hafnium","operation_demand","kt",0.00322901194444445
"2237","USA","100% Domestic","100% Domestic","Reactor - Mod.","Fuel - Mod.","Nuclear - Legacy",2035,"Zirconium","operation_demand","kt",0.551294722222222
"2238","USA","100% Domestic","100% Domestic","Reactor - Mod.","Fuel - Mod.","Nuclear - SMR - BWR",2035,"Zirconium","operation_demand","kt",0.00221757407407407
"2239","USA","100% Domestic","100% Domestic","Reactor - Mod.","Fuel - Mod.","Nuclear - SMR - HTGR",2035,"Graphite","operation_demand","kt",5.53451666666666
"2240","USA","100% Domestic","100% Domestic","Reactor - Mod.","Fuel - Mod.","Nuclear - SMR - HTGR",2035,"Silicon carbide","operation_demand","kt",0.00110690333333333
"2241","USA","100% Domestic","100% Domestic","Reactor - Mod.","Fuel - Mod.","Nuclear - SMR - PWR modular",2035,"Zirconium","operation_demand","kt",0.00164177777777778
"2242","USA","100% Domestic","100% Domestic","Reactor - Mod.","Fuel - Mod.","Nuclear - Large - PWR",2040,"Hafnium","operation_demand","kt",0.000362472230555556
"2243","USA","100% Domestic","100% Domestic","Reactor - Mod.","Fuel - Mod.","Nuclear - Large - PWR",2040,"Zirconium","operation_demand","kt",0.0618855027777778
"2244","USA","100% Domestic","100% Domestic","Reactor - Mod.","Fuel - Mod.","Nuclear - Legacy",2040,"Hafnium","operation_demand","kt",0.00322085294444444
"2245","USA","100% Domestic","100% Domestic","Reactor - Mod.","Fuel - Mod.","Nuclear - Legacy",2040,"Zirconium","operation_demand","kt",0.549901722222222
"2246","USA","100% Domestic","100% Domestic","Reactor - Mod.","Fuel - Mod.","Nuclear - SMR - BWR",2040,"Zirconium","operation_demand","kt",0.00645583333333333
"2247","USA","100% Domestic","100% Domestic","Reactor - Mod.","Fuel - Mod.","Nuclear - SMR - HTGR",2040,"Graphite","operation_demand","kt",14.3815777777778
"2248","USA","100% Domestic","100% Domestic","Reactor - Mod.","Fuel - Mod.","Nuclear - SMR - HTGR",2040,"Silicon carbide","operation_demand","kt",0.00287631555555556
"2249","USA","100% Domestic","100% Domestic","Reactor - Mod.","Fuel - Mod.","Nuclear - SMR - PWR modular",2040,"Zirconium","operation_demand","kt",0.00393842777777778
"2250","USA","100% Domestic","100% Domestic","Reactor - Mod.","Fuel - Mod.","Nuclear - Large - PWR",2045,"Hafnium","operation_demand","kt",0.000527556225
"2251","USA","100% Domestic","100% Domestic","Reactor - Mod.","Fuel - Mod.","Nuclear - Large - PWR",2045,"Zirconium","operation_demand","kt",0.090070575
"2252","USA","100% Domestic","100% Domestic","Reactor - Mod.","Fuel - Mod.","Nuclear - Legacy",2045,"Hafnium","operation_demand","kt",0.00321299256111111
"2253","USA","100% Domestic","100% Domestic","Reactor - Mod.","Fuel - Mod.","Nuclear - Legacy",2045,"Zirconium","operation_demand","kt",0.548559705555555
"2254","USA","100% Domestic","100% Domestic","Reactor - Mod.","Fuel - Mod.","Nuclear - SMR - BWR",2045,"Zirconium","operation_demand","kt",0.0128365925925926
"2255","USA","100% Domestic","100% Domestic","Reactor - Mod.","Fuel - Mod.","Nuclear - SMR - HTGR",2045,"Graphite","operation_demand","kt",26.5356222222222
"2256","USA","100% Domestic","100% Domestic","Reactor - Mod.","Fuel - Mod.","Nuclear - SMR - HTGR",2045,"Silicon carbide","operation_demand","kt",0.00530712444444444
"2257","USA","100% Domestic","100% Domestic","Reactor - Mod.","Fuel - Mod.","Nuclear - SMR - PWR modular",2045,"Zirconium","operation_demand","kt",0.00614422037037037
"2258","USA","100% Domestic","100% Domestic","Reactor - Mod.","Fuel - Mod.","Nuclear - Large - PWR",2050,"Hafnium","operation_demand","kt",0.000830482105555555
"2259","USA","100% Domestic","100% Domestic","Reactor - Mod.","Fuel - Mod.","Nuclear - Large - PWR",2050,"Zirconium","operation_demand","kt",0.141789627777778
"2260","USA","100% Domestic","100% Domestic","Reactor - Mod.","Fuel - Mod.","Nuclear - Legacy",2050,"Hafnium","operation_demand","kt",0.00309308771944444
"2261","USA","100% Domestic","100% Domestic","Reactor - Mod.","Fuel - Mod.","Nuclear - Legacy",2050,"Zirconium","operation_demand","kt",0.528088147222222
"2262","USA","100% Domestic","100% Domestic","Reactor - Mod.","Fuel - Mod.","Nuclear - SMR - BWR",2050,"Zirconium","operation_demand","kt",0.0270742962962963
"2263","USA","100% Domestic","100% Domestic","Reactor - Mod.","Fuel - Mod.","Nuclear - SMR - HTGR",2050,"Graphite","operation_demand","kt",52.1774777777778
"2264","USA","100% Domestic","100% Domestic","Reactor - Mod.","Fuel - Mod.","Nuclear - SMR - HTGR",2050,"Silicon carbide","operation_demand","kt",0.0104354955555556
"2265","USA","100% Domestic","100% Domestic","Reactor - Mod.","Fuel - Mod.","Nuclear - SMR - PWR modular",2050,"Zirconium","operation_demand","kt",0.0102036407407407
"2266","USA","100% Domestic","100% Domestic","Reactor - Mod.","Fuel - Mod.","Nuclear - Large - PWR",2055,"Hafnium","operation_demand","kt",0.00112663820277778
"2267","USA","100% Domestic","100% Domestic","Reactor - Mod.","Fuel - Mod.","Nuclear - Large - PWR",2055,"Zirconium","operation_demand","kt",0.192352863888889
"2268","USA","100% Domestic","100% Domestic","Reactor - Mod.","Fuel - Mod.","Nuclear - Legacy",2055,"Hafnium","operation_demand","kt",0.002203129875
"2269","USA","100% Domestic","100% Domestic","Reactor - Mod.","Fuel - Mod.","Nuclear - Legacy",2055,"Zirconium","operation_demand","kt",0.376144125
"2270","USA","100% Domestic","100% Domestic","Reactor - Mod.","Fuel - Mod.","Nuclear - SMR - BWR",2055,"Zirconium","operation_demand","kt",0.0433325555555555
"2271","USA","100% Domestic","100% Domestic","Reactor - Mod.","Fuel - Mod.","Nuclear - SMR - HTGR",2055,"Graphite","operation_demand","kt",80.0991611111112
"2272","USA","100% Domestic","100% Domestic","Reactor - Mod.","Fuel - Mod.","Nuclear - SMR - HTGR",2055,"Silicon carbide","operation_demand","kt",0.0160198322222222
"2273","USA","100% Domestic","100% Domestic","Reactor - Mod.","Fuel - Mod.","Nuclear - SMR - PWR modular",2055,"Zirconium","operation_demand","kt",0.0142260518518519
"2274","USA","100% Domestic","100% Domestic","Reactor - Mod.","Fuel - Mod.","Nuclear - Large - PWR",2060,"Hafnium","operation_demand","kt",0.00139795376666667
"2275","USA","100% Domestic","100% Domestic","Reactor - Mod.","Fuel - Mod.","Nuclear - Large - PWR",2060,"Zirconium","operation_demand","kt",0.238675033333333
"2276","USA","100% Domestic","100% Domestic","Reactor - Mod.","Fuel - Mod.","Nuclear - Legacy",2060,"Hafnium","operation_demand","kt",0.00171600944444444
"2277","USA","100% Domestic","100% Domestic","Reactor - Mod.","Fuel - Mod.","Nuclear - Legacy",2060,"Zirconium","operation_demand","kt",0.292977222222222
"2278","USA","100% Domestic","100% Domestic","Reactor - Mod.","Fuel - Mod.","Nuclear - SMR - BWR",2060,"Zirconium","operation_demand","kt",0.0600691481481481
"2279","USA","100% Domestic","100% Domestic","Reactor - Mod.","Fuel - Mod.","Nuclear - SMR - HTGR",2060,"Graphite","operation_demand","kt",107.951366666667
"2280","USA","100% Domestic","100% Domestic","Reactor - Mod.","Fuel - Mod.","Nuclear - SMR - HTGR",2060,"Silicon carbide","operation_demand","kt",0.0215902733333333
"2281","USA","100% Domestic","100% Domestic","Reactor - Mod.","Fuel - Mod.","Nuclear - SMR - PWR modular",2060,"Zirconium","operation_demand","kt",0.0179485203703704
"2282","USA","100% Domestic","100% Domestic","Reactor - Mod.","Fuel - Mod.","Nuclear - Large - PWR",2065,"Hafnium","operation_demand","kt",0.0016974369
"2283","USA","100% Domestic","100% Domestic","Reactor - Mod.","Fuel - Mod.","Nuclear - Large - PWR",2065,"Zirconium","operation_demand","kt",0.2898063
"2284","USA","100% Domestic","100% Domestic","Reactor - Mod.","Fuel - Mod.","Nuclear - Legacy",2065,"Hafnium","operation_demand","kt",0.00098209236111111
"2285","USA","100% Domestic","100% Domestic","Reactor - Mod.","Fuel - Mod.","Nuclear - Legacy",2065,"Zirconium","operation_demand","kt",0.167674305555555
"2286","USA","100% Domestic","100% Domestic","Reactor - Mod.","Fuel - Mod.","Nuclear - SMR - BWR",2065,"Zirconium","operation_demand","kt",0.0797191851851853
"2287","USA","100% Domestic","100% Domestic","Reactor - Mod.","Fuel - Mod.","Nuclear - SMR - HTGR",2065,"Graphite","operation_demand","kt",140.079622222222
"2288","USA","100% Domestic","100% Domestic","Reactor - Mod.","Fuel - Mod.","Nuclear - SMR - HTGR",2065,"Silicon carbide","operation_demand","kt",0.0280159244444444
"2289","USA","100% Domestic","100% Domestic","Reactor - Mod.","Fuel - Mod.","Nuclear - SMR - PWR modular",2065,"Zirconium","operation_demand","kt",0.0220847259259259
"2290","USA","100% Domestic","100% Domestic","Reactor - Mod.","Fuel - Mod.","Nuclear - Large - PWR",2070,"Hafnium","operation_demand","kt",0.00201413297222222
"2291","USA","100% Domestic","100% Domestic","Reactor - Mod.","Fuel - Mod.","Nuclear - Large - PWR",2070,"Zirconium","operation_demand","kt",0.343876361111111
"2292","USA","100% Domestic","100% Domestic","Reactor - Mod.","Fuel - Mod.","Nuclear - Legacy",2070,"Hafnium","operation_demand","kt",0.000190116088888889
"2293","USA","100% Domestic","100% Domestic","Reactor - Mod.","Fuel - Mod.","Nuclear - Legacy",2070,"Zirconium","operation_demand","kt",0.0324588444444445
"2294","USA","100% Domestic","100% Domestic","Reactor - Mod.","Fuel - Mod.","Nuclear - SMR - BWR",2070,"Zirconium","operation_demand","kt",0.101568629629629
"2295","USA","100% Domestic","100% Domestic","Reactor - Mod.","Fuel - Mod.","Nuclear - SMR - HTGR",2070,"Graphite","operation_demand","kt",175.314377777778
"2296","USA","100% Domestic","100% Domestic","Reactor - Mod.","Fuel - Mod.","Nuclear - SMR - HTGR",2070,"Silicon carbide","operation_demand","kt",0.0350628755555556
"2297","USA","100% Domestic","100% Domestic","Reactor - Mod.","Fuel - Mod.","Nuclear - SMR - PWR modular",2070,"Zirconium","operation_demand","kt",0.0264889962962963
"2298","USA","100% Domestic","100% Domestic","Reactor - Mod.","Fuel - Mod.","Nuclear - Large - PWR",2075,"Hafnium","operation_demand","kt",0.00233300671388889
"2299","USA","100% Domestic","100% Domestic","Reactor - Mod.","Fuel - Mod.","Nuclear - Large - PWR",2075,"Zirconium","operation_demand","kt",0.398318219444445
"2300","USA","100% Domestic","100% Domestic","Reactor - Mod.","Fuel - Mod.","Nuclear - Legacy",2075,"Hafnium","operation_demand","kt",7.43787833333335e-05
"2301","USA","100% Domestic","100% Domestic","Reactor - Mod.","Fuel - Mod.","Nuclear - Legacy",2075,"Zirconium","operation_demand","kt",0.0126988166666667
"2302","USA","100% Domestic","100% Domestic","Reactor - Mod.","Fuel - Mod.","Nuclear - SMR - BWR",2075,"Zirconium","operation_demand","kt",0.124298407407407
"2303","USA","100% Domestic","100% Domestic","Reactor - Mod.","Fuel - Mod.","Nuclear - SMR - HTGR",2075,"Graphite","operation_demand","kt",211.641433333334
"2304","USA","100% Domestic","100% Domestic","Reactor - Mod.","Fuel - Mod.","Nuclear - SMR - HTGR",2075,"Silicon carbide","operation_demand","kt",0.0423282866666668
"2305","USA","100% Domestic","100% Domestic","Reactor - Mod.","Fuel - Mod.","Nuclear - SMR - PWR modular",2075,"Zirconium","operation_demand","kt",0.0309568074074074
"2306","USA","100% Domestic","100% Domestic","Reactor - Mod.","Fuel - Mod.","Nuclear - Large - PWR",2080,"Hafnium","operation_demand","kt",0.00274547741944445
"2307","USA","100% Domestic","100% Domestic","Reactor - Mod.","Fuel - Mod.","Nuclear - Large - PWR",2080,"Zirconium","operation_demand","kt",0.468740047222222
"2308","USA","100% Domestic","100% Domestic","Reactor - Mod.","Fuel - Mod.","Nuclear - Legacy",2080,"Hafnium","operation_demand","kt",3.79736305555555e-05
"2309","USA","100% Domestic","100% Domestic","Reactor - Mod.","Fuel - Mod.","Nuclear - Legacy",2080,"Zirconium","operation_demand","kt",0.00648330277777778
"2310","USA","100% Domestic","100% Domestic","Reactor - Mod.","Fuel - Mod.","Nuclear - SMR - BWR",2080,"Zirconium","operation_demand","kt",0.154530425925926
"2311","USA","100% Domestic","100% Domestic","Reactor - Mod.","Fuel - Mod.","Nuclear - SMR - HTGR",2080,"Graphite","operation_demand","kt",259.623883333334
"2312","USA","100% Domestic","100% Domestic","Reactor - Mod.","Fuel - Mod.","Nuclear - SMR - HTGR",2080,"Silicon carbide","operation_demand","kt",0.0519247766666668
"2313","USA","100% Domestic","100% Domestic","Reactor - Mod.","Fuel - Mod.","Nuclear - SMR - PWR modular",2080,"Zirconium","operation_demand","kt",0.0367780981481481
"2314","USA","100% Domestic","100% Domestic","Reactor - Mod.","Fuel - Mod.","Nuclear - Large - PWR",2085,"Hafnium","operation_demand","kt",0.00305140620833333
"2315","USA","100% Domestic","100% Domestic","Reactor - Mod.","Fuel - Mod.","Nuclear - Large - PWR",2085,"Zirconium","operation_demand","kt",0.520971791666667
"2316","USA","100% Domestic","100% Domestic","Reactor - Mod.","Fuel - Mod.","Nuclear - Legacy",2085,"Hafnium","operation_demand","kt",3.79505111111111e-05
"2317","USA","100% Domestic","100% Domestic","Reactor - Mod.","Fuel - Mod.","Nuclear - Legacy",2085,"Zirconium","operation_demand","kt",0.00647935555555555
"2318","USA","100% Domestic","100% Domestic","Reactor - Mod.","Fuel - Mod.","Nuclear - SMR - BWR",2085,"Zirconium","operation_demand","kt",0.178251185185185
"2319","USA","100% Domestic","100% Domestic","Reactor - Mod.","Fuel - Mod.","Nuclear - SMR - HTGR",2085,"Graphite","operation_demand","kt",296.814322222222
"2320","USA","100% Domestic","100% Domestic","Reactor - Mod.","Fuel - Mod.","Nuclear - SMR - HTGR",2085,"Silicon carbide","operation_demand","kt",0.0593628644444444
"2321","USA","100% Domestic","100% Domestic","Reactor - Mod.","Fuel - Mod.","Nuclear - SMR - PWR modular",2085,"Zirconium","operation_demand","kt",0.0411461333333333
"2322","USA","100% Domestic","100% Domestic","Reactor - Mod.","Fuel - Mod.","Nuclear - Large - PWR",2090,"Hafnium","operation_demand","kt",0.00325807399722222
"2323","USA","100% Domestic","100% Domestic","Reactor - Mod.","Fuel - Mod.","Nuclear - Large - PWR",2090,"Zirconium","operation_demand","kt",0.556256536111111
"2324","USA","100% Domestic","100% Domestic","Reactor - Mod.","Fuel - Mod.","Nuclear - Legacy",2090,"Hafnium","operation_demand","kt",3.79019944444445e-05
"2325","USA","100% Domestic","100% Domestic","Reactor - Mod.","Fuel - Mod.","Nuclear - Legacy",2090,"Zirconium","operation_demand","kt",0.00647107222222222
"2326","USA","100% Domestic","100% Domestic","Reactor - Mod.","Fuel - Mod.","Nuclear - SMR - BWR",2090,"Zirconium","operation_demand","kt",0.198913111111111
"2327","USA","100% Domestic","100% Domestic","Reactor - Mod.","Fuel - Mod.","Nuclear - SMR - HTGR",2090,"Graphite","operation_demand","kt",328.983405555556
"2328","USA","100% Domestic","100% Domestic","Reactor - Mod.","Fuel - Mod.","Nuclear - SMR - HTGR",2090,"Silicon carbide","operation_demand","kt",0.0657966811111112
"2329","USA","100% Domestic","100% Domestic","Reactor - Mod.","Fuel - Mod.","Nuclear - SMR - PWR modular",2090,"Zirconium","operation_demand","kt",0.0448612611111111
"2330","USA","100% Domestic","100% Domestic","Reactor - Mod.","Fuel - Mod.","Nuclear - Large - PWR",2095,"Hafnium","operation_demand","kt",0.00346667755555556
"2331","USA","100% Domestic","100% Domestic","Reactor - Mod.","Fuel - Mod.","Nuclear - Large - PWR",2095,"Zirconium","operation_demand","kt",0.591871777777778
"2332","USA","100% Domestic","100% Domestic","Reactor - Mod.","Fuel - Mod.","Nuclear - Legacy",2095,"Hafnium","operation_demand","kt",3.78384444444444e-05
"2333","USA","100% Domestic","100% Domestic","Reactor - Mod.","Fuel - Mod.","Nuclear - Legacy",2095,"Zirconium","operation_demand","kt",0.00646022222222222
"2334","USA","100% Domestic","100% Domestic","Reactor - Mod.","Fuel - Mod.","Nuclear - SMR - BWR",2095,"Zirconium","operation_demand","kt",0.220290018518519
"2335","USA","100% Domestic","100% Domestic","Reactor - Mod.","Fuel - Mod.","Nuclear - SMR - HTGR",2095,"Graphite","operation_demand","kt",360.112277777778
"2336","USA","100% Domestic","100% Domestic","Reactor - Mod.","Fuel - Mod.","Nuclear - SMR - HTGR",2095,"Silicon carbide","operation_demand","kt",0.0720224555555556
"2337","USA","100% Domestic","100% Domestic","Reactor - Mod.","Fuel - Mod.","Nuclear - SMR - PWR modular",2095,"Zirconium","operation_demand","kt",0.0474756111111111
"2338","USA","100% Domestic","100% Domestic","Reactor - Mod.","Fuel - Mod.","Nuclear - Large - PWR",2100,"Hafnium","operation_demand","kt",0.00358982675
"2339","USA","100% Domestic","100% Domestic","Reactor - Mod.","Fuel - Mod.","Nuclear - Large - PWR",2100,"Zirconium","operation_demand","kt",0.61289725
"2340","USA","100% Domestic","100% Domestic","Reactor - Mod.","Fuel - Mod.","Nuclear - SMR - BWR",2100,"Zirconium","operation_demand","kt",0.2385635
"2341","USA","100% Domestic","100% Domestic","Reactor - Mod.","Fuel - Mod.","Nuclear - SMR - HTGR",2100,"Graphite","operation_demand","kt",386.105444444444
"2342","USA","100% Domestic","100% Domestic","Reactor - Mod.","Fuel - Mod.","Nuclear - SMR - HTGR",2100,"Silicon carbide","operation_demand","kt",0.0772210888888888
"2343","USA","100% Domestic","100% Domestic","Reactor - Mod.","Fuel - Mod.","Nuclear - SMR - PWR modular",2100,"Zirconium","operation_demand","kt",0.0492043333333333
"2344","USA","100% Domestic - Adv. Fuel","100% Domestic","Reactor - Mod.","Fuel - Adv.","Nuclear - Legacy",2021,"Hafnium","operation_demand","kt",0.00332736853
"2345","USA","100% Domestic - Adv. Fuel","100% Domestic","Reactor - Mod.","Fuel - Adv.","Nuclear - Legacy",2021,"Zirconium","operation_demand","kt",0.56808731
"2346","USA","100% Domestic - Adv. Fuel","100% Domestic","Reactor - Mod.","Fuel - Adv.","Nuclear - Large - PWR",2025,"Hafnium","operation_demand","kt",7.51666666666665e-05
"2347","USA","100% Domestic - Adv. Fuel","100% Domestic","Reactor - Mod.","Fuel - Adv.","Nuclear - Large - PWR",2025,"Zirconium","operation_demand","kt",0.0128333333333333
"2348","USA","100% Domestic - Adv. Fuel","100% Domestic","Reactor - Mod.","Fuel - Adv.","Nuclear - Legacy",2025,"Hafnium","operation_demand","kt",0.00331470968888889
"2349","USA","100% Domestic - Adv. Fuel","100% Domestic","Reactor - Mod.","Fuel - Adv.","Nuclear - Legacy",2025,"Zirconium","operation_demand","kt",0.565926044444445
"2350","USA","100% Domestic - Adv. Fuel","100% Domestic","Reactor - Mod.","Fuel - Adv.","Nuclear - Large - PWR",2030,"Hafnium","operation_demand","kt",0.000127676277777778
"2351","USA","100% Domestic - Adv. Fuel","100% Domestic","Reactor - Mod.","Fuel - Adv.","Nuclear - Large - PWR",2030,"Zirconium","operation_demand","kt",0.0217983888888889
"2352","USA","100% Domestic - Adv. Fuel","100% Domestic","Reactor - Mod.","Fuel - Adv.","Nuclear - Legacy",2030,"Hafnium","operation_demand","kt",0.00331427520277778
"2353","USA","100% Domestic - Adv. Fuel","100% Domestic","Reactor - Mod.","Fuel - Adv.","Nuclear - Legacy",2030,"Zirconium","operation_demand","kt",0.565851863888889
"2354","USA","100% Domestic - Adv. Fuel","100% Domestic","Reactor - Mod.","Fuel - Adv.","Nuclear - Large - PWR",2035,"Hafnium","operation_demand","kt",0.000217313097222222
"2355","USA","100% Domestic - Adv. Fuel","100% Domestic","Reactor - Mod.","Fuel - Adv.","Nuclear - Large - PWR",2035,"Zirconium","operation_demand","kt",0.0371022361111111
"2356","USA","100% Domestic - Adv. Fuel","100% Domestic","Reactor - Mod.","Fuel - Adv.","Nuclear - Legacy",2035,"Hafnium","operation_demand","kt",0.0032314683
"2357","USA","100% Domestic - Adv. Fuel","100% Domestic","Reactor - Mod.","Fuel - Adv.","Nuclear - Legacy",2035,"Zirconium","operation_demand","kt",0.5517141
"2358","USA","100% Domestic - Adv. Fuel","100% Domestic","Reactor - Mod.","Fuel - Adv.","Nuclear - SMR - BWR",2035,"Zirconium","operation_demand","kt",0.00226214814814815
"2359","USA","100% Domestic - Adv. Fuel","100% Domestic","Reactor - Mod.","Fuel - Adv.","Nuclear - SMR - HTGR",2035,"Graphite","operation_demand","kt",5.7755
"2360","USA","100% Domestic - Adv. Fuel","100% Domestic","Reactor - Mod.","Fuel - Adv.","Nuclear - SMR - HTGR",2035,"Silicon carbide","operation_demand","kt",0.0011551
"2361","USA","100% Domestic - Adv. Fuel","100% Domestic","Reactor - Mod.","Fuel - Adv.","Nuclear - SMR - PWR modular",2035,"Zirconium","operation_demand","kt",0.00176665740740741
"2362","USA","100% Domestic - Adv. Fuel","100% Domestic","Reactor - Mod.","Fuel - Adv.","Nuclear - Large - PWR",2040,"Hafnium","operation_demand","kt",0.000396996394444445
"2363","USA","100% Domestic - Adv. Fuel","100% Domestic","Reactor - Mod.","Fuel - Adv.","Nuclear - Large - PWR",2040,"Zirconium","operation_demand","kt",0.0677798722222222
"2364","USA","100% Domestic - Adv. Fuel","100% Domestic","Reactor - Mod.","Fuel - Adv.","Nuclear - Legacy",2040,"Hafnium","operation_demand","kt",0.00322962648888889
"2365","USA","100% Domestic - Adv. Fuel","100% Domestic","Reactor - Mod.","Fuel - Adv.","Nuclear - Legacy",2040,"Zirconium","operation_demand","kt",0.551399644444445
"2366","USA","100% Domestic - Adv. Fuel","100% Domestic","Reactor - Mod.","Fuel - Adv.","Nuclear - SMR - BWR",2040,"Zirconium","operation_demand","kt",0.00676379629629627
"2367","USA","100% Domestic - Adv. Fuel","100% Domestic","Reactor - Mod.","Fuel - Adv.","Nuclear - SMR - HTGR",2040,"Graphite","operation_demand","kt",15.65
"2368","USA","100% Domestic - Adv. Fuel","100% Domestic","Reactor - Mod.","Fuel - Adv.","Nuclear - SMR - HTGR",2040,"Silicon carbide","operation_demand","kt",0.00313
"2369","USA","100% Domestic - Adv. Fuel","100% Domestic","Reactor - Mod.","Fuel - Adv.","Nuclear - SMR - PWR modular",2040,"Zirconium","operation_demand","kt",0.00444662037037037
"2370","USA","100% Domestic - Adv. Fuel","100% Domestic","Reactor - Mod.","Fuel - Adv.","Nuclear - Large - PWR",2045,"Hafnium","operation_demand","kt",0.000608780755555555
"2371","USA","100% Domestic - Adv. Fuel","100% Domestic","Reactor - Mod.","Fuel - Adv.","Nuclear - Large - PWR",2045,"Zirconium","operation_demand","kt",0.103938177777778
"2372","USA","100% Domestic - Adv. Fuel","100% Domestic","Reactor - Mod.","Fuel - Adv.","Nuclear - Legacy",2045,"Hafnium","operation_demand","kt",0.00322819399444445
"2373","USA","100% Domestic - Adv. Fuel","100% Domestic","Reactor - Mod.","Fuel - Adv.","Nuclear - Legacy",2045,"Zirconium","operation_demand","kt",0.551155072222222
"2374","USA","100% Domestic - Adv. Fuel","100% Domestic","Reactor - Mod.","Fuel - Adv.","Nuclear - SMR - BWR",2045,"Zirconium","operation_demand","kt",0.0136948703703704
"2375","USA","100% Domestic - Adv. Fuel","100% Domestic","Reactor - Mod.","Fuel - Adv.","Nuclear - SMR - HTGR",2045,"Graphite","operation_demand","kt",29.8136666666666
"2376","USA","100% Domestic - Adv. Fuel","100% Domestic","Reactor - Mod.","Fuel - Adv.","Nuclear - SMR - HTGR",2045,"Silicon carbide","operation_demand","kt",0.00596273333333332
"2377","USA","100% Domestic - Adv. Fuel","100% Domestic","Reactor - Mod.","Fuel - Adv.","Nuclear - SMR - PWR modular",2045,"Zirconium","operation_demand","kt",0.00731023148148147
"2378","USA","100% Domestic - Adv. Fuel","100% Domestic","Reactor - Mod.","Fuel - Adv.","Nuclear - Large - PWR",2050,"Hafnium","operation_demand","kt",0.00101676754166667
"2379","USA","100% Domestic - Adv. Fuel","100% Domestic","Reactor - Mod.","Fuel - Adv.","Nuclear - Large - PWR",2050,"Zirconium","operation_demand","kt",0.173594458333333
"2380","USA","100% Domestic - Adv. Fuel","100% Domestic","Reactor - Mod.","Fuel - Adv.","Nuclear - Legacy",2050,"Hafnium","operation_demand","kt",0.00311543602222222
"2381","USA","100% Domestic - Adv. Fuel","100% Domestic","Reactor - Mod.","Fuel - Adv.","Nuclear - Legacy",2050,"Zirconium","operation_demand","kt",0.531903711111111
"2382","USA","100% Domestic - Adv. Fuel","100% Domestic","Reactor - Mod.","Fuel - Adv.","Nuclear - SMR - BWR",2050,"Zirconium","operation_demand","kt",0.0294324814814815
"2383","USA","100% Domestic - Adv. Fuel","100% Domestic","Reactor - Mod.","Fuel - Adv.","Nuclear - SMR - HTGR",2050,"Graphite","operation_demand","kt",60.758
"2384","USA","100% Domestic - Adv. Fuel","100% Domestic","Reactor - Mod.","Fuel - Adv.","Nuclear - SMR - HTGR",2050,"Silicon carbide","operation_demand","kt",0.0121516
"2385","USA","100% Domestic - Adv. Fuel","100% Domestic","Reactor - Mod.","Fuel - Adv.","Nuclear - SMR - PWR modular",2050,"Zirconium","operation_demand","kt",0.0128772185185185
"2386","USA","100% Domestic - Adv. Fuel","100% Domestic","Reactor - Mod.","Fuel - Adv.","Nuclear - Large - PWR",2055,"Hafnium","operation_demand","kt",0.00142567830833333
"2387","USA","100% Domestic - Adv. Fuel","100% Domestic","Reactor - Mod.","Fuel - Adv.","Nuclear - Large - PWR",2055,"Zirconium","operation_demand","kt",0.243408491666667
"2388","USA","100% Domestic - Adv. Fuel","100% Domestic","Reactor - Mod.","Fuel - Adv.","Nuclear - Legacy",2055,"Hafnium","operation_demand","kt",0.00221822322777778
"2389","USA","100% Domestic - Adv. Fuel","100% Domestic","Reactor - Mod.","Fuel - Adv.","Nuclear - Legacy",2055,"Zirconium","operation_demand","kt",0.378721038888888
"2390","USA","100% Domestic - Adv. Fuel","100% Domestic","Reactor - Mod.","Fuel - Adv.","Nuclear - SMR - BWR",2055,"Zirconium","operation_demand","kt",0.0475742777777778
"2391","USA","100% Domestic - Adv. Fuel","100% Domestic","Reactor - Mod.","Fuel - Adv.","Nuclear - SMR - HTGR",2055,"Graphite","operation_demand","kt",95.4303888888888
"2392","USA","100% Domestic - Adv. Fuel","100% Domestic","Reactor - Mod.","Fuel - Adv.","Nuclear - SMR - HTGR",2055,"Silicon carbide","operation_demand","kt",0.0190860777777778
"2393","USA","100% Domestic - Adv. Fuel","100% Domestic","Reactor - Mod.","Fuel - Adv.","Nuclear - SMR - PWR modular",2055,"Zirconium","operation_demand","kt",0.0185680074074074
"2394","USA","100% Domestic - Adv. Fuel","100% Domestic","Reactor - Mod.","Fuel - Adv.","Nuclear - Large - PWR",2060,"Hafnium","operation_demand","kt",0.00181508161666667
"2395","USA","100% Domestic - Adv. Fuel","100% Domestic","Reactor - Mod.","Fuel - Adv.","Nuclear - Large - PWR",2060,"Zirconium","operation_demand","kt",0.309891983333333
"2396","USA","100% Domestic - Adv. Fuel","100% Domestic","Reactor - Mod.","Fuel - Adv.","Nuclear - Legacy",2060,"Hafnium","operation_demand","kt",0.00173061728888889
"2397","USA","100% Domestic - Adv. Fuel","100% Domestic","Reactor - Mod.","Fuel - Adv.","Nuclear - Legacy",2060,"Zirconium","operation_demand","kt",0.295471244444445
"2398","USA","100% Domestic - Adv. Fuel","100% Domestic","Reactor - Mod.","Fuel - Adv.","Nuclear - SMR - BWR",2060,"Zirconium","operation_demand","kt",0.0663080555555555
"2399","USA","100% Domestic - Adv. Fuel","100% Domestic","Reactor - Mod.","Fuel - Adv.","Nuclear - SMR - HTGR",2060,"Graphite","operation_demand","kt",130.882111111111
"2400","USA","100% Domestic - Adv. Fuel","100% Domestic","Reactor - Mod.","Fuel - Adv.","Nuclear - SMR - HTGR",2060,"Silicon carbide","operation_demand","kt",0.0261764222222222
"2401","USA","100% Domestic - Adv. Fuel","100% Domestic","Reactor - Mod.","Fuel - Adv.","Nuclear - SMR - PWR modular",2060,"Zirconium","operation_demand","kt",0.0240669944444445
"2402","USA","100% Domestic - Adv. Fuel","100% Domestic","Reactor - Mod.","Fuel - Adv.","Nuclear - Large - PWR",2065,"Hafnium","operation_demand","kt",0.00225176544166667
"2403","USA","100% Domestic - Adv. Fuel","100% Domestic","Reactor - Mod.","Fuel - Adv.","Nuclear - Large - PWR",2065,"Zirconium","operation_demand","kt",0.384447758333333
"2404","USA","100% Domestic - Adv. Fuel","100% Domestic","Reactor - Mod.","Fuel - Adv.","Nuclear - Legacy",2065,"Hafnium","operation_demand","kt",0.00099130084722222
"2405","USA","100% Domestic - Adv. Fuel","100% Domestic","Reactor - Mod.","Fuel - Adv.","Nuclear - Legacy",2065,"Zirconium","operation_demand","kt",0.169246486111111
"2406","USA","100% Domestic - Adv. Fuel","100% Domestic","Reactor - Mod.","Fuel - Adv.","Nuclear - SMR - BWR",2065,"Zirconium","operation_demand","kt",0.0884017407407407
"2407","USA","100% Domestic - Adv. Fuel","100% Domestic","Reactor - Mod.","Fuel - Adv.","Nuclear - SMR - HTGR",2065,"Graphite","operation_demand","kt",172.623666666667
"2408","USA","100% Domestic - Adv. Fuel","100% Domestic","Reactor - Mod.","Fuel - Adv.","Nuclear - SMR - HTGR",2065,"Silicon carbide","operation_demand","kt",0.0345247333333333
"2409","USA","100% Domestic - Adv. Fuel","100% Domestic","Reactor - Mod.","Fuel - Adv.","Nuclear - SMR - PWR modular",2065,"Zirconium","operation_demand","kt",0.0302878851851852
"2410","USA","100% Domestic - Adv. Fuel","100% Domestic","Reactor - Mod.","Fuel - Adv.","Nuclear - Large - PWR",2070,"Hafnium","operation_demand","kt",0.00271328513055555
"2411","USA","100% Domestic - Adv. Fuel","100% Domestic","Reactor - Mod.","Fuel - Adv.","Nuclear - Large - PWR",2070,"Zirconium","operation_demand","kt",0.463243802777778
"2412","USA","100% Domestic - Adv. Fuel","100% Domestic","Reactor - Mod.","Fuel - Adv.","Nuclear - Legacy",2070,"Hafnium","operation_demand","kt",0.00019193125
"2413","USA","100% Domestic - Adv. Fuel","100% Domestic","Reactor - Mod.","Fuel - Adv.","Nuclear - Legacy",2070,"Zirconium","operation_demand","kt",0.03276875
"2414","USA","100% Domestic - Adv. Fuel","100% Domestic","Reactor - Mod.","Fuel - Adv.","Nuclear - SMR - BWR",2070,"Zirconium","operation_demand","kt",0.112812611111111
"2415","USA","100% Domestic - Adv. Fuel","100% Domestic","Reactor - Mod.","Fuel - Adv.","Nuclear - SMR - HTGR",2070,"Graphite","operation_demand","kt",218.796111111112
"2416","USA","100% Domestic - Adv. Fuel","100% Domestic","Reactor - Mod.","Fuel - Adv.","Nuclear - SMR - HTGR",2070,"Silicon carbide","operation_demand","kt",0.0437592222222224
"2417","USA","100% Domestic - Adv. Fuel","100% Domestic","Reactor - Mod.","Fuel - Adv.","Nuclear - SMR - PWR modular",2070,"Zirconium","operation_demand","kt",0.0369120666666667
"2418","USA","100% Domestic - Adv. Fuel","100% Domestic","Reactor - Mod.","Fuel - Adv.","Nuclear - Large - PWR",2075,"Hafnium","operation_demand","kt",0.00317286460833334
"2419","USA","100% Domestic - Adv. Fuel","100% Domestic","Reactor - Mod.","Fuel - Adv.","Nuclear - Large - PWR",2075,"Zirconium","operation_demand","kt",0.541708591666667
"2420","USA","100% Domestic - Adv. Fuel","100% Domestic","Reactor - Mod.","Fuel - Adv.","Nuclear - Legacy",2075,"Hafnium","operation_demand","kt",7.504845e-05
"2421","USA","100% Domestic - Adv. Fuel","100% Domestic","Reactor - Mod.","Fuel - Adv.","Nuclear - Legacy",2075,"Zirconium","operation_demand","kt",0.01281315
"2422","USA","100% Domestic - Adv. Fuel","100% Domestic","Reactor - Mod.","Fuel - Adv.","Nuclear - SMR - BWR",2075,"Zirconium","operation_demand","kt",0.137932759259259
"2423","USA","100% Domestic - Adv. Fuel","100% Domestic","Reactor - Mod.","Fuel - Adv.","Nuclear - SMR - HTGR",2075,"Graphite","operation_demand","kt",266.554444444444
"2424","USA","100% Domestic - Adv. Fuel","100% Domestic","Reactor - Mod.","Fuel - Adv.","Nuclear - SMR - HTGR",2075,"Silicon carbide","operation_demand","kt",0.0533108888888888
"2425","USA","100% Domestic - Adv. Fuel","100% Domestic","Reactor - Mod.","Fuel - Adv.","Nuclear - SMR - PWR modular",2075,"Zirconium","operation_demand","kt",0.0435464203703704
"2426","USA","100% Domestic - Adv. Fuel","100% Domestic","Reactor - Mod.","Fuel - Adv.","Nuclear - Large - PWR",2080,"Hafnium","operation_demand","kt",0.00375816022222222
"2427","USA","100% Domestic - Adv. Fuel","100% Domestic","Reactor - Mod.","Fuel - Adv.","Nuclear - Large - PWR",2080,"Zirconium","operation_demand","kt",0.641637111111111
"2428","USA","100% Domestic - Adv. Fuel","100% Domestic","Reactor - Mod.","Fuel - Adv.","Nuclear - Legacy",2080,"Hafnium","operation_demand","kt",3.82954805555555e-05
"2429","USA","100% Domestic - Adv. Fuel","100% Domestic","Reactor - Mod.","Fuel - Adv.","Nuclear - Legacy",2080,"Zirconium","operation_demand","kt",0.00653825277777778
"2430","USA","100% Domestic - Adv. Fuel","100% Domestic","Reactor - Mod.","Fuel - Adv.","Nuclear - SMR - BWR",2080,"Zirconium","operation_demand","kt",0.170693185185185
"2431","USA","100% Domestic - Adv. Fuel","100% Domestic","Reactor - Mod.","Fuel - Adv.","Nuclear - SMR - HTGR",2080,"Graphite","operation_demand","kt",329.314166666666
"2432","USA","100% Domestic - Adv. Fuel","100% Domestic","Reactor - Mod.","Fuel - Adv.","Nuclear - SMR - HTGR",2080,"Silicon carbide","operation_demand","kt",0.0658628333333332
"2433","USA","100% Domestic - Adv. Fuel","100% Domestic","Reactor - Mod.","Fuel - Adv.","Nuclear - SMR - PWR modular",2080,"Zirconium","operation_demand","kt",0.0520309129629629
"2434","USA","100% Domestic - Adv. Fuel","100% Domestic","Reactor - Mod.","Fuel - Adv.","Nuclear - Large - PWR",2085,"Hafnium","operation_demand","kt",0.0041978958138889
"2435","USA","100% Domestic - Adv. Fuel","100% Domestic","Reactor - Mod.","Fuel - Adv.","Nuclear - Large - PWR",2085,"Zirconium","operation_demand","kt",0.716713919444446
"2436","USA","100% Domestic - Adv. Fuel","100% Domestic","Reactor - Mod.","Fuel - Adv.","Nuclear - Legacy",2085,"Hafnium","operation_demand","kt",3.82880777777778e-05
"2437","USA","100% Domestic - Adv. Fuel","100% Domestic","Reactor - Mod.","Fuel - Adv.","Nuclear - Legacy",2085,"Zirconium","operation_demand","kt",0.00653698888888888
"2438","USA","100% Domestic - Adv. Fuel","100% Domestic","Reactor - Mod.","Fuel - Adv.","Nuclear - SMR - BWR",2085,"Zirconium","operation_demand","kt",0.196059166666667
"2439","USA","100% Domestic - Adv. Fuel","100% Domestic","Reactor - Mod.","Fuel - Adv.","Nuclear - SMR - HTGR",2085,"Graphite","operation_demand","kt",378.3325
"2440","USA","100% Domestic - Adv. Fuel","100% Domestic","Reactor - Mod.","Fuel - Adv.","Nuclear - SMR - HTGR",2085,"Silicon carbide","operation_demand","kt",0.0756665
"2441","USA","100% Domestic - Adv. Fuel","100% Domestic","Reactor - Mod.","Fuel - Adv.","Nuclear - SMR - PWR modular",2085,"Zirconium","operation_demand","kt",0.0584563055555555
"2442","USA","100% Domestic - Adv. Fuel","100% Domestic","Reactor - Mod.","Fuel - Adv.","Nuclear - Large - PWR",2090,"Hafnium","operation_demand","kt",0.00451050999444445
"2443","USA","100% Domestic - Adv. Fuel","100% Domestic","Reactor - Mod.","Fuel - Adv.","Nuclear - Large - PWR",2090,"Zirconium","operation_demand","kt",0.770087072222223
"2444","USA","100% Domestic - Adv. Fuel","100% Domestic","Reactor - Mod.","Fuel - Adv.","Nuclear - Legacy",2090,"Hafnium","operation_demand","kt",3.82749805555556e-05
"2445","USA","100% Domestic - Adv. Fuel","100% Domestic","Reactor - Mod.","Fuel - Adv.","Nuclear - Legacy",2090,"Zirconium","operation_demand","kt",0.00653475277777778
"2446","USA","100% Domestic - Adv. Fuel","100% Domestic","Reactor - Mod.","Fuel - Adv.","Nuclear - SMR - BWR",2090,"Zirconium","operation_demand","kt",0.217432870370371
"2447","USA","100% Domestic - Adv. Fuel","100% Domestic","Reactor - Mod.","Fuel - Adv.","Nuclear - SMR - HTGR",2090,"Graphite","operation_demand","kt",420.090388888888
"2448","USA","100% Domestic - Adv. Fuel","100% Domestic","Reactor - Mod.","Fuel - Adv.","Nuclear - SMR - HTGR",2090,"Silicon carbide","operation_demand","kt",0.0840180777777776
"2449","USA","100% Domestic - Adv. Fuel","100% Domestic","Reactor - Mod.","Fuel - Adv.","Nuclear - SMR - PWR modular",2090,"Zirconium","operation_demand","kt",0.0638087333333333
"2450","USA","100% Domestic - Adv. Fuel","100% Domestic","Reactor - Mod.","Fuel - Adv.","Nuclear - Large - PWR",2095,"Hafnium","operation_demand","kt",0.00482861669444445
"2451","USA","100% Domestic - Adv. Fuel","100% Domestic","Reactor - Mod.","Fuel - Adv.","Nuclear - Large - PWR",2095,"Zirconium","operation_demand","kt",0.824397972222223
"2452","USA","100% Domestic - Adv. Fuel","100% Domestic","Reactor - Mod.","Fuel - Adv.","Nuclear - Legacy",2095,"Hafnium","operation_demand","kt",3.82585805555556e-05
"2453","USA","100% Domestic - Adv. Fuel","100% Domestic","Reactor - Mod.","Fuel - Adv.","Nuclear - Legacy",2095,"Zirconium","operation_demand","kt",0.00653195277777778
"2454","USA","100% Domestic - Adv. Fuel","100% Domestic","Reactor - Mod.","Fuel - Adv.","Nuclear - SMR - BWR",2095,"Zirconium","operation_demand","kt",0.239164185185185
"2455","USA","100% Domestic - Adv. Fuel","100% Domestic","Reactor - Mod.","Fuel - Adv.","Nuclear - SMR - HTGR",2095,"Graphite","operation_demand","kt",461.781888888888
"2456","USA","100% Domestic - Adv. Fuel","100% Domestic","Reactor - Mod.","Fuel - Adv.","Nuclear - SMR - HTGR",2095,"Silicon carbide","operation_demand","kt",0.0923563777777776
"2457","USA","100% Domestic - Adv. Fuel","100% Domestic","Reactor - Mod.","Fuel - Adv.","Nuclear - SMR - PWR modular",2095,"Zirconium","operation_demand","kt",0.0680353703703706
"2458","USA","100% Domestic - Adv. Fuel","100% Domestic","Reactor - Mod.","Fuel - Adv.","Nuclear - Large - PWR",2100,"Hafnium","operation_demand","kt",0.00503832941666665
"2459","USA","100% Domestic - Adv. Fuel","100% Domestic","Reactor - Mod.","Fuel - Adv.","Nuclear - Large - PWR",2100,"Zirconium","operation_demand","kt",0.860202583333331
"2460","USA","100% Domestic - Adv. Fuel","100% Domestic","Reactor - Mod.","Fuel - Adv.","Nuclear - SMR - BWR",2100,"Zirconium","operation_demand","kt",0.257644129629629
"2461","USA","100% Domestic - Adv. Fuel","100% Domestic","Reactor - Mod.","Fuel - Adv.","Nuclear - SMR - HTGR",2100,"Graphite","operation_demand","kt",497.975944444444
"2462","USA","100% Domestic - Adv. Fuel","100% Domestic","Reactor - Mod.","Fuel - Adv.","Nuclear - SMR - HTGR",2100,"Silicon carbide","operation_demand","kt",0.0995951888888888
"2463","USA","100% Domestic - Adv. Fuel","100% Domestic","Reactor - Mod.","Fuel - Adv.","Nuclear - SMR - PWR modular",2100,"Zirconium","operation_demand","kt",0.071078796296296
"2464","USA","100% Domestic - Adv. Nuc","100% Domestic","Reactor - Adv.","Fuel - Adv.","Nuclear - Legacy",2021,"Hafnium","operation_demand","kt",0.00332736853
"2465","USA","100% Domestic - Adv. Nuc","100% Domestic","Reactor - Adv.","Fuel - Adv.","Nuclear - Legacy",2021,"Zirconium","operation_demand","kt",0.56808731
"2466","USA","100% Domestic - Adv. Nuc","100% Domestic","Reactor - Adv.","Fuel - Adv.","Nuclear - Large - PWR",2025,"Hafnium","operation_demand","kt",7.51666666666665e-05
"2467","USA","100% Domestic - Adv. Nuc","100% Domestic","Reactor - Adv.","Fuel - Adv.","Nuclear - Large - PWR",2025,"Zirconium","operation_demand","kt",0.0128333333333333
"2468","USA","100% Domestic - Adv. Nuc","100% Domestic","Reactor - Adv.","Fuel - Adv.","Nuclear - Legacy",2025,"Hafnium","operation_demand","kt",0.00331470968888889
"2469","USA","100% Domestic - Adv. Nuc","100% Domestic","Reactor - Adv.","Fuel - Adv.","Nuclear - Legacy",2025,"Zirconium","operation_demand","kt",0.565926044444445
"2470","USA","100% Domestic - Adv. Nuc","100% Domestic","Reactor - Adv.","Fuel - Adv.","Nuclear - Large - PWR",2030,"Hafnium","operation_demand","kt",0.000127675822222222
"2471","USA","100% Domestic - Adv. Nuc","100% Domestic","Reactor - Adv.","Fuel - Adv.","Nuclear - Large - PWR",2030,"Zirconium","operation_demand","kt",0.0217983111111111
"2472","USA","100% Domestic - Adv. Nuc","100% Domestic","Reactor - Adv.","Fuel - Adv.","Nuclear - Legacy",2030,"Hafnium","operation_demand","kt",0.00331427520277778
"2473","USA","100% Domestic - Adv. Nuc","100% Domestic","Reactor - Adv.","Fuel - Adv.","Nuclear - Legacy",2030,"Zirconium","operation_demand","kt",0.565851863888889
"2474","USA","100% Domestic - Adv. Nuc","100% Domestic","Reactor - Adv.","Fuel - Adv.","Nuclear - Large - PWR",2035,"Hafnium","operation_demand","kt",0.000222285486111111
"2475","USA","100% Domestic - Adv. Nuc","100% Domestic","Reactor - Adv.","Fuel - Adv.","Nuclear - Large - PWR",2035,"Zirconium","operation_demand","kt",0.0379511805555555
"2476","USA","100% Domestic - Adv. Nuc","100% Domestic","Reactor - Adv.","Fuel - Adv.","Nuclear - Legacy",2035,"Hafnium","operation_demand","kt",0.00323142411111111
"2477","USA","100% Domestic - Adv. Nuc","100% Domestic","Reactor - Adv.","Fuel - Adv.","Nuclear - Legacy",2035,"Zirconium","operation_demand","kt",0.551706555555555
"2478","USA","100% Domestic - Adv. Nuc","100% Domestic","Reactor - Adv.","Fuel - Adv.","Nuclear - SMR - BWR",2035,"Zirconium","operation_demand","kt",0.00226685185185185
"2479","USA","100% Domestic - Adv. Nuc","100% Domestic","Reactor - Adv.","Fuel - Adv.","Nuclear - SMR - HTGR",2035,"Graphite","operation_demand","kt",5.7865
"2480","USA","100% Domestic - Adv. Nuc","100% Domestic","Reactor - Adv.","Fuel - Adv.","Nuclear - SMR - HTGR",2035,"Silicon carbide","operation_demand","kt",0.0011573
"2481","USA","100% Domestic - Adv. Nuc","100% Domestic","Reactor - Adv.","Fuel - Adv.","Nuclear - SMR - PWR modular",2035,"Zirconium","operation_demand","kt",0.00176850185185185
"2482","USA","100% Domestic - Adv. Nuc","100% Domestic","Reactor - Adv.","Fuel - Adv.","Nuclear - Large - PWR",2040,"Hafnium","operation_demand","kt",0.00044332183888889
"2483","USA","100% Domestic - Adv. Nuc","100% Domestic","Reactor - Adv.","Fuel - Adv.","Nuclear - Large - PWR",2040,"Zirconium","operation_demand","kt",0.0756890944444446
"2484","USA","100% Domestic - Adv. Nuc","100% Domestic","Reactor - Adv.","Fuel - Adv.","Nuclear - Legacy",2040,"Hafnium","operation_demand","kt",0.00322945428888889
"2485","USA","100% Domestic - Adv. Nuc","100% Domestic","Reactor - Adv.","Fuel - Adv.","Nuclear - Legacy",2040,"Zirconium","operation_demand","kt",0.551370244444444
"2486","USA","100% Domestic - Adv. Nuc","100% Domestic","Reactor - Adv.","Fuel - Adv.","Nuclear - SMR - BWR",2040,"Zirconium","operation_demand","kt",0.00738133333333333
"2487","USA","100% Domestic - Adv. Nuc","100% Domestic","Reactor - Adv.","Fuel - Adv.","Nuclear - SMR - HTGR",2040,"Graphite","operation_demand","kt",15.9983888888889
"2488","USA","100% Domestic - Adv. Nuc","100% Domestic","Reactor - Adv.","Fuel - Adv.","Nuclear - SMR - HTGR",2040,"Silicon carbide","operation_demand","kt",0.00319967777777778
"2489","USA","100% Domestic - Adv. Nuc","100% Domestic","Reactor - Adv.","Fuel - Adv.","Nuclear - SMR - PWR modular",2040,"Zirconium","operation_demand","kt",0.00441819814814815
"2490","USA","100% Domestic - Adv. Nuc","100% Domestic","Reactor - Adv.","Fuel - Adv.","Nuclear - Large - PWR",2045,"Hafnium","operation_demand","kt",0.00073337702222222
"2491","USA","100% Domestic - Adv. Nuc","100% Domestic","Reactor - Adv.","Fuel - Adv.","Nuclear - Large - PWR",2045,"Zirconium","operation_demand","kt",0.125210711111111
"2492","USA","100% Domestic - Adv. Nuc","100% Domestic","Reactor - Adv.","Fuel - Adv.","Nuclear - Legacy",2045,"Hafnium","operation_demand","kt",0.00322765917222222
"2493","USA","100% Domestic - Adv. Nuc","100% Domestic","Reactor - Adv.","Fuel - Adv.","Nuclear - Legacy",2045,"Zirconium","operation_demand","kt",0.551063761111111
"2494","USA","100% Domestic - Adv. Nuc","100% Domestic","Reactor - Adv.","Fuel - Adv.","Nuclear - SMR - BWR",2045,"Zirconium","operation_demand","kt",0.0180393148148148
"2495","USA","100% Domestic - Adv. Nuc","100% Domestic","Reactor - Adv.","Fuel - Adv.","Nuclear - SMR - HTGR",2045,"Graphite","operation_demand","kt",33.9262222222222
"2496","USA","100% Domestic - Adv. Nuc","100% Domestic","Reactor - Adv.","Fuel - Adv.","Nuclear - SMR - HTGR",2045,"Silicon carbide","operation_demand","kt",0.00678524444444444
"2497","USA","100% Domestic - Adv. Nuc","100% Domestic","Reactor - Adv.","Fuel - Adv.","Nuclear - SMR - PWR modular",2045,"Zirconium","operation_demand","kt",0.00730237407407406
"2498","USA","100% Domestic - Adv. Nuc","100% Domestic","Reactor - Adv.","Fuel - Adv.","Nuclear - Large - PWR",2050,"Hafnium","operation_demand","kt",0.00130679436666667
"2499","USA","100% Domestic - Adv. Nuc","100% Domestic","Reactor - Adv.","Fuel - Adv.","Nuclear - Large - PWR",2050,"Zirconium","operation_demand","kt",0.223111233333333
"2500","USA","100% Domestic - Adv. Nuc","100% Domestic","Reactor - Adv.","Fuel - Adv.","Nuclear - Legacy",2050,"Hafnium","operation_demand","kt",0.00311435749444445
"2501","USA","100% Domestic - Adv. Nuc","100% Domestic","Reactor - Adv.","Fuel - Adv.","Nuclear - Legacy",2050,"Zirconium","operation_demand","kt",0.531719572222222
"2502","USA","100% Domestic - Adv. Nuc","100% Domestic","Reactor - Adv.","Fuel - Adv.","Nuclear - SMR - BWR",2050,"Zirconium","operation_demand","kt",0.0479936851851852
"2503","USA","100% Domestic - Adv. Nuc","100% Domestic","Reactor - Adv.","Fuel - Adv.","Nuclear - SMR - HTGR",2050,"Graphite","operation_demand","kt",78.4245555555556
"2504","USA","100% Domestic - Adv. Nuc","100% Domestic","Reactor - Adv.","Fuel - Adv.","Nuclear - SMR - HTGR",2050,"Silicon carbide","operation_demand","kt",0.0156849111111111
"2505","USA","100% Domestic - Adv. Nuc","100% Domestic","Reactor - Adv.","Fuel - Adv.","Nuclear - SMR - PWR modular",2050,"Zirconium","operation_demand","kt",0.0128788314814815
"2506","USA","100% Domestic - Adv. Nuc","100% Domestic","Reactor - Adv.","Fuel - Adv.","Nuclear - Large - PWR",2055,"Hafnium","operation_demand","kt",0.00191084383611111
"2507","USA","100% Domestic - Adv. Nuc","100% Domestic","Reactor - Adv.","Fuel - Adv.","Nuclear - Large - PWR",2055,"Zirconium","operation_demand","kt",0.326241630555555
"2508","USA","100% Domestic - Adv. Nuc","100% Domestic","Reactor - Adv.","Fuel - Adv.","Nuclear - Legacy",2055,"Hafnium","operation_demand","kt",0.00221683070833334
"2509","USA","100% Domestic - Adv. Nuc","100% Domestic","Reactor - Adv.","Fuel - Adv.","Nuclear - Legacy",2055,"Zirconium","operation_demand","kt",0.378483291666667
"2510","USA","100% Domestic - Adv. Nuc","100% Domestic","Reactor - Adv.","Fuel - Adv.","Nuclear - SMR - BWR",2055,"Zirconium","operation_demand","kt",0.0914841851851853
"2511","USA","100% Domestic - Adv. Nuc","100% Domestic","Reactor - Adv.","Fuel - Adv.","Nuclear - SMR - HTGR",2055,"Graphite","operation_demand","kt",136.911222222222
"2512","USA","100% Domestic - Adv. Nuc","100% Domestic","Reactor - Adv.","Fuel - Adv.","Nuclear - SMR - HTGR",2055,"Silicon carbide","operation_demand","kt",0.0273822444444444
"2513","USA","100% Domestic - Adv. Nuc","100% Domestic","Reactor - Adv.","Fuel - Adv.","Nuclear - SMR - PWR modular",2055,"Zirconium","operation_demand","kt",0.0187344148148148
"2514","USA","100% Domestic - Adv. Nuc","100% Domestic","Reactor - Adv.","Fuel - Adv.","Nuclear - Large - PWR",2060,"Hafnium","operation_demand","kt",0.00247964401111111
"2515","USA","100% Domestic - Adv. Nuc","100% Domestic","Reactor - Adv.","Fuel - Adv.","Nuclear - Large - PWR",2060,"Zirconium","operation_demand","kt",0.423353855555555
"2516","USA","100% Domestic - Adv. Nuc","100% Domestic","Reactor - Adv.","Fuel - Adv.","Nuclear - Legacy",2060,"Hafnium","operation_demand","kt",0.00172877092222222
"2517","USA","100% Domestic - Adv. Nuc","100% Domestic","Reactor - Adv.","Fuel - Adv.","Nuclear - Legacy",2060,"Zirconium","operation_demand","kt",0.295156011111111
"2518","USA","100% Domestic - Adv. Nuc","100% Domestic","Reactor - Adv.","Fuel - Adv.","Nuclear - SMR - BWR",2060,"Zirconium","operation_demand","kt",0.141213555555555
"2519","USA","100% Domestic - Adv. Nuc","100% Domestic","Reactor - Adv.","Fuel - Adv.","Nuclear - SMR - HTGR",2060,"Graphite","operation_demand","kt",200.813222222222
"2520","USA","100% Domestic - Adv. Nuc","100% Domestic","Reactor - Adv.","Fuel - Adv.","Nuclear - SMR - HTGR",2060,"Silicon carbide","operation_demand","kt",0.0401626444444444
"2521","USA","100% Domestic - Adv. Nuc","100% Domestic","Reactor - Adv.","Fuel - Adv.","Nuclear - SMR - PWR modular",2060,"Zirconium","operation_demand","kt",0.0242798055555555
"2522","USA","100% Domestic - Adv. Nuc","100% Domestic","Reactor - Adv.","Fuel - Adv.","Nuclear - Large - PWR",2065,"Hafnium","operation_demand","kt",0.00310417241111111
"2523","USA","100% Domestic - Adv. Nuc","100% Domestic","Reactor - Adv.","Fuel - Adv.","Nuclear - Large - PWR",2065,"Zirconium","operation_demand","kt",0.529980655555555
"2524","USA","100% Domestic - Adv. Nuc","100% Domestic","Reactor - Adv.","Fuel - Adv.","Nuclear - Legacy",2065,"Hafnium","operation_demand","kt",0.00098990115277778
"2525","USA","100% Domestic - Adv. Nuc","100% Domestic","Reactor - Adv.","Fuel - Adv.","Nuclear - Legacy",2065,"Zirconium","operation_demand","kt",0.169007513888889
"2526","USA","100% Domestic - Adv. Nuc","100% Domestic","Reactor - Adv.","Fuel - Adv.","Nuclear - SMR - BWR",2065,"Zirconium","operation_demand","kt",0.196168888888889
"2527","USA","100% Domestic - Adv. Nuc","100% Domestic","Reactor - Adv.","Fuel - Adv.","Nuclear - SMR - HTGR",2065,"Graphite","operation_demand","kt",279.470888888888
"2528","USA","100% Domestic - Adv. Nuc","100% Domestic","Reactor - Adv.","Fuel - Adv.","Nuclear - SMR - HTGR",2065,"Silicon carbide","operation_demand","kt",0.0558941777777776
"2529","USA","100% Domestic - Adv. Nuc","100% Domestic","Reactor - Adv.","Fuel - Adv.","Nuclear - SMR - PWR modular",2065,"Zirconium","operation_demand","kt",0.0305048351851852
"2530","USA","100% Domestic - Adv. Nuc","100% Domestic","Reactor - Adv.","Fuel - Adv.","Nuclear - Large - PWR",2070,"Hafnium","operation_demand","kt",0.00374882748333333
"2531","USA","100% Domestic - Adv. Nuc","100% Domestic","Reactor - Adv.","Fuel - Adv.","Nuclear - Large - PWR",2070,"Zirconium","operation_demand","kt",0.640043716666667
"2532","USA","100% Domestic - Adv. Nuc","100% Domestic","Reactor - Adv.","Fuel - Adv.","Nuclear - Legacy",2070,"Hafnium","operation_demand","kt",0.000191649033333333
"2533","USA","100% Domestic - Adv. Nuc","100% Domestic","Reactor - Adv.","Fuel - Adv.","Nuclear - Legacy",2070,"Zirconium","operation_demand","kt",0.0327205666666667
"2534","USA","100% Domestic - Adv. Nuc","100% Domestic","Reactor - Adv.","Fuel - Adv.","Nuclear - SMR - BWR",2070,"Zirconium","operation_demand","kt",0.246365611111111
"2535","USA","100% Domestic - Adv. Nuc","100% Domestic","Reactor - Adv.","Fuel - Adv.","Nuclear - SMR - HTGR",2070,"Graphite","operation_demand","kt",372.499111111112
"2536","USA","100% Domestic - Adv. Nuc","100% Domestic","Reactor - Adv.","Fuel - Adv.","Nuclear - SMR - HTGR",2070,"Silicon carbide","operation_demand","kt",0.0744998222222224
"2537","USA","100% Domestic - Adv. Nuc","100% Domestic","Reactor - Adv.","Fuel - Adv.","Nuclear - SMR - PWR modular",2070,"Zirconium","operation_demand","kt",0.0373536018518519
"2538","USA","100% Domestic - Adv. Nuc","100% Domestic","Reactor - Adv.","Fuel - Adv.","Nuclear - Large - PWR",2075,"Hafnium","operation_demand","kt",0.00436634283333335
"2539","USA","100% Domestic - Adv. Nuc","100% Domestic","Reactor - Adv.","Fuel - Adv.","Nuclear - Large - PWR",2075,"Zirconium","operation_demand","kt",0.745473166666669
"2540","USA","100% Domestic - Adv. Nuc","100% Domestic","Reactor - Adv.","Fuel - Adv.","Nuclear - Legacy",2075,"Hafnium","operation_demand","kt",7.49412805555555e-05
"2541","USA","100% Domestic - Adv. Nuc","100% Domestic","Reactor - Adv.","Fuel - Adv.","Nuclear - Legacy",2075,"Zirconium","operation_demand","kt",0.0127948527777778
"2542","USA","100% Domestic - Adv. Nuc","100% Domestic","Reactor - Adv.","Fuel - Adv.","Nuclear - SMR - BWR",2075,"Zirconium","operation_demand","kt",0.290942055555555
"2543","USA","100% Domestic - Adv. Nuc","100% Domestic","Reactor - Adv.","Fuel - Adv.","Nuclear - SMR - HTGR",2075,"Graphite","operation_demand","kt",475.491166666666
"2544","USA","100% Domestic - Adv. Nuc","100% Domestic","Reactor - Adv.","Fuel - Adv.","Nuclear - SMR - HTGR",2075,"Silicon carbide","operation_demand","kt",0.0950982333333332
"2545","USA","100% Domestic - Adv. Nuc","100% Domestic","Reactor - Adv.","Fuel - Adv.","Nuclear - SMR - PWR modular",2075,"Zirconium","operation_demand","kt",0.0445145240740741
"2546","USA","100% Domestic - Adv. Nuc","100% Domestic","Reactor - Adv.","Fuel - Adv.","Nuclear - Large - PWR",2080,"Hafnium","operation_demand","kt",0.00511698529722221
"2547","USA","100% Domestic - Adv. Nuc","100% Domestic","Reactor - Adv.","Fuel - Adv.","Nuclear - Large - PWR",2080,"Zirconium","operation_demand","kt",0.873631636111108
"2548","USA","100% Domestic - Adv. Nuc","100% Domestic","Reactor - Adv.","Fuel - Adv.","Nuclear - Legacy",2080,"Hafnium","operation_demand","kt",3.82438888888889e-05
"2549","USA","100% Domestic - Adv. Nuc","100% Domestic","Reactor - Adv.","Fuel - Adv.","Nuclear - Legacy",2080,"Zirconium","operation_demand","kt",0.00652944444444444
"2550","USA","100% Domestic - Adv. Nuc","100% Domestic","Reactor - Adv.","Fuel - Adv.","Nuclear - SMR - BWR",2080,"Zirconium","operation_demand","kt",0.342632314814815
"2551","USA","100% Domestic - Adv. Nuc","100% Domestic","Reactor - Adv.","Fuel - Adv.","Nuclear - SMR - HTGR",2080,"Graphite","operation_demand","kt",598.759277777778
"2552","USA","100% Domestic - Adv. Nuc","100% Domestic","Reactor - Adv.","Fuel - Adv.","Nuclear - SMR - HTGR",2080,"Silicon carbide","operation_demand","kt",0.119751855555556
"2553","USA","100% Domestic - Adv. Nuc","100% Domestic","Reactor - Adv.","Fuel - Adv.","Nuclear - SMR - PWR modular",2080,"Zirconium","operation_demand","kt",0.0540628018518519
"2554","USA","100% Domestic - Adv. Nuc","100% Domestic","Reactor - Adv.","Fuel - Adv.","Nuclear - Large - PWR",2085,"Hafnium","operation_demand","kt",0.0056544503111111
"2555","USA","100% Domestic - Adv. Nuc","100% Domestic","Reactor - Adv.","Fuel - Adv.","Nuclear - Large - PWR",2085,"Zirconium","operation_demand","kt",0.965393955555554
"2556","USA","100% Domestic - Adv. Nuc","100% Domestic","Reactor - Adv.","Fuel - Adv.","Nuclear - Legacy",2085,"Hafnium","operation_demand","kt",3.82383083333333e-05
"2557","USA","100% Domestic - Adv. Nuc","100% Domestic","Reactor - Adv.","Fuel - Adv.","Nuclear - Legacy",2085,"Zirconium","operation_demand","kt",0.00652849166666667
"2558","USA","100% Domestic - Adv. Nuc","100% Domestic","Reactor - Adv.","Fuel - Adv.","Nuclear - SMR - BWR",2085,"Zirconium","operation_demand","kt",0.378193259259259
"2559","USA","100% Domestic - Adv. Nuc","100% Domestic","Reactor - Adv.","Fuel - Adv.","Nuclear - SMR - HTGR",2085,"Graphite","operation_demand","kt",684.691944444444
"2560","USA","100% Domestic - Adv. Nuc","100% Domestic","Reactor - Adv.","Fuel - Adv.","Nuclear - SMR - HTGR",2085,"Silicon carbide","operation_demand","kt",0.136938388888889
"2561","USA","100% Domestic - Adv. Nuc","100% Domestic","Reactor - Adv.","Fuel - Adv.","Nuclear - SMR - PWR modular",2085,"Zirconium","operation_demand","kt",0.0616755925925926
"2562","USA","100% Domestic - Adv. Nuc","100% Domestic","Reactor - Adv.","Fuel - Adv.","Nuclear - Large - PWR",2090,"Hafnium","operation_demand","kt",0.00602643864166665
"2563","USA","100% Domestic - Adv. Nuc","100% Domestic","Reactor - Adv.","Fuel - Adv.","Nuclear - Large - PWR",2090,"Zirconium","operation_demand","kt",1.02890415833333
"2564","USA","100% Domestic - Adv. Nuc","100% Domestic","Reactor - Adv.","Fuel - Adv.","Nuclear - Legacy",2090,"Hafnium","operation_demand","kt",3.82254388888889e-05
"2565","USA","100% Domestic - Adv. Nuc","100% Domestic","Reactor - Adv.","Fuel - Adv.","Nuclear - Legacy",2090,"Zirconium","operation_demand","kt",0.00652629444444445
"2566","USA","100% Domestic - Adv. Nuc","100% Domestic","Reactor - Adv.","Fuel - Adv.","Nuclear - SMR - BWR",2090,"Zirconium","operation_demand","kt",0.405356703703704
"2567","USA","100% Domestic - Adv. Nuc","100% Domestic","Reactor - Adv.","Fuel - Adv.","Nuclear - SMR - HTGR",2090,"Graphite","operation_demand","kt",751.2905
"2568","USA","100% Domestic - Adv. Nuc","100% Domestic","Reactor - Adv.","Fuel - Adv.","Nuclear - SMR - HTGR",2090,"Silicon carbide","operation_demand","kt",0.1502581
"2569","USA","100% Domestic - Adv. Nuc","100% Domestic","Reactor - Adv.","Fuel - Adv.","Nuclear - SMR - PWR modular",2090,"Zirconium","operation_demand","kt",0.068120601851852
"2570","USA","100% Domestic - Adv. Nuc","100% Domestic","Reactor - Adv.","Fuel - Adv.","Nuclear - Large - PWR",2095,"Hafnium","operation_demand","kt",0.0063938076388889
"2571","USA","100% Domestic - Adv. Nuc","100% Domestic","Reactor - Adv.","Fuel - Adv.","Nuclear - Large - PWR",2095,"Zirconium","operation_demand","kt",1.09162569444445
"2572","USA","100% Domestic - Adv. Nuc","100% Domestic","Reactor - Adv.","Fuel - Adv.","Nuclear - Legacy",2095,"Hafnium","operation_demand","kt",3.82083555555555e-05
"2573","USA","100% Domestic - Adv. Nuc","100% Domestic","Reactor - Adv.","Fuel - Adv.","Nuclear - Legacy",2095,"Zirconium","operation_demand","kt",0.00652337777777778
"2574","USA","100% Domestic - Adv. Nuc","100% Domestic","Reactor - Adv.","Fuel - Adv.","Nuclear - SMR - BWR",2095,"Zirconium","operation_demand","kt",0.431722388888889
"2575","USA","100% Domestic - Adv. Nuc","100% Domestic","Reactor - Adv.","Fuel - Adv.","Nuclear - SMR - HTGR",2095,"Graphite","operation_demand","kt",816.767555555556
"2576","USA","100% Domestic - Adv. Nuc","100% Domestic","Reactor - Adv.","Fuel - Adv.","Nuclear - SMR - HTGR",2095,"Silicon carbide","operation_demand","kt",0.163353511111111
"2577","USA","100% Domestic - Adv. Nuc","100% Domestic","Reactor - Adv.","Fuel - Adv.","Nuclear - SMR - PWR modular",2095,"Zirconium","operation_demand","kt",0.0737347407407407
"2578","USA","100% Domestic - Adv. Nuc","100% Domestic","Reactor - Adv.","Fuel - Adv.","Nuclear - Large - PWR",2100,"Hafnium","operation_demand","kt",0.00661390816666665
"2579","USA","100% Domestic - Adv. Nuc","100% Domestic","Reactor - Adv.","Fuel - Adv.","Nuclear - Large - PWR",2100,"Zirconium","operation_demand","kt",1.12920383333333
"2580","USA","100% Domestic - Adv. Nuc","100% Domestic","Reactor - Adv.","Fuel - Adv.","Nuclear - SMR - BWR",2100,"Zirconium","operation_demand","kt",0.453181129629629
"2581","USA","100% Domestic - Adv. Nuc","100% Domestic","Reactor - Adv.","Fuel - Adv.","Nuclear - SMR - HTGR",2100,"Graphite","operation_demand","kt",873.668888888888
"2582","USA","100% Domestic - Adv. Nuc","100% Domestic","Reactor - Adv.","Fuel - Adv.","Nuclear - SMR - HTGR",2100,"Silicon carbide","operation_demand","kt",0.174733777777778
"2583","USA","100% Domestic - Adv. Nuc","100% Domestic","Reactor - Adv.","Fuel - Adv.","Nuclear - SMR - PWR modular",2100,"Zirconium","operation_demand","kt",0.0785218148148147
"2584","USA","100% Domestic - Adv. Reactor","100% Domestic","Reactor - Adv.","Fuel - Mod.","Nuclear - Legacy",2021,"Hafnium","operation_demand","kt",0.00332736853
"2585","USA","100% Domestic - Adv. Reactor","100% Domestic","Reactor - Adv.","Fuel - Mod.","Nuclear - Legacy",2021,"Zirconium","operation_demand","kt",0.56808731
"2586","USA","100% Domestic - Adv. Reactor","100% Domestic","Reactor - Adv.","Fuel - Mod.","Nuclear - Large - PWR",2025,"Hafnium","operation_demand","kt",7.51666666666665e-05
"2587","USA","100% Domestic - Adv. Reactor","100% Domestic","Reactor - Adv.","Fuel - Mod.","Nuclear - Large - PWR",2025,"Zirconium","operation_demand","kt",0.0128333333333333
"2588","USA","100% Domestic - Adv. Reactor","100% Domestic","Reactor - Adv.","Fuel - Mod.","Nuclear - Legacy",2025,"Hafnium","operation_demand","kt",0.00331470980277778
"2589","USA","100% Domestic - Adv. Reactor","100% Domestic","Reactor - Adv.","Fuel - Mod.","Nuclear - Legacy",2025,"Zirconium","operation_demand","kt",0.565926063888889
"2590","USA","100% Domestic - Adv. Reactor","100% Domestic","Reactor - Adv.","Fuel - Mod.","Nuclear - Large - PWR",2030,"Hafnium","operation_demand","kt",0.000127506013888889
"2591","USA","100% Domestic - Adv. Reactor","100% Domestic","Reactor - Adv.","Fuel - Mod.","Nuclear - Large - PWR",2030,"Zirconium","operation_demand","kt",0.0217693194444445
"2592","USA","100% Domestic - Adv. Reactor","100% Domestic","Reactor - Adv.","Fuel - Mod.","Nuclear - Legacy",2030,"Hafnium","operation_demand","kt",0.00331422235833333
"2593","USA","100% Domestic - Adv. Reactor","100% Domestic","Reactor - Adv.","Fuel - Mod.","Nuclear - Legacy",2030,"Zirconium","operation_demand","kt",0.565842841666667
"2594","USA","100% Domestic - Adv. Reactor","100% Domestic","Reactor - Adv.","Fuel - Mod.","Nuclear - Large - PWR",2035,"Hafnium","operation_demand","kt",0.000215201711111111
"2595","USA","100% Domestic - Adv. Reactor","100% Domestic","Reactor - Adv.","Fuel - Mod.","Nuclear - Large - PWR",2035,"Zirconium","operation_demand","kt",0.0367417555555555
"2596","USA","100% Domestic - Adv. Reactor","100% Domestic","Reactor - Adv.","Fuel - Mod.","Nuclear - Legacy",2035,"Hafnium","operation_demand","kt",0.00322885090555555
"2597","USA","100% Domestic - Adv. Reactor","100% Domestic","Reactor - Adv.","Fuel - Mod.","Nuclear - Legacy",2035,"Zirconium","operation_demand","kt",0.551267227777778
"2598","USA","100% Domestic - Adv. Reactor","100% Domestic","Reactor - Adv.","Fuel - Mod.","Nuclear - SMR - BWR",2035,"Zirconium","operation_demand","kt",0.00221972222222222
"2599","USA","100% Domestic - Adv. Reactor","100% Domestic","Reactor - Adv.","Fuel - Mod.","Nuclear - SMR - HTGR",2035,"Graphite","operation_demand","kt",5.53736111111112
"2600","USA","100% Domestic - Adv. Reactor","100% Domestic","Reactor - Adv.","Fuel - Mod.","Nuclear - SMR - HTGR",2035,"Silicon carbide","operation_demand","kt",0.00110747222222222
"2601","USA","100% Domestic - Adv. Reactor","100% Domestic","Reactor - Adv.","Fuel - Mod.","Nuclear - SMR - PWR modular",2035,"Zirconium","operation_demand","kt",0.00163891851851852
"2602","USA","100% Domestic - Adv. Reactor","100% Domestic","Reactor - Adv.","Fuel - Mod.","Nuclear - Large - PWR",2040,"Hafnium","operation_demand","kt",0.000397653533333333
"2603","USA","100% Domestic - Adv. Reactor","100% Domestic","Reactor - Adv.","Fuel - Mod.","Nuclear - Large - PWR",2040,"Zirconium","operation_demand","kt",0.0678920666666667
"2604","USA","100% Domestic - Adv. Reactor","100% Domestic","Reactor - Adv.","Fuel - Mod.","Nuclear - Legacy",2040,"Hafnium","operation_demand","kt",0.00322046560833333
"2605","USA","100% Domestic - Adv. Reactor","100% Domestic","Reactor - Adv.","Fuel - Mod.","Nuclear - Legacy",2040,"Zirconium","operation_demand","kt",0.549835591666667
"2606","USA","100% Domestic - Adv. Reactor","100% Domestic","Reactor - Adv.","Fuel - Mod.","Nuclear - SMR - BWR",2040,"Zirconium","operation_demand","kt",0.00696825925925927
"2607","USA","100% Domestic - Adv. Reactor","100% Domestic","Reactor - Adv.","Fuel - Mod.","Nuclear - SMR - HTGR",2040,"Graphite","operation_demand","kt",14.5028944444444
"2608","USA","100% Domestic - Adv. Reactor","100% Domestic","Reactor - Adv.","Fuel - Mod.","Nuclear - SMR - HTGR",2040,"Silicon carbide","operation_demand","kt",0.00290057888888889
"2609","USA","100% Domestic - Adv. Reactor","100% Domestic","Reactor - Adv.","Fuel - Mod.","Nuclear - SMR - PWR modular",2040,"Zirconium","operation_demand","kt",0.00390614074074074
"2610","USA","100% Domestic - Adv. Reactor","100% Domestic","Reactor - Adv.","Fuel - Mod.","Nuclear - Large - PWR",2045,"Hafnium","operation_demand","kt",0.00061353026388889
"2611","USA","100% Domestic - Adv. Reactor","100% Domestic","Reactor - Adv.","Fuel - Mod.","Nuclear - Large - PWR",2045,"Zirconium","operation_demand","kt",0.104749069444445
"2612","USA","100% Domestic - Adv. Reactor","100% Domestic","Reactor - Adv.","Fuel - Mod.","Nuclear - Legacy",2045,"Hafnium","operation_demand","kt",0.00321196938333333
"2613","USA","100% Domestic - Adv. Reactor","100% Domestic","Reactor - Adv.","Fuel - Mod.","Nuclear - Legacy",2045,"Zirconium","operation_demand","kt",0.548385016666667
"2614","USA","100% Domestic - Adv. Reactor","100% Domestic","Reactor - Adv.","Fuel - Mod.","Nuclear - SMR - BWR",2045,"Zirconium","operation_demand","kt",0.0164628888888889
"2615","USA","100% Domestic - Adv. Reactor","100% Domestic","Reactor - Adv.","Fuel - Mod.","Nuclear - SMR - HTGR",2045,"Graphite","operation_demand","kt",29.2653722222222
"2616","USA","100% Domestic - Adv. Reactor","100% Domestic","Reactor - Adv.","Fuel - Mod.","Nuclear - SMR - HTGR",2045,"Silicon carbide","operation_demand","kt",0.00585307444444444
"2617","USA","100% Domestic - Adv. Reactor","100% Domestic","Reactor - Adv.","Fuel - Mod.","Nuclear - SMR - PWR modular",2045,"Zirconium","operation_demand","kt",0.00605167592592592
"2618","USA","100% Domestic - Adv. Reactor","100% Domestic","Reactor - Adv.","Fuel - Mod.","Nuclear - Large - PWR",2050,"Hafnium","operation_demand","kt",0.00101769539444444
"2619","USA","100% Domestic - Adv. Reactor","100% Domestic","Reactor - Adv.","Fuel - Mod.","Nuclear - Large - PWR",2050,"Zirconium","operation_demand","kt",0.173752872222222
"2620","USA","100% Domestic - Adv. Reactor","100% Domestic","Reactor - Adv.","Fuel - Mod.","Nuclear - Legacy",2050,"Hafnium","operation_demand","kt",0.00309083260555556
"2621","USA","100% Domestic - Adv. Reactor","100% Domestic","Reactor - Adv.","Fuel - Mod.","Nuclear - Legacy",2050,"Zirconium","operation_demand","kt",0.527703127777778
"2622","USA","100% Domestic - Adv. Reactor","100% Domestic","Reactor - Adv.","Fuel - Mod.","Nuclear - SMR - BWR",2050,"Zirconium","operation_demand","kt",0.0423389074074074
"2623","USA","100% Domestic - Adv. Reactor","100% Domestic","Reactor - Adv.","Fuel - Mod.","Nuclear - SMR - HTGR",2050,"Graphite","operation_demand","kt",64.2105777777778
"2624","USA","100% Domestic - Adv. Reactor","100% Domestic","Reactor - Adv.","Fuel - Mod.","Nuclear - SMR - HTGR",2050,"Silicon carbide","operation_demand","kt",0.0128421155555556
"2625","USA","100% Domestic - Adv. Reactor","100% Domestic","Reactor - Adv.","Fuel - Mod.","Nuclear - SMR - PWR modular",2050,"Zirconium","operation_demand","kt",0.0099622722222222
"2626","USA","100% Domestic - Adv. Reactor","100% Domestic","Reactor - Adv.","Fuel - Mod.","Nuclear - Large - PWR",2055,"Hafnium","operation_demand","kt",0.00141578478055556
"2627","USA","100% Domestic - Adv. Reactor","100% Domestic","Reactor - Adv.","Fuel - Mod.","Nuclear - Large - PWR",2055,"Zirconium","operation_demand","kt",0.241719352777778
"2628","USA","100% Domestic - Adv. Reactor","100% Domestic","Reactor - Adv.","Fuel - Mod.","Nuclear - Legacy",2055,"Hafnium","operation_demand","kt",0.00219782265277778
"2629","USA","100% Domestic - Adv. Reactor","100% Domestic","Reactor - Adv.","Fuel - Mod.","Nuclear - Legacy",2055,"Zirconium","operation_demand","kt",0.375238013888889
"2630","USA","100% Domestic - Adv. Reactor","100% Domestic","Reactor - Adv.","Fuel - Mod.","Nuclear - SMR - BWR",2055,"Zirconium","operation_demand","kt",0.078099
"2631","USA","100% Domestic - Adv. Reactor","100% Domestic","Reactor - Adv.","Fuel - Mod.","Nuclear - SMR - HTGR",2055,"Graphite","operation_demand","kt",107.024961111111
"2632","USA","100% Domestic - Adv. Reactor","100% Domestic","Reactor - Adv.","Fuel - Mod.","Nuclear - SMR - HTGR",2055,"Silicon carbide","operation_demand","kt",0.0214049922222222
"2633","USA","100% Domestic - Adv. Reactor","100% Domestic","Reactor - Adv.","Fuel - Mod.","Nuclear - SMR - PWR modular",2055,"Zirconium","operation_demand","kt",0.0137640592592593
"2634","USA","100% Domestic - Adv. Reactor","100% Domestic","Reactor - Adv.","Fuel - Mod.","Nuclear - Large - PWR",2060,"Hafnium","operation_demand","kt",0.00178241361388889
"2635","USA","100% Domestic - Adv. Reactor","100% Domestic","Reactor - Adv.","Fuel - Mod.","Nuclear - Large - PWR",2060,"Zirconium","operation_demand","kt",0.304314519444445
"2636","USA","100% Domestic - Adv. Reactor","100% Domestic","Reactor - Adv.","Fuel - Mod.","Nuclear - Legacy",2060,"Hafnium","operation_demand","kt",0.00171060735277778
"2637","USA","100% Domestic - Adv. Reactor","100% Domestic","Reactor - Adv.","Fuel - Mod.","Nuclear - Legacy",2060,"Zirconium","operation_demand","kt",0.292054913888889
"2638","USA","100% Domestic - Adv. Reactor","100% Domestic","Reactor - Adv.","Fuel - Mod.","Nuclear - SMR - BWR",2060,"Zirconium","operation_demand","kt",0.118513407407407
"2639","USA","100% Domestic - Adv. Reactor","100% Domestic","Reactor - Adv.","Fuel - Mod.","Nuclear - SMR - HTGR",2060,"Graphite","operation_demand","kt",152.422072222222
"2640","USA","100% Domestic - Adv. Reactor","100% Domestic","Reactor - Adv.","Fuel - Mod.","Nuclear - SMR - HTGR",2060,"Silicon carbide","operation_demand","kt",0.0304844144444444
"2641","USA","100% Domestic - Adv. Reactor","100% Domestic","Reactor - Adv.","Fuel - Mod.","Nuclear - SMR - PWR modular",2060,"Zirconium","operation_demand","kt",0.0172569888888889
"2642","USA","100% Domestic - Adv. Reactor","100% Domestic","Reactor - Adv.","Fuel - Mod.","Nuclear - Large - PWR",2065,"Hafnium","operation_demand","kt",0.00219224209722222
"2643","USA","100% Domestic - Adv. Reactor","100% Domestic","Reactor - Adv.","Fuel - Mod.","Nuclear - Large - PWR",2065,"Zirconium","operation_demand","kt",0.374285236111111
"2644","USA","100% Domestic - Adv. Reactor","100% Domestic","Reactor - Adv.","Fuel - Mod.","Nuclear - Legacy",2065,"Hafnium","operation_demand","kt",0.00097866977222222
"2645","USA","100% Domestic - Adv. Reactor","100% Domestic","Reactor - Adv.","Fuel - Mod.","Nuclear - Legacy",2065,"Zirconium","operation_demand","kt",0.167089961111111
"2646","USA","100% Domestic - Adv. Reactor","100% Domestic","Reactor - Adv.","Fuel - Mod.","Nuclear - SMR - BWR",2065,"Zirconium","operation_demand","kt",0.168727370370371
"2647","USA","100% Domestic - Adv. Reactor","100% Domestic","Reactor - Adv.","Fuel - Mod.","Nuclear - SMR - HTGR",2065,"Graphite","operation_demand","kt",207.1274
"2648","USA","100% Domestic - Adv. Reactor","100% Domestic","Reactor - Adv.","Fuel - Mod.","Nuclear - SMR - HTGR",2065,"Silicon carbide","operation_demand","kt",0.04142548
"2649","USA","100% Domestic - Adv. Reactor","100% Domestic","Reactor - Adv.","Fuel - Mod.","Nuclear - SMR - PWR modular",2065,"Zirconium","operation_demand","kt",0.0211775759259259
"2650","USA","100% Domestic - Adv. Reactor","100% Domestic","Reactor - Adv.","Fuel - Mod.","Nuclear - Large - PWR",2070,"Hafnium","operation_demand","kt",0.00262516269166667
"2651","USA","100% Domestic - Adv. Reactor","100% Domestic","Reactor - Adv.","Fuel - Mod.","Nuclear - Large - PWR",2070,"Zirconium","operation_demand","kt",0.448198508333333
"2652","USA","100% Domestic - Adv. Reactor","100% Domestic","Reactor - Adv.","Fuel - Mod.","Nuclear - Legacy",2070,"Hafnium","operation_demand","kt",0.000189474894444445
"2653","USA","100% Domestic - Adv. Reactor","100% Domestic","Reactor - Adv.","Fuel - Mod.","Nuclear - Legacy",2070,"Zirconium","operation_demand","kt",0.0323493722222222
"2654","USA","100% Domestic - Adv. Reactor","100% Domestic","Reactor - Adv.","Fuel - Mod.","Nuclear - SMR - BWR",2070,"Zirconium","operation_demand","kt",0.215961703703704
"2655","USA","100% Domestic - Adv. Reactor","100% Domestic","Reactor - Adv.","Fuel - Mod.","Nuclear - SMR - HTGR",2070,"Graphite","operation_demand","kt",270.440466666666
"2656","USA","100% Domestic - Adv. Reactor","100% Domestic","Reactor - Adv.","Fuel - Mod.","Nuclear - SMR - HTGR",2070,"Silicon carbide","operation_demand","kt",0.0540880933333332
"2657","USA","100% Domestic - Adv. Reactor","100% Domestic","Reactor - Adv.","Fuel - Mod.","Nuclear - SMR - PWR modular",2070,"Zirconium","operation_demand","kt",0.0254922796296296
"2658","USA","100% Domestic - Adv. Reactor","100% Domestic","Reactor - Adv.","Fuel - Mod.","Nuclear - Large - PWR",2075,"Hafnium","operation_demand","kt",0.00306595927222222
"2659","USA","100% Domestic - Adv. Reactor","100% Domestic","Reactor - Adv.","Fuel - Mod.","Nuclear - Large - PWR",2075,"Zirconium","operation_demand","kt",0.523456461111111
"2660","USA","100% Domestic - Adv. Reactor","100% Domestic","Reactor - Adv.","Fuel - Mod.","Nuclear - Legacy",2075,"Hafnium","operation_demand","kt",7.4135061111111e-05
"2661","USA","100% Domestic - Adv. Reactor","100% Domestic","Reactor - Adv.","Fuel - Mod.","Nuclear - Legacy",2075,"Zirconium","operation_demand","kt",0.0126572055555555
"2662","USA","100% Domestic - Adv. Reactor","100% Domestic","Reactor - Adv.","Fuel - Mod.","Nuclear - SMR - BWR",2075,"Zirconium","operation_demand","kt",0.259265259259259
"2663","USA","100% Domestic - Adv. Reactor","100% Domestic","Reactor - Adv.","Fuel - Mod.","Nuclear - SMR - HTGR",2075,"Graphite","operation_demand","kt",339.640555555556
"2664","USA","100% Domestic - Adv. Reactor","100% Domestic","Reactor - Adv.","Fuel - Mod.","Nuclear - SMR - HTGR",2075,"Silicon carbide","operation_demand","kt",0.0679281111111112
"2665","USA","100% Domestic - Adv. Reactor","100% Domestic","Reactor - Adv.","Fuel - Mod.","Nuclear - SMR - PWR modular",2075,"Zirconium","operation_demand","kt",0.0300552833333333
"2666","USA","100% Domestic - Adv. Reactor","100% Domestic","Reactor - Adv.","Fuel - Mod.","Nuclear - Large - PWR",2080,"Hafnium","operation_demand","kt",0.00362416891944445
"2667","USA","100% Domestic - Adv. Reactor","100% Domestic","Reactor - Adv.","Fuel - Mod.","Nuclear - Large - PWR",2080,"Zirconium","operation_demand","kt",0.618760547222222
"2668","USA","100% Domestic - Adv. Reactor","100% Domestic","Reactor - Adv.","Fuel - Mod.","Nuclear - Legacy",2080,"Hafnium","operation_demand","kt",3.78559833333333e-05
"2669","USA","100% Domestic - Adv. Reactor","100% Domestic","Reactor - Adv.","Fuel - Mod.","Nuclear - Legacy",2080,"Zirconium","operation_demand","kt",0.00646321666666667
"2670","USA","100% Domestic - Adv. Reactor","100% Domestic","Reactor - Adv.","Fuel - Mod.","Nuclear - SMR - BWR",2080,"Zirconium","operation_demand","kt",0.310516129629629
"2671","USA","100% Domestic - Adv. Reactor","100% Domestic","Reactor - Adv.","Fuel - Mod.","Nuclear - SMR - HTGR",2080,"Graphite","operation_demand","kt",434.413533333334
"2672","USA","100% Domestic - Adv. Reactor","100% Domestic","Reactor - Adv.","Fuel - Mod.","Nuclear - SMR - HTGR",2080,"Silicon carbide","operation_demand","kt",0.0868827066666668
"2673","USA","100% Domestic - Adv. Reactor","100% Domestic","Reactor - Adv.","Fuel - Mod.","Nuclear - SMR - PWR modular",2080,"Zirconium","operation_demand","kt",0.0361603925925926
"2674","USA","100% Domestic - Adv. Reactor","100% Domestic","Reactor - Adv.","Fuel - Mod.","Nuclear - Large - PWR",2085,"Hafnium","operation_demand","kt",0.00402430933055556
"2675","USA","100% Domestic - Adv. Reactor","100% Domestic","Reactor - Adv.","Fuel - Mod.","Nuclear - Large - PWR",2085,"Zirconium","operation_demand","kt",0.687077202777778
"2676","USA","100% Domestic - Adv. Reactor","100% Domestic","Reactor - Adv.","Fuel - Mod.","Nuclear - Legacy",2085,"Hafnium","operation_demand","kt",3.78416333333333e-05
"2677","USA","100% Domestic - Adv. Reactor","100% Domestic","Reactor - Adv.","Fuel - Mod.","Nuclear - Legacy",2085,"Zirconium","operation_demand","kt",0.00646076666666667
"2678","USA","100% Domestic - Adv. Reactor","100% Domestic","Reactor - Adv.","Fuel - Mod.","Nuclear - SMR - BWR",2085,"Zirconium","operation_demand","kt",0.346699277777778
"2679","USA","100% Domestic - Adv. Reactor","100% Domestic","Reactor - Adv.","Fuel - Mod.","Nuclear - SMR - HTGR",2085,"Graphite","operation_demand","kt",505.837716666666
"2680","USA","100% Domestic - Adv. Reactor","100% Domestic","Reactor - Adv.","Fuel - Mod.","Nuclear - SMR - HTGR",2085,"Silicon carbide","operation_demand","kt",0.101167543333333
"2681","USA","100% Domestic - Adv. Reactor","100% Domestic","Reactor - Adv.","Fuel - Mod.","Nuclear - SMR - PWR modular",2085,"Zirconium","operation_demand","kt",0.0409752870370371
"2682","USA","100% Domestic - Adv. Reactor","100% Domestic","Reactor - Adv.","Fuel - Mod.","Nuclear - Large - PWR",2090,"Hafnium","operation_demand","kt",0.0042956706777778
"2683","USA","100% Domestic - Adv. Reactor","100% Domestic","Reactor - Adv.","Fuel - Mod.","Nuclear - Large - PWR",2090,"Zirconium","operation_demand","kt",0.733407188888892
"2684","USA","100% Domestic - Adv. Reactor","100% Domestic","Reactor - Adv.","Fuel - Mod.","Nuclear - Legacy",2090,"Hafnium","operation_demand","kt",3.77980138888889e-05
"2685","USA","100% Domestic - Adv. Reactor","100% Domestic","Reactor - Adv.","Fuel - Mod.","Nuclear - Legacy",2090,"Zirconium","operation_demand","kt",0.00645331944444445
"2686","USA","100% Domestic - Adv. Reactor","100% Domestic","Reactor - Adv.","Fuel - Mod.","Nuclear - SMR - BWR",2090,"Zirconium","operation_demand","kt",0.375591074074074
"2687","USA","100% Domestic - Adv. Reactor","100% Domestic","Reactor - Adv.","Fuel - Mod.","Nuclear - SMR - HTGR",2090,"Graphite","operation_demand","kt",562.824238888888
"2688","USA","100% Domestic - Adv. Reactor","100% Domestic","Reactor - Adv.","Fuel - Mod.","Nuclear - SMR - HTGR",2090,"Silicon carbide","operation_demand","kt",0.112564847777778
"2689","USA","100% Domestic - Adv. Reactor","100% Domestic","Reactor - Adv.","Fuel - Mod.","Nuclear - SMR - PWR modular",2090,"Zirconium","operation_demand","kt",0.0451465370370371
"2690","USA","100% Domestic - Adv. Reactor","100% Domestic","Reactor - Adv.","Fuel - Mod.","Nuclear - Large - PWR",2095,"Hafnium","operation_demand","kt",0.00456576683333335
"2691","USA","100% Domestic - Adv. Reactor","100% Domestic","Reactor - Adv.","Fuel - Mod.","Nuclear - Large - PWR",2095,"Zirconium","operation_demand","kt",0.779521166666669
"2692","USA","100% Domestic - Adv. Reactor","100% Domestic","Reactor - Adv.","Fuel - Mod.","Nuclear - Legacy",2095,"Hafnium","operation_demand","kt",3.77338944444445e-05
"2693","USA","100% Domestic - Adv. Reactor","100% Domestic","Reactor - Adv.","Fuel - Mod.","Nuclear - Legacy",2095,"Zirconium","operation_demand","kt",0.00644237222222222
"2694","USA","100% Domestic - Adv. Reactor","100% Domestic","Reactor - Adv.","Fuel - Mod.","Nuclear - SMR - BWR",2095,"Zirconium","operation_demand","kt",0.404729185185185
"2695","USA","100% Domestic - Adv. Reactor","100% Domestic","Reactor - Adv.","Fuel - Mod.","Nuclear - SMR - HTGR",2095,"Graphite","operation_demand","kt",619.276111111112
"2696","USA","100% Domestic - Adv. Reactor","100% Domestic","Reactor - Adv.","Fuel - Mod.","Nuclear - SMR - HTGR",2095,"Silicon carbide","operation_demand","kt",0.123855222222222
"2697","USA","100% Domestic - Adv. Reactor","100% Domestic","Reactor - Adv.","Fuel - Mod.","Nuclear - SMR - PWR modular",2095,"Zirconium","operation_demand","kt",0.0484250925925926
"2698","USA","100% Domestic - Adv. Reactor","100% Domestic","Reactor - Adv.","Fuel - Mod.","Nuclear - Large - PWR",2100,"Hafnium","operation_demand","kt",0.0047206181388889
"2699","USA","100% Domestic - Adv. Reactor","100% Domestic","Reactor - Adv.","Fuel - Mod.","Nuclear - Large - PWR",2100,"Zirconium","operation_demand","kt",0.805959194444446
"2700","USA","100% Domestic - Adv. Reactor","100% Domestic","Reactor - Adv.","Fuel - Mod.","Nuclear - SMR - BWR",2100,"Zirconium","operation_demand","kt",0.428887629629629
"2701","USA","100% Domestic - Adv. Reactor","100% Domestic","Reactor - Adv.","Fuel - Mod.","Nuclear - SMR - HTGR",2100,"Graphite","operation_demand","kt",667.432722222222
"2702","USA","100% Domestic - Adv. Reactor","100% Domestic","Reactor - Adv.","Fuel - Mod.","Nuclear - SMR - HTGR",2100,"Silicon carbide","operation_demand","kt",0.133486544444444
"2703","USA","100% Domestic - Adv. Reactor","100% Domestic","Reactor - Adv.","Fuel - Mod.","Nuclear - SMR - PWR modular",2100,"Zirconium","operation_demand","kt",0.0510354814814815
"2704","USA","100% Domestic - Expensive U","100% Domestic","Reactor - Mod.","Fuel - Cons.","Nuclear - Legacy",2021,"Hafnium","operation_demand","kt",0.00332736853
"2705","USA","100% Domestic - Expensive U","100% Domestic","Reactor - Mod.","Fuel - Cons.","Nuclear - Legacy",2021,"Zirconium","operation_demand","kt",0.56808731
"2706","USA","100% Domestic - Expensive U","100% Domestic","Reactor - Mod.","Fuel - Cons.","Nuclear - Large - PWR",2025,"Hafnium","operation_demand","kt",7.51666666666665e-05
"2707","USA","100% Domestic - Expensive U","100% Domestic","Reactor - Mod.","Fuel - Cons.","Nuclear - Large - PWR",2025,"Zirconium","operation_demand","kt",0.0128333333333333
"2708","USA","100% Domestic - Expensive U","100% Domestic","Reactor - Mod.","Fuel - Cons.","Nuclear - Legacy",2025,"Hafnium","operation_demand","kt",0.00331396314722222
"2709","USA","100% Domestic - Expensive U","100% Domestic","Reactor - Mod.","Fuel - Cons.","Nuclear - Legacy",2025,"Zirconium","operation_demand","kt",0.565798586111111
"2710","USA","100% Domestic - Expensive U","100% Domestic","Reactor - Mod.","Fuel - Cons.","Nuclear - Large - PWR",2030,"Hafnium","operation_demand","kt",0.000125126419444444
"2711","USA","100% Domestic - Expensive U","100% Domestic","Reactor - Mod.","Fuel - Cons.","Nuclear - Large - PWR",2030,"Zirconium","operation_demand","kt",0.0213630472222222
"2712","USA","100% Domestic - Expensive U","100% Domestic","Reactor - Mod.","Fuel - Cons.","Nuclear - Legacy",2030,"Hafnium","operation_demand","kt",0.003313299175
"2713","USA","100% Domestic - Expensive U","100% Domestic","Reactor - Mod.","Fuel - Cons.","Nuclear - Legacy",2030,"Zirconium","operation_demand","kt",0.565685225
"2714","USA","100% Domestic - Expensive U","100% Domestic","Reactor - Mod.","Fuel - Cons.","Nuclear - Large - PWR",2035,"Hafnium","operation_demand","kt",0.000200388525
"2715","USA","100% Domestic - Expensive U","100% Domestic","Reactor - Mod.","Fuel - Cons.","Nuclear - Large - PWR",2035,"Zirconium","operation_demand","kt",0.034212675
"2716","USA","100% Domestic - Expensive U","100% Domestic","Reactor - Mod.","Fuel - Cons.","Nuclear - Legacy",2035,"Hafnium","operation_demand","kt",0.00322364914444445
"2717","USA","100% Domestic - Expensive U","100% Domestic","Reactor - Mod.","Fuel - Cons.","Nuclear - Legacy",2035,"Zirconium","operation_demand","kt",0.550379122222222
"2718","USA","100% Domestic - Expensive U","100% Domestic","Reactor - Mod.","Fuel - Cons.","Nuclear - SMR - BWR",2035,"Zirconium","operation_demand","kt",0.00223972222222222
"2719","USA","100% Domestic - Expensive U","100% Domestic","Reactor - Mod.","Fuel - Cons.","Nuclear - SMR - HTGR",2035,"Graphite","operation_demand","kt",4.99535
"2720","USA","100% Domestic - Expensive U","100% Domestic","Reactor - Mod.","Fuel - Cons.","Nuclear - SMR - HTGR",2035,"Silicon carbide","operation_demand","kt",0.00099907
"2721","USA","100% Domestic - Expensive U","100% Domestic","Reactor - Mod.","Fuel - Cons.","Nuclear - SMR - PWR modular",2035,"Zirconium","operation_demand","kt",0.00154751111111111
"2722","USA","100% Domestic - Expensive U","100% Domestic","Reactor - Mod.","Fuel - Cons.","Nuclear - Large - PWR",2040,"Hafnium","operation_demand","kt",0.000325089341666667
"2723","USA","100% Domestic - Expensive U","100% Domestic","Reactor - Mod.","Fuel - Cons.","Nuclear - Large - PWR",2040,"Zirconium","operation_demand","kt",0.0555030583333333
"2724","USA","100% Domestic - Expensive U","100% Domestic","Reactor - Mod.","Fuel - Cons.","Nuclear - Legacy",2040,"Hafnium","operation_demand","kt",0.00319831228333333
"2725","USA","100% Domestic - Expensive U","100% Domestic","Reactor - Mod.","Fuel - Cons.","Nuclear - Legacy",2040,"Zirconium","operation_demand","kt",0.546053316666667
"2726","USA","100% Domestic - Expensive U","100% Domestic","Reactor - Mod.","Fuel - Cons.","Nuclear - SMR - BWR",2040,"Zirconium","operation_demand","kt",0.00640798148148148
"2727","USA","100% Domestic - Expensive U","100% Domestic","Reactor - Mod.","Fuel - Cons.","Nuclear - SMR - HTGR",2040,"Graphite","operation_demand","kt",12.4228333333333
"2728","USA","100% Domestic - Expensive U","100% Domestic","Reactor - Mod.","Fuel - Cons.","Nuclear - SMR - HTGR",2040,"Silicon carbide","operation_demand","kt",0.00248456666666667
"2729","USA","100% Domestic - Expensive U","100% Domestic","Reactor - Mod.","Fuel - Cons.","Nuclear - SMR - PWR modular",2040,"Zirconium","operation_demand","kt",0.00353342777777778
"2730","USA","100% Domestic - Expensive U","100% Domestic","Reactor - Mod.","Fuel - Cons.","Nuclear - Large - PWR",2045,"Hafnium","operation_demand","kt",0.000451413758333335
"2731","USA","100% Domestic - Expensive U","100% Domestic","Reactor - Mod.","Fuel - Cons.","Nuclear - Large - PWR",2045,"Zirconium","operation_demand","kt",0.0770706416666669
"2732","USA","100% Domestic - Expensive U","100% Domestic","Reactor - Mod.","Fuel - Cons.","Nuclear - Legacy",2045,"Hafnium","operation_demand","kt",0.00317234345277778
"2733","USA","100% Domestic - Expensive U","100% Domestic","Reactor - Mod.","Fuel - Cons.","Nuclear - Legacy",2045,"Zirconium","operation_demand","kt",0.541619613888889
"2734","USA","100% Domestic - Expensive U","100% Domestic","Reactor - Mod.","Fuel - Cons.","Nuclear - SMR - BWR",2045,"Zirconium","operation_demand","kt",0.0125734814814815
"2735","USA","100% Domestic - Expensive U","100% Domestic","Reactor - Mod.","Fuel - Cons.","Nuclear - SMR - HTGR",2045,"Graphite","operation_demand","kt",22.1817277777778
"2736","USA","100% Domestic - Expensive U","100% Domestic","Reactor - Mod.","Fuel - Cons.","Nuclear - SMR - HTGR",2045,"Silicon carbide","operation_demand","kt",0.00443634555555556
"2737","USA","100% Domestic - Expensive U","100% Domestic","Reactor - Mod.","Fuel - Cons.","Nuclear - SMR - PWR modular",2045,"Zirconium","operation_demand","kt",0.00526049074074074
"2738","USA","100% Domestic - Expensive U","100% Domestic","Reactor - Mod.","Fuel - Cons.","Nuclear - Large - PWR",2050,"Hafnium","operation_demand","kt",0.000670695994444445
"2739","USA","100% Domestic - Expensive U","100% Domestic","Reactor - Mod.","Fuel - Cons.","Nuclear - Large - PWR",2050,"Zirconium","operation_demand","kt",0.114509072222222
"2740","USA","100% Domestic - Expensive U","100% Domestic","Reactor - Mod.","Fuel - Cons.","Nuclear - Legacy",2050,"Hafnium","operation_demand","kt",0.00302592186111111
"2741","USA","100% Domestic - Expensive U","100% Domestic","Reactor - Mod.","Fuel - Cons.","Nuclear - Legacy",2050,"Zirconium","operation_demand","kt",0.516620805555555
"2742","USA","100% Domestic - Expensive U","100% Domestic","Reactor - Mod.","Fuel - Cons.","Nuclear - SMR - BWR",2050,"Zirconium","operation_demand","kt",0.0258537037037037
"2743","USA","100% Domestic - Expensive U","100% Domestic","Reactor - Mod.","Fuel - Cons.","Nuclear - SMR - HTGR",2050,"Graphite","operation_demand","kt",42.0578444444444
"2744","USA","100% Domestic - Expensive U","100% Domestic","Reactor - Mod.","Fuel - Cons.","Nuclear - SMR - HTGR",2050,"Silicon carbide","operation_demand","kt",0.00841156888888888
"2745","USA","100% Domestic - Expensive U","100% Domestic","Reactor - Mod.","Fuel - Cons.","Nuclear - SMR - PWR modular",2050,"Zirconium","operation_demand","kt",0.0082252574074074
"2746","USA","100% Domestic - Expensive U","100% Domestic","Reactor - Mod.","Fuel - Cons.","Nuclear - Large - PWR",2055,"Hafnium","operation_demand","kt",0.000871107183333335
"2747","USA","100% Domestic - Expensive U","100% Domestic","Reactor - Mod.","Fuel - Cons.","Nuclear - Large - PWR",2055,"Zirconium","operation_demand","kt",0.148725616666667
"2748","USA","100% Domestic - Expensive U","100% Domestic","Reactor - Mod.","Fuel - Cons.","Nuclear - Legacy",2055,"Hafnium","operation_demand","kt",0.00214980106111111
"2749","USA","100% Domestic - Expensive U","100% Domestic","Reactor - Mod.","Fuel - Cons.","Nuclear - Legacy",2055,"Zirconium","operation_demand","kt",0.367039205555555
"2750","USA","100% Domestic - Expensive U","100% Domestic","Reactor - Mod.","Fuel - Cons.","Nuclear - SMR - BWR",2055,"Zirconium","operation_demand","kt",0.0403265740740741
"2751","USA","100% Domestic - Expensive U","100% Domestic","Reactor - Mod.","Fuel - Cons.","Nuclear - SMR - HTGR",2055,"Graphite","operation_demand","kt",62.6997888888888
"2752","USA","100% Domestic - Expensive U","100% Domestic","Reactor - Mod.","Fuel - Cons.","Nuclear - SMR - HTGR",2055,"Silicon carbide","operation_demand","kt",0.0125399577777778
"2753","USA","100% Domestic - Expensive U","100% Domestic","Reactor - Mod.","Fuel - Cons.","Nuclear - SMR - PWR modular",2055,"Zirconium","operation_demand","kt",0.0109275370370371
"2754","USA","100% Domestic - Expensive U","100% Domestic","Reactor - Mod.","Fuel - Cons.","Nuclear - Large - PWR",2060,"Hafnium","operation_demand","kt",0.00105421694166667
"2755","USA","100% Domestic - Expensive U","100% Domestic","Reactor - Mod.","Fuel - Cons.","Nuclear - Large - PWR",2060,"Zirconium","operation_demand","kt",0.179988258333333
"2756","USA","100% Domestic - Expensive U","100% Domestic","Reactor - Mod.","Fuel - Cons.","Nuclear - Legacy",2060,"Hafnium","operation_demand","kt",0.00166985449166667
"2757","USA","100% Domestic - Expensive U","100% Domestic","Reactor - Mod.","Fuel - Cons.","Nuclear - Legacy",2060,"Zirconium","operation_demand","kt",0.285097108333333
"2758","USA","100% Domestic - Expensive U","100% Domestic","Reactor - Mod.","Fuel - Cons.","Nuclear - SMR - BWR",2060,"Zirconium","operation_demand","kt",0.0551478333333333
"2759","USA","100% Domestic - Expensive U","100% Domestic","Reactor - Mod.","Fuel - Cons.","Nuclear - SMR - HTGR",2060,"Graphite","operation_demand","kt",83.3767777777778
"2760","USA","100% Domestic - Expensive U","100% Domestic","Reactor - Mod.","Fuel - Cons.","Nuclear - SMR - HTGR",2060,"Silicon carbide","operation_demand","kt",0.0166753555555556
"2761","USA","100% Domestic - Expensive U","100% Domestic","Reactor - Mod.","Fuel - Cons.","Nuclear - SMR - PWR modular",2060,"Zirconium","operation_demand","kt",0.0133839222222222
"2762","USA","100% Domestic - Expensive U","100% Domestic","Reactor - Mod.","Fuel - Cons.","Nuclear - Large - PWR",2065,"Hafnium","operation_demand","kt",0.00125988638055556
"2763","USA","100% Domestic - Expensive U","100% Domestic","Reactor - Mod.","Fuel - Cons.","Nuclear - Large - PWR",2065,"Zirconium","operation_demand","kt",0.215102552777778
"2764","USA","100% Domestic - Expensive U","100% Domestic","Reactor - Mod.","Fuel - Cons.","Nuclear - Legacy",2065,"Hafnium","operation_demand","kt",0.000954908108333335
"2765","USA","100% Domestic - Expensive U","100% Domestic","Reactor - Mod.","Fuel - Cons.","Nuclear - Legacy",2065,"Zirconium","operation_demand","kt",0.163033091666667
"2766","USA","100% Domestic - Expensive U","100% Domestic","Reactor - Mod.","Fuel - Cons.","Nuclear - SMR - BWR",2065,"Zirconium","operation_demand","kt",0.0723996296296293
"2767","USA","100% Domestic - Expensive U","100% Domestic","Reactor - Mod.","Fuel - Cons.","Nuclear - SMR - HTGR",2065,"Graphite","operation_demand","kt",107.403161111111
"2768","USA","100% Domestic - Expensive U","100% Domestic","Reactor - Mod.","Fuel - Cons.","Nuclear - SMR - HTGR",2065,"Silicon carbide","operation_demand","kt",0.0214806322222222
"2769","USA","100% Domestic - Expensive U","100% Domestic","Reactor - Mod.","Fuel - Cons.","Nuclear - SMR - PWR modular",2065,"Zirconium","operation_demand","kt",0.0161499629629629
"2770","USA","100% Domestic - Expensive U","100% Domestic","Reactor - Mod.","Fuel - Cons.","Nuclear - Large - PWR",2070,"Hafnium","operation_demand","kt",0.00148019418611111
"2771","USA","100% Domestic - Expensive U","100% Domestic","Reactor - Mod.","Fuel - Cons.","Nuclear - Large - PWR",2070,"Zirconium","operation_demand","kt",0.252716080555555
"2772","USA","100% Domestic - Expensive U","100% Domestic","Reactor - Mod.","Fuel - Cons.","Nuclear - Legacy",2070,"Hafnium","operation_demand","kt",0.000184922755555556
"2773","USA","100% Domestic - Expensive U","100% Domestic","Reactor - Mod.","Fuel - Cons.","Nuclear - Legacy",2070,"Zirconium","operation_demand","kt",0.0315721777777778
"2774","USA","100% Domestic - Expensive U","100% Domestic","Reactor - Mod.","Fuel - Cons.","Nuclear - SMR - BWR",2070,"Zirconium","operation_demand","kt",0.0915219074074073
"2775","USA","100% Domestic - Expensive U","100% Domestic","Reactor - Mod.","Fuel - Cons.","Nuclear - SMR - HTGR",2070,"Graphite","operation_demand","kt",134.050133333333
"2776","USA","100% Domestic - Expensive U","100% Domestic","Reactor - Mod.","Fuel - Cons.","Nuclear - SMR - HTGR",2070,"Silicon carbide","operation_demand","kt",0.0268100266666667
"2777","USA","100% Domestic - Expensive U","100% Domestic","Reactor - Mod.","Fuel - Cons.","Nuclear - SMR - PWR modular",2070,"Zirconium","operation_demand","kt",0.0191166574074074
"2778","USA","100% Domestic - Expensive U","100% Domestic","Reactor - Mod.","Fuel - Cons.","Nuclear - Large - PWR",2075,"Hafnium","operation_demand","kt",0.00171044130277778
"2779","USA","100% Domestic - Expensive U","100% Domestic","Reactor - Mod.","Fuel - Cons.","Nuclear - Large - PWR",2075,"Zirconium","operation_demand","kt",0.292026563888889
"2780","USA","100% Domestic - Expensive U","100% Domestic","Reactor - Mod.","Fuel - Cons.","Nuclear - Legacy",2075,"Hafnium","operation_demand","kt",7.2550752777778e-05
"2781","USA","100% Domestic - Expensive U","100% Domestic","Reactor - Mod.","Fuel - Cons.","Nuclear - Legacy",2075,"Zirconium","operation_demand","kt",0.0123867138888889
"2782","USA","100% Domestic - Expensive U","100% Domestic","Reactor - Mod.","Fuel - Cons.","Nuclear - SMR - BWR",2075,"Zirconium","operation_demand","kt",0.111483648148148
"2783","USA","100% Domestic - Expensive U","100% Domestic","Reactor - Mod.","Fuel - Cons.","Nuclear - SMR - HTGR",2075,"Graphite","operation_demand","kt",162.109038888889
"2784","USA","100% Domestic - Expensive U","100% Domestic","Reactor - Mod.","Fuel - Cons.","Nuclear - SMR - HTGR",2075,"Silicon carbide","operation_demand","kt",0.0324218077777778
"2785","USA","100% Domestic - Expensive U","100% Domestic","Reactor - Mod.","Fuel - Cons.","Nuclear - SMR - PWR modular",2075,"Zirconium","operation_demand","kt",0.0222443796296296
"2786","USA","100% Domestic - Expensive U","100% Domestic","Reactor - Mod.","Fuel - Cons.","Nuclear - Large - PWR",2080,"Hafnium","operation_demand","kt",0.00201858021944445
"2787","USA","100% Domestic - Expensive U","100% Domestic","Reactor - Mod.","Fuel - Cons.","Nuclear - Large - PWR",2080,"Zirconium","operation_demand","kt",0.344635647222222
"2788","USA","100% Domestic - Expensive U","100% Domestic","Reactor - Mod.","Fuel - Cons.","Nuclear - Legacy",2080,"Hafnium","operation_demand","kt",3.71579583333333e-05
"2789","USA","100% Domestic - Expensive U","100% Domestic","Reactor - Mod.","Fuel - Cons.","Nuclear - Legacy",2080,"Zirconium","operation_demand","kt",0.00634404166666667
"2790","USA","100% Domestic - Expensive U","100% Domestic","Reactor - Mod.","Fuel - Cons.","Nuclear - SMR - BWR",2080,"Zirconium","operation_demand","kt",0.138360277777778
"2791","USA","100% Domestic - Expensive U","100% Domestic","Reactor - Mod.","Fuel - Cons.","Nuclear - SMR - HTGR",2080,"Graphite","operation_demand","kt",200.196338888888
"2792","USA","100% Domestic - Expensive U","100% Domestic","Reactor - Mod.","Fuel - Cons.","Nuclear - SMR - HTGR",2080,"Silicon carbide","operation_demand","kt",0.0400392677777776
"2793","USA","100% Domestic - Expensive U","100% Domestic","Reactor - Mod.","Fuel - Cons.","Nuclear - SMR - PWR modular",2080,"Zirconium","operation_demand","kt",0.0264527333333333
"2794","USA","100% Domestic - Expensive U","100% Domestic","Reactor - Mod.","Fuel - Cons.","Nuclear - Large - PWR",2085,"Hafnium","operation_demand","kt",0.00224486331944445
"2795","USA","100% Domestic - Expensive U","100% Domestic","Reactor - Mod.","Fuel - Cons.","Nuclear - Large - PWR",2085,"Zirconium","operation_demand","kt",0.383269347222222
"2796","USA","100% Domestic - Expensive U","100% Domestic","Reactor - Mod.","Fuel - Cons.","Nuclear - Legacy",2085,"Hafnium","operation_demand","kt",3.7171625e-05
"2797","USA","100% Domestic - Expensive U","100% Domestic","Reactor - Mod.","Fuel - Cons.","Nuclear - Legacy",2085,"Zirconium","operation_demand","kt",0.006346375
"2798","USA","100% Domestic - Expensive U","100% Domestic","Reactor - Mod.","Fuel - Cons.","Nuclear - SMR - BWR",2085,"Zirconium","operation_demand","kt",0.159593203703704
"2799","USA","100% Domestic - Expensive U","100% Domestic","Reactor - Mod.","Fuel - Cons.","Nuclear - SMR - HTGR",2085,"Graphite","operation_demand","kt",230.164205555556
"2800","USA","100% Domestic - Expensive U","100% Domestic","Reactor - Mod.","Fuel - Cons.","Nuclear - SMR - HTGR",2085,"Silicon carbide","operation_demand","kt",0.0460328411111112
"2801","USA","100% Domestic - Expensive U","100% Domestic","Reactor - Mod.","Fuel - Cons.","Nuclear - SMR - PWR modular",2085,"Zirconium","operation_demand","kt",0.0295423074074074
"2802","USA","100% Domestic - Expensive U","100% Domestic","Reactor - Mod.","Fuel - Cons.","Nuclear - Large - PWR",2090,"Hafnium","operation_demand","kt",0.00238971768611111
"2803","USA","100% Domestic - Expensive U","100% Domestic","Reactor - Mod.","Fuel - Cons.","Nuclear - Large - PWR",2090,"Zirconium","operation_demand","kt",0.408000580555555
"2804","USA","100% Domestic - Expensive U","100% Domestic","Reactor - Mod.","Fuel - Cons.","Nuclear - Legacy",2090,"Hafnium","operation_demand","kt",3.71052277777778e-05
"2805","USA","100% Domestic - Expensive U","100% Domestic","Reactor - Mod.","Fuel - Cons.","Nuclear - Legacy",2090,"Zirconium","operation_demand","kt",0.00633503888888888
"2806","USA","100% Domestic - Expensive U","100% Domestic","Reactor - Mod.","Fuel - Cons.","Nuclear - SMR - BWR",2090,"Zirconium","operation_demand","kt",0.178300296296296
"2807","USA","100% Domestic - Expensive U","100% Domestic","Reactor - Mod.","Fuel - Cons.","Nuclear - SMR - HTGR",2090,"Graphite","operation_demand","kt",256.686716666666
"2808","USA","100% Domestic - Expensive U","100% Domestic","Reactor - Mod.","Fuel - Cons.","Nuclear - SMR - HTGR",2090,"Silicon carbide","operation_demand","kt",0.0513373433333332
"2809","USA","100% Domestic - Expensive U","100% Domestic","Reactor - Mod.","Fuel - Cons.","Nuclear - SMR - PWR modular",2090,"Zirconium","operation_demand","kt",0.0321661259259259
"2810","USA","100% Domestic - Expensive U","100% Domestic","Reactor - Mod.","Fuel - Cons.","Nuclear - Large - PWR",2095,"Hafnium","operation_demand","kt",0.0025359935
"2811","USA","100% Domestic - Expensive U","100% Domestic","Reactor - Mod.","Fuel - Cons.","Nuclear - Large - PWR",2095,"Zirconium","operation_demand","kt",0.4329745
"2812","USA","100% Domestic - Expensive U","100% Domestic","Reactor - Mod.","Fuel - Cons.","Nuclear - Legacy",2095,"Hafnium","operation_demand","kt",3.69887194444445e-05
"2813","USA","100% Domestic - Expensive U","100% Domestic","Reactor - Mod.","Fuel - Cons.","Nuclear - Legacy",2095,"Zirconium","operation_demand","kt",0.00631514722222222
"2814","USA","100% Domestic - Expensive U","100% Domestic","Reactor - Mod.","Fuel - Cons.","Nuclear - SMR - BWR",2095,"Zirconium","operation_demand","kt",0.197518666666667
"2815","USA","100% Domestic - Expensive U","100% Domestic","Reactor - Mod.","Fuel - Cons.","Nuclear - SMR - HTGR",2095,"Graphite","operation_demand","kt",282.486555555556
"2816","USA","100% Domestic - Expensive U","100% Domestic","Reactor - Mod.","Fuel - Cons.","Nuclear - SMR - HTGR",2095,"Silicon carbide","operation_demand","kt",0.0564973111111112
"2817","USA","100% Domestic - Expensive U","100% Domestic","Reactor - Mod.","Fuel - Cons.","Nuclear - SMR - PWR modular",2095,"Zirconium","operation_demand","kt",0.0337063148148148
"2818","USA","100% Domestic - Expensive U","100% Domestic","Reactor - Mod.","Fuel - Cons.","Nuclear - Large - PWR",2100,"Hafnium","operation_demand","kt",0.00261593666666667
"2819","USA","100% Domestic - Expensive U","100% Domestic","Reactor - Mod.","Fuel - Cons.","Nuclear - Large - PWR",2100,"Zirconium","operation_demand","kt",0.446623333333333
"2820","USA","100% Domestic - Expensive U","100% Domestic","Reactor - Mod.","Fuel - Cons.","Nuclear - SMR - BWR",2100,"Zirconium","operation_demand","kt",0.213584333333333
"2821","USA","100% Domestic - Expensive U","100% Domestic","Reactor - Mod.","Fuel - Cons.","Nuclear - SMR - HTGR",2100,"Graphite","operation_demand","kt",304.293555555556
"2822","USA","100% Domestic - Expensive U","100% Domestic","Reactor - Mod.","Fuel - Cons.","Nuclear - SMR - HTGR",2100,"Silicon carbide","operation_demand","kt",0.0608587111111112
"2823","USA","100% Domestic - Expensive U","100% Domestic","Reactor - Mod.","Fuel - Cons.","Nuclear - SMR - PWR modular",2100,"Zirconium","operation_demand","kt",0.0345636870370371
"2824","USA","100% Domestic - Lower Intl. Nuc","100% Domestic","Lower Int. Nuc","Fuel - Mod.","Nuclear - Legacy",2021,"Hafnium","operation_demand","kt",0.00332736853
"2825","USA","100% Domestic - Lower Intl. Nuc","100% Domestic","Lower Int. Nuc","Fuel - Mod.","Nuclear - Legacy",2021,"Zirconium","operation_demand","kt",0.56808731
"2826","USA","100% Domestic - Lower Intl. Nuc","100% Domestic","Lower Int. Nuc","Fuel - Mod.","Nuclear - Large - PWR",2025,"Hafnium","operation_demand","kt",7.51666666666665e-05
"2827","USA","100% Domestic - Lower Intl. Nuc","100% Domestic","Lower Int. Nuc","Fuel - Mod.","Nuclear - Large - PWR",2025,"Zirconium","operation_demand","kt",0.0128333333333333
"2828","USA","100% Domestic - Lower Intl. Nuc","100% Domestic","Lower Int. Nuc","Fuel - Mod.","Nuclear - Legacy",2025,"Hafnium","operation_demand","kt",0.00331470980277778
"2829","USA","100% Domestic - Lower Intl. Nuc","100% Domestic","Lower Int. Nuc","Fuel - Mod.","Nuclear - Legacy",2025,"Zirconium","operation_demand","kt",0.565926063888889
"2830","USA","100% Domestic - Lower Intl. Nuc","100% Domestic","Lower Int. Nuc","Fuel - Mod.","Nuclear - Large - PWR",2030,"Hafnium","operation_demand","kt",0.000127478225
"2831","USA","100% Domestic - Lower Intl. Nuc","100% Domestic","Lower Int. Nuc","Fuel - Mod.","Nuclear - Large - PWR",2030,"Zirconium","operation_demand","kt",0.021764575
"2832","USA","100% Domestic - Lower Intl. Nuc","100% Domestic","Lower Int. Nuc","Fuel - Mod.","Nuclear - Legacy",2030,"Hafnium","operation_demand","kt",0.00331421381666667
"2833","USA","100% Domestic - Lower Intl. Nuc","100% Domestic","Lower Int. Nuc","Fuel - Mod.","Nuclear - Legacy",2030,"Zirconium","operation_demand","kt",0.565841383333333
"2834","USA","100% Domestic - Lower Intl. Nuc","100% Domestic","Lower Int. Nuc","Fuel - Mod.","Nuclear - Large - PWR",2035,"Hafnium","operation_demand","kt",0.000211170158333333
"2835","USA","100% Domestic - Lower Intl. Nuc","100% Domestic","Lower Int. Nuc","Fuel - Mod.","Nuclear - Large - PWR",2035,"Zirconium","operation_demand","kt",0.0360534416666667
"2836","USA","100% Domestic - Lower Intl. Nuc","100% Domestic","Lower Int. Nuc","Fuel - Mod.","Nuclear - Legacy",2035,"Hafnium","operation_demand","kt",0.00322911262222222
"2837","USA","100% Domestic - Lower Intl. Nuc","100% Domestic","Lower Int. Nuc","Fuel - Mod.","Nuclear - Legacy",2035,"Zirconium","operation_demand","kt",0.551311911111111
"2838","USA","100% Domestic - Lower Intl. Nuc","100% Domestic","Lower Int. Nuc","Fuel - Mod.","Nuclear - SMR - BWR",2035,"Zirconium","operation_demand","kt",0.00222168518518519
"2839","USA","100% Domestic - Lower Intl. Nuc","100% Domestic","Lower Int. Nuc","Fuel - Mod.","Nuclear - SMR - HTGR",2035,"Graphite","operation_demand","kt",5.54398888888888
"2840","USA","100% Domestic - Lower Intl. Nuc","100% Domestic","Lower Int. Nuc","Fuel - Mod.","Nuclear - SMR - HTGR",2035,"Silicon carbide","operation_demand","kt",0.00110879777777778
"2841","USA","100% Domestic - Lower Intl. Nuc","100% Domestic","Lower Int. Nuc","Fuel - Mod.","Nuclear - SMR - PWR modular",2035,"Zirconium","operation_demand","kt",0.00164767407407407
"2842","USA","100% Domestic - Lower Intl. Nuc","100% Domestic","Lower Int. Nuc","Fuel - Mod.","Nuclear - Large - PWR",2040,"Hafnium","operation_demand","kt",0.000363659522222222
"2843","USA","100% Domestic - Lower Intl. Nuc","100% Domestic","Lower Int. Nuc","Fuel - Mod.","Nuclear - Large - PWR",2040,"Zirconium","operation_demand","kt",0.0620882111111111
"2844","USA","100% Domestic - Lower Intl. Nuc","100% Domestic","Lower Int. Nuc","Fuel - Mod.","Nuclear - Legacy",2040,"Hafnium","operation_demand","kt",0.00322119620555555
"2845","USA","100% Domestic - Lower Intl. Nuc","100% Domestic","Lower Int. Nuc","Fuel - Mod.","Nuclear - Legacy",2040,"Zirconium","operation_demand","kt",0.549960327777778
"2846","USA","100% Domestic - Lower Intl. Nuc","100% Domestic","Lower Int. Nuc","Fuel - Mod.","Nuclear - SMR - BWR",2040,"Zirconium","operation_demand","kt",0.00647946296296296
"2847","USA","100% Domestic - Lower Intl. Nuc","100% Domestic","Lower Int. Nuc","Fuel - Mod.","Nuclear - SMR - HTGR",2040,"Graphite","operation_demand","kt",14.4271277777778
"2848","USA","100% Domestic - Lower Intl. Nuc","100% Domestic","Lower Int. Nuc","Fuel - Mod.","Nuclear - SMR - HTGR",2040,"Silicon carbide","operation_demand","kt",0.00288542555555556
"2849","USA","100% Domestic - Lower Intl. Nuc","100% Domestic","Lower Int. Nuc","Fuel - Mod.","Nuclear - SMR - PWR modular",2040,"Zirconium","operation_demand","kt",0.00395830555555555
"2850","USA","100% Domestic - Lower Intl. Nuc","100% Domestic","Lower Int. Nuc","Fuel - Mod.","Nuclear - Large - PWR",2045,"Hafnium","operation_demand","kt",0.00052916866388889
"2851","USA","100% Domestic - Lower Intl. Nuc","100% Domestic","Lower Int. Nuc","Fuel - Mod.","Nuclear - Large - PWR",2045,"Zirconium","operation_demand","kt",0.0903458694444446
"2852","USA","100% Domestic - Lower Intl. Nuc","100% Domestic","Lower Int. Nuc","Fuel - Mod.","Nuclear - Legacy",2045,"Hafnium","operation_demand","kt",0.00321296465833333
"2853","USA","100% Domestic - Lower Intl. Nuc","100% Domestic","Lower Int. Nuc","Fuel - Mod.","Nuclear - Legacy",2045,"Zirconium","operation_demand","kt",0.548554941666667
"2854","USA","100% Domestic - Lower Intl. Nuc","100% Domestic","Lower Int. Nuc","Fuel - Mod.","Nuclear - SMR - BWR",2045,"Zirconium","operation_demand","kt",0.0128856481481481
"2855","USA","100% Domestic - Lower Intl. Nuc","100% Domestic","Lower Int. Nuc","Fuel - Mod.","Nuclear - SMR - HTGR",2045,"Graphite","operation_demand","kt",26.6051777777778
"2856","USA","100% Domestic - Lower Intl. Nuc","100% Domestic","Lower Int. Nuc","Fuel - Mod.","Nuclear - SMR - HTGR",2045,"Silicon carbide","operation_demand","kt",0.00532103555555556
"2857","USA","100% Domestic - Lower Intl. Nuc","100% Domestic","Lower Int. Nuc","Fuel - Mod.","Nuclear - SMR - PWR modular",2045,"Zirconium","operation_demand","kt",0.00617281296296296
"2858","USA","100% Domestic - Lower Intl. Nuc","100% Domestic","Lower Int. Nuc","Fuel - Mod.","Nuclear - Large - PWR",2050,"Hafnium","operation_demand","kt",0.00082690007222222
"2859","USA","100% Domestic - Lower Intl. Nuc","100% Domestic","Lower Int. Nuc","Fuel - Mod.","Nuclear - Large - PWR",2050,"Zirconium","operation_demand","kt",0.141178061111111
"2860","USA","100% Domestic - Lower Intl. Nuc","100% Domestic","Lower Int. Nuc","Fuel - Mod.","Nuclear - Legacy",2050,"Hafnium","operation_demand","kt",0.00309044299166667
"2861","USA","100% Domestic - Lower Intl. Nuc","100% Domestic","Lower Int. Nuc","Fuel - Mod.","Nuclear - Legacy",2050,"Zirconium","operation_demand","kt",0.527636608333333
"2862","USA","100% Domestic - Lower Intl. Nuc","100% Domestic","Lower Int. Nuc","Fuel - Mod.","Nuclear - SMR - BWR",2050,"Zirconium","operation_demand","kt",0.0270666111111111
"2863","USA","100% Domestic - Lower Intl. Nuc","100% Domestic","Lower Int. Nuc","Fuel - Mod.","Nuclear - SMR - HTGR",2050,"Graphite","operation_demand","kt",52.0036277777778
"2864","USA","100% Domestic - Lower Intl. Nuc","100% Domestic","Lower Int. Nuc","Fuel - Mod.","Nuclear - SMR - HTGR",2050,"Silicon carbide","operation_demand","kt",0.0104007255555556
"2865","USA","100% Domestic - Lower Intl. Nuc","100% Domestic","Lower Int. Nuc","Fuel - Mod.","Nuclear - SMR - PWR modular",2050,"Zirconium","operation_demand","kt",0.0101656240740741
"2866","USA","100% Domestic - Lower Intl. Nuc","100% Domestic","Lower Int. Nuc","Fuel - Mod.","Nuclear - Large - PWR",2055,"Hafnium","operation_demand","kt",0.00111972890555556
"2867","USA","100% Domestic - Lower Intl. Nuc","100% Domestic","Lower Int. Nuc","Fuel - Mod.","Nuclear - Large - PWR",2055,"Zirconium","operation_demand","kt",0.191173227777778
"2868","USA","100% Domestic - Lower Intl. Nuc","100% Domestic","Lower Int. Nuc","Fuel - Mod.","Nuclear - Legacy",2055,"Hafnium","operation_demand","kt",0.00220193734444445
"2869","USA","100% Domestic - Lower Intl. Nuc","100% Domestic","Lower Int. Nuc","Fuel - Mod.","Nuclear - Legacy",2055,"Zirconium","operation_demand","kt",0.375940522222222
"2870","USA","100% Domestic - Lower Intl. Nuc","100% Domestic","Lower Int. Nuc","Fuel - Mod.","Nuclear - SMR - BWR",2055,"Zirconium","operation_demand","kt",0.0432771851851852
"2871","USA","100% Domestic - Lower Intl. Nuc","100% Domestic","Lower Int. Nuc","Fuel - Mod.","Nuclear - SMR - HTGR",2055,"Graphite","operation_demand","kt",79.6971944444444
"2872","USA","100% Domestic - Lower Intl. Nuc","100% Domestic","Lower Int. Nuc","Fuel - Mod.","Nuclear - SMR - HTGR",2055,"Silicon carbide","operation_demand","kt",0.0159394388888889
"2873","USA","100% Domestic - Lower Intl. Nuc","100% Domestic","Lower Int. Nuc","Fuel - Mod.","Nuclear - SMR - PWR modular",2055,"Zirconium","operation_demand","kt",0.0141432370370371
"2874","USA","100% Domestic - Lower Intl. Nuc","100% Domestic","Lower Int. Nuc","Fuel - Mod.","Nuclear - Large - PWR",2060,"Hafnium","operation_demand","kt",0.001399757425
"2875","USA","100% Domestic - Lower Intl. Nuc","100% Domestic","Lower Int. Nuc","Fuel - Mod.","Nuclear - Large - PWR",2060,"Zirconium","operation_demand","kt",0.238982975
"2876","USA","100% Domestic - Lower Intl. Nuc","100% Domestic","Lower Int. Nuc","Fuel - Mod.","Nuclear - Legacy",2060,"Hafnium","operation_demand","kt",0.00171742531111111
"2877","USA","100% Domestic - Lower Intl. Nuc","100% Domestic","Lower Int. Nuc","Fuel - Mod.","Nuclear - Legacy",2060,"Zirconium","operation_demand","kt",0.293218955555555
"2878","USA","100% Domestic - Lower Intl. Nuc","100% Domestic","Lower Int. Nuc","Fuel - Mod.","Nuclear - SMR - BWR",2060,"Zirconium","operation_demand","kt",0.0603068333333333
"2879","USA","100% Domestic - Lower Intl. Nuc","100% Domestic","Lower Int. Nuc","Fuel - Mod.","Nuclear - SMR - HTGR",2060,"Graphite","operation_demand","kt",108.011788888889
"2880","USA","100% Domestic - Lower Intl. Nuc","100% Domestic","Lower Int. Nuc","Fuel - Mod.","Nuclear - SMR - HTGR",2060,"Silicon carbide","operation_demand","kt",0.0216023577777778
"2881","USA","100% Domestic - Lower Intl. Nuc","100% Domestic","Lower Int. Nuc","Fuel - Mod.","Nuclear - SMR - PWR modular",2060,"Zirconium","operation_demand","kt",0.0179909648148148
"2882","USA","100% Domestic - Lower Intl. Nuc","100% Domestic","Lower Int. Nuc","Fuel - Mod.","Nuclear - Large - PWR",2065,"Hafnium","operation_demand","kt",0.00171559933055556
"2883","USA","100% Domestic - Lower Intl. Nuc","100% Domestic","Lower Int. Nuc","Fuel - Mod.","Nuclear - Large - PWR",2065,"Zirconium","operation_demand","kt",0.292907202777778
"2884","USA","100% Domestic - Lower Intl. Nuc","100% Domestic","Lower Int. Nuc","Fuel - Mod.","Nuclear - Legacy",2065,"Hafnium","operation_demand","kt",0.00098390171388889
"2885","USA","100% Domestic - Lower Intl. Nuc","100% Domestic","Lower Int. Nuc","Fuel - Mod.","Nuclear - Legacy",2065,"Zirconium","operation_demand","kt",0.167983219444445
"2886","USA","100% Domestic - Lower Intl. Nuc","100% Domestic","Lower Int. Nuc","Fuel - Mod.","Nuclear - SMR - BWR",2065,"Zirconium","operation_demand","kt",0.0805615185185187
"2887","USA","100% Domestic - Lower Intl. Nuc","100% Domestic","Lower Int. Nuc","Fuel - Mod.","Nuclear - SMR - HTGR",2065,"Graphite","operation_demand","kt",141.157183333333
"2888","USA","100% Domestic - Lower Intl. Nuc","100% Domestic","Lower Int. Nuc","Fuel - Mod.","Nuclear - SMR - HTGR",2065,"Silicon carbide","operation_demand","kt",0.0282314366666667
"2889","USA","100% Domestic - Lower Intl. Nuc","100% Domestic","Lower Int. Nuc","Fuel - Mod.","Nuclear - SMR - PWR modular",2065,"Zirconium","operation_demand","kt",0.0223687314814815
"2890","USA","100% Domestic - Lower Intl. Nuc","100% Domestic","Lower Int. Nuc","Fuel - Mod.","Nuclear - Large - PWR",2070,"Hafnium","operation_demand","kt",0.00205444838611111
"2891","USA","100% Domestic - Lower Intl. Nuc","100% Domestic","Lower Int. Nuc","Fuel - Mod.","Nuclear - Large - PWR",2070,"Zirconium","operation_demand","kt",0.350759480555555
"2892","USA","100% Domestic - Lower Intl. Nuc","100% Domestic","Lower Int. Nuc","Fuel - Mod.","Nuclear - Legacy",2070,"Hafnium","operation_demand","kt",0.00019058645
"2893","USA","100% Domestic - Lower Intl. Nuc","100% Domestic","Lower Int. Nuc","Fuel - Mod.","Nuclear - Legacy",2070,"Zirconium","operation_demand","kt",0.03253915
"2894","USA","100% Domestic - Lower Intl. Nuc","100% Domestic","Lower Int. Nuc","Fuel - Mod.","Nuclear - SMR - BWR",2070,"Zirconium","operation_demand","kt",0.103300592592593
"2895","USA","100% Domestic - Lower Intl. Nuc","100% Domestic","Lower Int. Nuc","Fuel - Mod.","Nuclear - SMR - HTGR",2070,"Graphite","operation_demand","kt",177.8953
"2896","USA","100% Domestic - Lower Intl. Nuc","100% Domestic","Lower Int. Nuc","Fuel - Mod.","Nuclear - SMR - HTGR",2070,"Silicon carbide","operation_demand","kt",0.03557906
"2897","USA","100% Domestic - Lower Intl. Nuc","100% Domestic","Lower Int. Nuc","Fuel - Mod.","Nuclear - SMR - PWR modular",2070,"Zirconium","operation_demand","kt",0.0271085462962963
"2898","USA","100% Domestic - Lower Intl. Nuc","100% Domestic","Lower Int. Nuc","Fuel - Mod.","Nuclear - Large - PWR",2075,"Hafnium","operation_demand","kt",0.002397488325
"2899","USA","100% Domestic - Lower Intl. Nuc","100% Domestic","Lower Int. Nuc","Fuel - Mod.","Nuclear - Large - PWR",2075,"Zirconium","operation_demand","kt",0.409327275
"2900","USA","100% Domestic - Lower Intl. Nuc","100% Domestic","Lower Int. Nuc","Fuel - Mod.","Nuclear - Legacy",2075,"Hafnium","operation_demand","kt",7.45701166666665e-05
"2901","USA","100% Domestic - Lower Intl. Nuc","100% Domestic","Lower Int. Nuc","Fuel - Mod.","Nuclear - Legacy",2075,"Zirconium","operation_demand","kt",0.0127314833333333
"2902","USA","100% Domestic - Lower Intl. Nuc","100% Domestic","Lower Int. Nuc","Fuel - Mod.","Nuclear - SMR - BWR",2075,"Zirconium","operation_demand","kt",0.127124129629629
"2903","USA","100% Domestic - Lower Intl. Nuc","100% Domestic","Lower Int. Nuc","Fuel - Mod.","Nuclear - SMR - HTGR",2075,"Graphite","operation_demand","kt",216.040544444444
"2904","USA","100% Domestic - Lower Intl. Nuc","100% Domestic","Lower Int. Nuc","Fuel - Mod.","Nuclear - SMR - HTGR",2075,"Silicon carbide","operation_demand","kt",0.0432081088888888
"2905","USA","100% Domestic - Lower Intl. Nuc","100% Domestic","Lower Int. Nuc","Fuel - Mod.","Nuclear - SMR - PWR modular",2075,"Zirconium","operation_demand","kt",0.0319502314814815
"2906","USA","100% Domestic - Lower Intl. Nuc","100% Domestic","Lower Int. Nuc","Fuel - Mod.","Nuclear - Large - PWR",2080,"Hafnium","operation_demand","kt",0.00284155340277778
"2907","USA","100% Domestic - Lower Intl. Nuc","100% Domestic","Lower Int. Nuc","Fuel - Mod.","Nuclear - Large - PWR",2080,"Zirconium","operation_demand","kt",0.485143263888889
"2908","USA","100% Domestic - Lower Intl. Nuc","100% Domestic","Lower Int. Nuc","Fuel - Mod.","Nuclear - Legacy",2080,"Hafnium","operation_demand","kt",3.80692972222222e-05
"2909","USA","100% Domestic - Lower Intl. Nuc","100% Domestic","Lower Int. Nuc","Fuel - Mod.","Nuclear - Legacy",2080,"Zirconium","operation_demand","kt",0.00649963611111111
"2910","USA","100% Domestic - Lower Intl. Nuc","100% Domestic","Lower Int. Nuc","Fuel - Mod.","Nuclear - SMR - BWR",2080,"Zirconium","operation_demand","kt",0.158863833333333
"2911","USA","100% Domestic - Lower Intl. Nuc","100% Domestic","Lower Int. Nuc","Fuel - Mod.","Nuclear - SMR - HTGR",2080,"Graphite","operation_demand","kt",266.5077
"2912","USA","100% Domestic - Lower Intl. Nuc","100% Domestic","Lower Int. Nuc","Fuel - Mod.","Nuclear - SMR - HTGR",2080,"Silicon carbide","operation_demand","kt",0.05330154
"2913","USA","100% Domestic - Lower Intl. Nuc","100% Domestic","Lower Int. Nuc","Fuel - Mod.","Nuclear - SMR - PWR modular",2080,"Zirconium","operation_demand","kt",0.0382725222222222
"2914","USA","100% Domestic - Lower Intl. Nuc","100% Domestic","Lower Int. Nuc","Fuel - Mod.","Nuclear - Large - PWR",2085,"Hafnium","operation_demand","kt",0.00317245346944444
"2915","USA","100% Domestic - Lower Intl. Nuc","100% Domestic","Lower Int. Nuc","Fuel - Mod.","Nuclear - Large - PWR",2085,"Zirconium","operation_demand","kt",0.541638397222222
"2916","USA","100% Domestic - Lower Intl. Nuc","100% Domestic","Lower Int. Nuc","Fuel - Mod.","Nuclear - Legacy",2085,"Hafnium","operation_demand","kt",3.80515305555555e-05
"2917","USA","100% Domestic - Lower Intl. Nuc","100% Domestic","Lower Int. Nuc","Fuel - Mod.","Nuclear - Legacy",2085,"Zirconium","operation_demand","kt",0.00649660277777778
"2918","USA","100% Domestic - Lower Intl. Nuc","100% Domestic","Lower Int. Nuc","Fuel - Mod.","Nuclear - SMR - BWR",2085,"Zirconium","operation_demand","kt",0.183751481481481
"2919","USA","100% Domestic - Lower Intl. Nuc","100% Domestic","Lower Int. Nuc","Fuel - Mod.","Nuclear - SMR - HTGR",2085,"Graphite","operation_demand","kt",305.643483333334
"2920","USA","100% Domestic - Lower Intl. Nuc","100% Domestic","Lower Int. Nuc","Fuel - Mod.","Nuclear - SMR - HTGR",2085,"Silicon carbide","operation_demand","kt",0.0611286966666668
"2921","USA","100% Domestic - Lower Intl. Nuc","100% Domestic","Lower Int. Nuc","Fuel - Mod.","Nuclear - SMR - PWR modular",2085,"Zirconium","operation_demand","kt",0.0430473407407407
"2922","USA","100% Domestic - Lower Intl. Nuc","100% Domestic","Lower Int. Nuc","Fuel - Mod.","Nuclear - Large - PWR",2090,"Hafnium","operation_demand","kt",0.00339800847777778
"2923","USA","100% Domestic - Lower Intl. Nuc","100% Domestic","Lower Int. Nuc","Fuel - Mod.","Nuclear - Large - PWR",2090,"Zirconium","operation_demand","kt",0.580147788888889
"2924","USA","100% Domestic - Lower Intl. Nuc","100% Domestic","Lower Int. Nuc","Fuel - Mod.","Nuclear - Legacy",2090,"Hafnium","operation_demand","kt",3.80079111111111e-05
"2925","USA","100% Domestic - Lower Intl. Nuc","100% Domestic","Lower Int. Nuc","Fuel - Mod.","Nuclear - Legacy",2090,"Zirconium","operation_demand","kt",0.00648915555555555
"2926","USA","100% Domestic - Lower Intl. Nuc","100% Domestic","Lower Int. Nuc","Fuel - Mod.","Nuclear - SMR - BWR",2090,"Zirconium","operation_demand","kt",0.205299574074074
"2927","USA","100% Domestic - Lower Intl. Nuc","100% Domestic","Lower Int. Nuc","Fuel - Mod.","Nuclear - SMR - HTGR",2090,"Graphite","operation_demand","kt",339.295338888888
"2928","USA","100% Domestic - Lower Intl. Nuc","100% Domestic","Lower Int. Nuc","Fuel - Mod.","Nuclear - SMR - HTGR",2090,"Silicon carbide","operation_demand","kt",0.0678590677777776
"2929","USA","100% Domestic - Lower Intl. Nuc","100% Domestic","Lower Int. Nuc","Fuel - Mod.","Nuclear - SMR - PWR modular",2090,"Zirconium","operation_demand","kt",0.0470828259259259
"2930","USA","100% Domestic - Lower Intl. Nuc","100% Domestic","Lower Int. Nuc","Fuel - Mod.","Nuclear - Large - PWR",2095,"Hafnium","operation_demand","kt",0.00362428725
"2931","USA","100% Domestic - Lower Intl. Nuc","100% Domestic","Lower Int. Nuc","Fuel - Mod.","Nuclear - Large - PWR",2095,"Zirconium","operation_demand","kt",0.61878075
"2932","USA","100% Domestic - Lower Intl. Nuc","100% Domestic","Lower Int. Nuc","Fuel - Mod.","Nuclear - Legacy",2095,"Hafnium","operation_demand","kt",3.79462972222222e-05
"2933","USA","100% Domestic - Lower Intl. Nuc","100% Domestic","Lower Int. Nuc","Fuel - Mod.","Nuclear - Legacy",2095,"Zirconium","operation_demand","kt",0.00647863611111111
"2934","USA","100% Domestic - Lower Intl. Nuc","100% Domestic","Lower Int. Nuc","Fuel - Mod.","Nuclear - SMR - BWR",2095,"Zirconium","operation_demand","kt",0.227569111111111
"2935","USA","100% Domestic - Lower Intl. Nuc","100% Domestic","Lower Int. Nuc","Fuel - Mod.","Nuclear - SMR - HTGR",2095,"Graphite","operation_demand","kt",371.885722222222
"2936","USA","100% Domestic - Lower Intl. Nuc","100% Domestic","Lower Int. Nuc","Fuel - Mod.","Nuclear - SMR - HTGR",2095,"Silicon carbide","operation_demand","kt",0.0743771444444444
"2937","USA","100% Domestic - Lower Intl. Nuc","100% Domestic","Lower Int. Nuc","Fuel - Mod.","Nuclear - SMR - PWR modular",2095,"Zirconium","operation_demand","kt",0.0499966851851852
"2938","USA","100% Domestic - Lower Intl. Nuc","100% Domestic","Lower Int. Nuc","Fuel - Mod.","Nuclear - Large - PWR",2100,"Hafnium","operation_demand","kt",0.00376022275
"2939","USA","100% Domestic - Lower Intl. Nuc","100% Domestic","Lower Int. Nuc","Fuel - Mod.","Nuclear - Large - PWR",2100,"Zirconium","operation_demand","kt",0.64198925
"2940","USA","100% Domestic - Lower Intl. Nuc","100% Domestic","Lower Int. Nuc","Fuel - Mod.","Nuclear - SMR - BWR",2100,"Zirconium","operation_demand","kt",0.246569111111111
"2941","USA","100% Domestic - Lower Intl. Nuc","100% Domestic","Lower Int. Nuc","Fuel - Mod.","Nuclear - SMR - HTGR",2100,"Graphite","operation_demand","kt",399.042611111112
"2942","USA","100% Domestic - Lower Intl. Nuc","100% Domestic","Lower Int. Nuc","Fuel - Mod.","Nuclear - SMR - HTGR",2100,"Silicon carbide","operation_demand","kt",0.0798085222222224
"2943","USA","100% Domestic - Lower Intl. Nuc","100% Domestic","Lower Int. Nuc","Fuel - Mod.","Nuclear - SMR - PWR modular",2100,"Zirconium","operation_demand","kt",0.0519557407407407
"2944","USA","Current Trade","Current","Reactor - Mod.","Fuel - Mod.","Nuclear - Legacy",2021,"Hafnium","operation_demand","kt",0.00332736853
"2945","USA","Current Trade","Current","Reactor - Mod.","Fuel - Mod.","Nuclear - Legacy",2021,"Zirconium","operation_demand","kt",0.56808731
"2946","USA","Current Trade","Current","Reactor - Mod.","Fuel - Mod.","Nuclear - Large - PWR",2025,"Hafnium","operation_demand","kt",7.51666666666665e-05
"2947","USA","Current Trade","Current","Reactor - Mod.","Fuel - Mod.","Nuclear - Large - PWR",2025,"Zirconium","operation_demand","kt",0.0128333333333333
"2948","USA","Current Trade","Current","Reactor - Mod.","Fuel - Mod.","Nuclear - Legacy",2025,"Hafnium","operation_demand","kt",0.00331470980277778
"2949","USA","Current Trade","Current","Reactor - Mod.","Fuel - Mod.","Nuclear - Legacy",2025,"Zirconium","operation_demand","kt",0.565926063888889
"2950","USA","Current Trade","Current","Reactor - Mod.","Fuel - Mod.","Nuclear - Large - PWR",2030,"Hafnium","operation_demand","kt",0.000127356705555556
"2951","USA","Current Trade","Current","Reactor - Mod.","Fuel - Mod.","Nuclear - Large - PWR",2030,"Zirconium","operation_demand","kt",0.0217438277777778
"2952","USA","Current Trade","Current","Reactor - Mod.","Fuel - Mod.","Nuclear - Legacy",2030,"Hafnium","operation_demand","kt",0.00331418181388889
"2953","USA","Current Trade","Current","Reactor - Mod.","Fuel - Mod.","Nuclear - Legacy",2030,"Zirconium","operation_demand","kt",0.565835919444445
"2954","USA","Current Trade","Current","Reactor - Mod.","Fuel - Mod.","Nuclear - Large - PWR",2035,"Hafnium","operation_demand","kt",0.000223877197222222
"2955","USA","Current Trade","Current","Reactor - Mod.","Fuel - Mod.","Nuclear - Large - PWR",2035,"Zirconium","operation_demand","kt",0.0382229361111111
"2956","USA","Current Trade","Current","Reactor - Mod.","Fuel - Mod.","Nuclear - Legacy",2035,"Hafnium","operation_demand","kt",0.00323314098611111
"2957","USA","Current Trade","Current","Reactor - Mod.","Fuel - Mod.","Nuclear - Legacy",2035,"Zirconium","operation_demand","kt",0.551999680555555
"2958","USA","Current Trade","Current","Reactor - Mod.","Fuel - Mod.","Nuclear - SMR - BWR",2035,"Zirconium","operation_demand","kt",0.00234344444444445
"2959","USA","Current Trade","Current","Reactor - Mod.","Fuel - Mod.","Nuclear - SMR - HTGR",2035,"Graphite","operation_demand","kt",5.95872222222222
"2960","USA","Current Trade","Current","Reactor - Mod.","Fuel - Mod.","Nuclear - SMR - HTGR",2035,"Silicon carbide","operation_demand","kt",0.00119174444444444
"2961","USA","Current Trade","Current","Reactor - Mod.","Fuel - Mod.","Nuclear - SMR - PWR modular",2035,"Zirconium","operation_demand","kt",0.00193757407407407
"2962","USA","Current Trade","Current","Reactor - Mod.","Fuel - Mod.","Nuclear - Large - PWR",2040,"Hafnium","operation_demand","kt",0.000430371305555555
"2963","USA","Current Trade","Current","Reactor - Mod.","Fuel - Mod.","Nuclear - Large - PWR",2040,"Zirconium","operation_demand","kt",0.0734780277777777
"2964","USA","Current Trade","Current","Reactor - Mod.","Fuel - Mod.","Nuclear - Legacy",2040,"Hafnium","operation_demand","kt",0.00323286913333334
"2965","USA","Current Trade","Current","Reactor - Mod.","Fuel - Mod.","Nuclear - Legacy",2040,"Zirconium","operation_demand","kt",0.551953266666667
"2966","USA","Current Trade","Current","Reactor - Mod.","Fuel - Mod.","Nuclear - SMR - BWR",2040,"Zirconium","operation_demand","kt",0.00719301851851853
"2967","USA","Current Trade","Current","Reactor - Mod.","Fuel - Mod.","Nuclear - SMR - HTGR",2040,"Graphite","operation_demand","kt",16.4702777777778
"2968","USA","Current Trade","Current","Reactor - Mod.","Fuel - Mod.","Nuclear - SMR - HTGR",2040,"Silicon carbide","operation_demand","kt",0.00329405555555556
"2969","USA","Current Trade","Current","Reactor - Mod.","Fuel - Mod.","Nuclear - SMR - PWR modular",2040,"Zirconium","operation_demand","kt",0.00500648148148148
"2970","USA","Current Trade","Current","Reactor - Mod.","Fuel - Mod.","Nuclear - Large - PWR",2045,"Hafnium","operation_demand","kt",0.00068136271388889
"2971","USA","Current Trade","Current","Reactor - Mod.","Fuel - Mod.","Nuclear - Large - PWR",2045,"Zirconium","operation_demand","kt",0.116330219444445
"2972","USA","Current Trade","Current","Reactor - Mod.","Fuel - Mod.","Nuclear - Legacy",2045,"Hafnium","operation_demand","kt",0.00323230823055556
"2973","USA","Current Trade","Current","Reactor - Mod.","Fuel - Mod.","Nuclear - Legacy",2045,"Zirconium","operation_demand","kt",0.551857502777778
"2974","USA","Current Trade","Current","Reactor - Mod.","Fuel - Mod.","Nuclear - SMR - BWR",2045,"Zirconium","operation_demand","kt",0.0147995
"2975","USA","Current Trade","Current","Reactor - Mod.","Fuel - Mod.","Nuclear - SMR - HTGR",2045,"Graphite","operation_demand","kt",31.6205555555556
"2976","USA","Current Trade","Current","Reactor - Mod.","Fuel - Mod.","Nuclear - SMR - HTGR",2045,"Silicon carbide","operation_demand","kt",0.00632411111111112
"2977","USA","Current Trade","Current","Reactor - Mod.","Fuel - Mod.","Nuclear - SMR - PWR modular",2045,"Zirconium","operation_demand","kt",0.00856161111111113
"2978","USA","Current Trade","Current","Reactor - Mod.","Fuel - Mod.","Nuclear - Large - PWR",2050,"Hafnium","operation_demand","kt",0.00114555002222222
"2979","USA","Current Trade","Current","Reactor - Mod.","Fuel - Mod.","Nuclear - Large - PWR",2050,"Zirconium","operation_demand","kt",0.195581711111111
"2980","USA","Current Trade","Current","Reactor - Mod.","Fuel - Mod.","Nuclear - Legacy",2050,"Hafnium","operation_demand","kt",0.00311916736388889
"2981","USA","Current Trade","Current","Reactor - Mod.","Fuel - Mod.","Nuclear - Legacy",2050,"Zirconium","operation_demand","kt",0.532540769444445
"2982","USA","Current Trade","Current","Reactor - Mod.","Fuel - Mod.","Nuclear - SMR - BWR",2050,"Zirconium","operation_demand","kt",0.0318317407407407
"2983","USA","Current Trade","Current","Reactor - Mod.","Fuel - Mod.","Nuclear - SMR - HTGR",2050,"Graphite","operation_demand","kt",63.6733333333334
"2984","USA","Current Trade","Current","Reactor - Mod.","Fuel - Mod.","Nuclear - SMR - HTGR",2050,"Silicon carbide","operation_demand","kt",0.0127346666666667
"2985","USA","Current Trade","Current","Reactor - Mod.","Fuel - Mod.","Nuclear - SMR - PWR modular",2050,"Zirconium","operation_demand","kt",0.0152962407407407
"2986","USA","Current Trade","Current","Reactor - Mod.","Fuel - Mod.","Nuclear - Large - PWR",2055,"Hafnium","operation_demand","kt",0.001492245225
"2987","USA","Current Trade","Current","Reactor - Mod.","Fuel - Mod.","Nuclear - Large - PWR",2055,"Zirconium","operation_demand","kt",0.254773575
"2988","USA","Current Trade","Current","Reactor - Mod.","Fuel - Mod.","Nuclear - Legacy",2055,"Hafnium","operation_demand","kt",0.00221231353333333
"2989","USA","Current Trade","Current","Reactor - Mod.","Fuel - Mod.","Nuclear - Legacy",2055,"Zirconium","operation_demand","kt",0.377712066666667
"2990","USA","Current Trade","Current","Reactor - Mod.","Fuel - Mod.","Nuclear - SMR - BWR",2055,"Zirconium","operation_demand","kt",0.0490212777777778
"2991","USA","Current Trade","Current","Reactor - Mod.","Fuel - Mod.","Nuclear - SMR - HTGR",2055,"Graphite","operation_demand","kt",93.9305
"2992","USA","Current Trade","Current","Reactor - Mod.","Fuel - Mod.","Nuclear - SMR - HTGR",2055,"Silicon carbide","operation_demand","kt",0.0187861
"2993","USA","Current Trade","Current","Reactor - Mod.","Fuel - Mod.","Nuclear - SMR - PWR modular",2055,"Zirconium","operation_demand","kt",0.0204178518518519
"2994","USA","Current Trade","Current","Reactor - Mod.","Fuel - Mod.","Nuclear - Large - PWR",2060,"Hafnium","operation_demand","kt",0.00178095868333333
"2995","USA","Current Trade","Current","Reactor - Mod.","Fuel - Mod.","Nuclear - Large - PWR",2060,"Zirconium","operation_demand","kt",0.304066116666667
"2996","USA","Current Trade","Current","Reactor - Mod.","Fuel - Mod.","Nuclear - Legacy",2060,"Hafnium","operation_demand","kt",0.00171970536666667
"2997","USA","Current Trade","Current","Reactor - Mod.","Fuel - Mod.","Nuclear - Legacy",2060,"Zirconium","operation_demand","kt",0.293608233333333
"2998","USA","Current Trade","Current","Reactor - Mod.","Fuel - Mod.","Nuclear - SMR - BWR",2060,"Zirconium","operation_demand","kt",0.0658185925925926
"2999","USA","Current Trade","Current","Reactor - Mod.","Fuel - Mod.","Nuclear - SMR - HTGR",2060,"Graphite","operation_demand","kt",122.458166666667
"3000","USA","Current Trade","Current","Reactor - Mod.","Fuel - Mod.","Nuclear - SMR - HTGR",2060,"Silicon carbide","operation_demand","kt",0.0244916333333333
"3001","USA","Current Trade","Current","Reactor - Mod.","Fuel - Mod.","Nuclear - SMR - PWR modular",2060,"Zirconium","operation_demand","kt",0.0246789074074074
"3002","USA","Current Trade","Current","Reactor - Mod.","Fuel - Mod.","Nuclear - Large - PWR",2065,"Hafnium","operation_demand","kt",0.00209392717222222
"3003","USA","Current Trade","Current","Reactor - Mod.","Fuel - Mod.","Nuclear - Large - PWR",2065,"Zirconium","operation_demand","kt",0.357499761111111
"3004","USA","Current Trade","Current","Reactor - Mod.","Fuel - Mod.","Nuclear - Legacy",2065,"Hafnium","operation_demand","kt",0.000983346505555555
"3005","USA","Current Trade","Current","Reactor - Mod.","Fuel - Mod.","Nuclear - Legacy",2065,"Zirconium","operation_demand","kt",0.167888427777778
"3006","USA","Current Trade","Current","Reactor - Mod.","Fuel - Mod.","Nuclear - SMR - BWR",2065,"Zirconium","operation_demand","kt",0.085266296296296
"3007","USA","Current Trade","Current","Reactor - Mod.","Fuel - Mod.","Nuclear - SMR - HTGR",2065,"Graphite","operation_demand","kt",154.907055555556
"3008","USA","Current Trade","Current","Reactor - Mod.","Fuel - Mod.","Nuclear - SMR - HTGR",2065,"Silicon carbide","operation_demand","kt",0.0309814111111111
"3009","USA","Current Trade","Current","Reactor - Mod.","Fuel - Mod.","Nuclear - SMR - PWR modular",2065,"Zirconium","operation_demand","kt",0.0292901481481481
"3010","USA","Current Trade","Current","Reactor - Mod.","Fuel - Mod.","Nuclear - Large - PWR",2070,"Hafnium","operation_demand","kt",0.00241778195833333
"3011","USA","Current Trade","Current","Reactor - Mod.","Fuel - Mod.","Nuclear - Large - PWR",2070,"Zirconium","operation_demand","kt",0.412792041666667
"3012","USA","Current Trade","Current","Reactor - Mod.","Fuel - Mod.","Nuclear - Legacy",2070,"Hafnium","operation_demand","kt",0.000190230205555556
"3013","USA","Current Trade","Current","Reactor - Mod.","Fuel - Mod.","Nuclear - Legacy",2070,"Zirconium","operation_demand","kt",0.0324783277777778
"3014","USA","Current Trade","Current","Reactor - Mod.","Fuel - Mod.","Nuclear - SMR - BWR",2070,"Zirconium","operation_demand","kt",0.106572018518519
"3015","USA","Current Trade","Current","Reactor - Mod.","Fuel - Mod.","Nuclear - SMR - HTGR",2070,"Graphite","operation_demand","kt",189.941
"3016","USA","Current Trade","Current","Reactor - Mod.","Fuel - Mod.","Nuclear - SMR - HTGR",2070,"Silicon carbide","operation_demand","kt",0.0379882
"3017","USA","Current Trade","Current","Reactor - Mod.","Fuel - Mod.","Nuclear - SMR - PWR modular",2070,"Zirconium","operation_demand","kt",0.0340642962962963
"3018","USA","Current Trade","Current","Reactor - Mod.","Fuel - Mod.","Nuclear - Large - PWR",2075,"Hafnium","operation_demand","kt",0.00273192498333333
"3019","USA","Current Trade","Current","Reactor - Mod.","Fuel - Mod.","Nuclear - Large - PWR",2075,"Zirconium","operation_demand","kt",0.466426216666667
"3020","USA","Current Trade","Current","Reactor - Mod.","Fuel - Mod.","Nuclear - Legacy",2075,"Hafnium","operation_demand","kt",7.4339263888889e-05
"3021","USA","Current Trade","Current","Reactor - Mod.","Fuel - Mod.","Nuclear - Legacy",2075,"Zirconium","operation_demand","kt",0.0126920694444445
"3022","USA","Current Trade","Current","Reactor - Mod.","Fuel - Mod.","Nuclear - SMR - BWR",2075,"Zirconium","operation_demand","kt",0.128305444444445
"3023","USA","Current Trade","Current","Reactor - Mod.","Fuel - Mod.","Nuclear - SMR - HTGR",2075,"Graphite","operation_demand","kt",225.265722222222
"3024","USA","Current Trade","Current","Reactor - Mod.","Fuel - Mod.","Nuclear - SMR - HTGR",2075,"Silicon carbide","operation_demand","kt",0.0450531444444444
"3025","USA","Current Trade","Current","Reactor - Mod.","Fuel - Mod.","Nuclear - SMR - PWR modular",2075,"Zirconium","operation_demand","kt",0.0386958518518519
"3026","USA","Current Trade","Current","Reactor - Mod.","Fuel - Mod.","Nuclear - Large - PWR",2080,"Hafnium","operation_demand","kt",0.003127741375
"3027","USA","Current Trade","Current","Reactor - Mod.","Fuel - Mod.","Nuclear - Large - PWR",2080,"Zirconium","operation_demand","kt",0.534004625
"3028","USA","Current Trade","Current","Reactor - Mod.","Fuel - Mod.","Nuclear - Legacy",2080,"Hafnium","operation_demand","kt",3.792295e-05
"3029","USA","Current Trade","Current","Reactor - Mod.","Fuel - Mod.","Nuclear - Legacy",2080,"Zirconium","operation_demand","kt",0.00647465
"3030","USA","Current Trade","Current","Reactor - Mod.","Fuel - Mod.","Nuclear - SMR - BWR",2080,"Zirconium","operation_demand","kt",0.156611444444445
"3031","USA","Current Trade","Current","Reactor - Mod.","Fuel - Mod.","Nuclear - SMR - HTGR",2080,"Graphite","operation_demand","kt",270.916833333334
"3032","USA","Current Trade","Current","Reactor - Mod.","Fuel - Mod.","Nuclear - SMR - HTGR",2080,"Silicon carbide","operation_demand","kt",0.0541833666666668
"3033","USA","Current Trade","Current","Reactor - Mod.","Fuel - Mod.","Nuclear - SMR - PWR modular",2080,"Zirconium","operation_demand","kt",0.0445420925925926
"3034","USA","Current Trade","Current","Reactor - Mod.","Fuel - Mod.","Nuclear - Large - PWR",2085,"Hafnium","operation_demand","kt",0.00342206864444444
"3035","USA","Current Trade","Current","Reactor - Mod.","Fuel - Mod.","Nuclear - Large - PWR",2085,"Zirconium","operation_demand","kt",0.584255622222222
"3036","USA","Current Trade","Current","Reactor - Mod.","Fuel - Mod.","Nuclear - Legacy",2085,"Hafnium","operation_demand","kt",3.78951611111111e-05
"3037","USA","Current Trade","Current","Reactor - Mod.","Fuel - Mod.","Nuclear - Legacy",2085,"Zirconium","operation_demand","kt",0.00646990555555555
"3038","USA","Current Trade","Current","Reactor - Mod.","Fuel - Mod.","Nuclear - SMR - BWR",2085,"Zirconium","operation_demand","kt",0.178886851851852
"3039","USA","Current Trade","Current","Reactor - Mod.","Fuel - Mod.","Nuclear - SMR - HTGR",2085,"Graphite","operation_demand","kt",306.395444444444
"3040","USA","Current Trade","Current","Reactor - Mod.","Fuel - Mod.","Nuclear - SMR - HTGR",2085,"Silicon carbide","operation_demand","kt",0.0612790888888888
"3041","USA","Current Trade","Current","Reactor - Mod.","Fuel - Mod.","Nuclear - SMR - PWR modular",2085,"Zirconium","operation_demand","kt",0.0489217037037037
"3042","USA","Current Trade","Current","Reactor - Mod.","Fuel - Mod.","Nuclear - Large - PWR",2090,"Hafnium","operation_demand","kt",0.0036236661
"3043","USA","Current Trade","Current","Reactor - Mod.","Fuel - Mod.","Nuclear - Large - PWR",2090,"Zirconium","operation_demand","kt",0.6186747
"3044","USA","Current Trade","Current","Reactor - Mod.","Fuel - Mod.","Nuclear - Legacy",2090,"Hafnium","operation_demand","kt",3.78575777777778e-05
"3045","USA","Current Trade","Current","Reactor - Mod.","Fuel - Mod.","Nuclear - Legacy",2090,"Zirconium","operation_demand","kt",0.00646348888888889
"3046","USA","Current Trade","Current","Reactor - Mod.","Fuel - Mod.","Nuclear - SMR - BWR",2090,"Zirconium","operation_demand","kt",0.198482740740741
"3047","USA","Current Trade","Current","Reactor - Mod.","Fuel - Mod.","Nuclear - SMR - HTGR",2090,"Graphite","operation_demand","kt",337.414055555556
"3048","USA","Current Trade","Current","Reactor - Mod.","Fuel - Mod.","Nuclear - SMR - HTGR",2090,"Silicon carbide","operation_demand","kt",0.0674828111111112
"3049","USA","Current Trade","Current","Reactor - Mod.","Fuel - Mod.","Nuclear - SMR - PWR modular",2090,"Zirconium","operation_demand","kt",0.052709537037037
"3050","USA","Current Trade","Current","Reactor - Mod.","Fuel - Mod.","Nuclear - Large - PWR",2095,"Hafnium","operation_demand","kt",0.00381462975
"3051","USA","Current Trade","Current","Reactor - Mod.","Fuel - Mod.","Nuclear - Large - PWR",2095,"Zirconium","operation_demand","kt",0.65127825
"3052","USA","Current Trade","Current","Reactor - Mod.","Fuel - Mod.","Nuclear - Legacy",2095,"Hafnium","operation_demand","kt",3.78038222222222e-05
"3053","USA","Current Trade","Current","Reactor - Mod.","Fuel - Mod.","Nuclear - Legacy",2095,"Zirconium","operation_demand","kt",0.00645431111111111
"3054","USA","Current Trade","Current","Reactor - Mod.","Fuel - Mod.","Nuclear - SMR - BWR",2095,"Zirconium","operation_demand","kt",0.218570777777778
"3055","USA","Current Trade","Current","Reactor - Mod.","Fuel - Mod.","Nuclear - SMR - HTGR",2095,"Graphite","operation_demand","kt",366.884666666666
"3056","USA","Current Trade","Current","Reactor - Mod.","Fuel - Mod.","Nuclear - SMR - HTGR",2095,"Silicon carbide","operation_demand","kt",0.0733769333333332
"3057","USA","Current Trade","Current","Reactor - Mod.","Fuel - Mod.","Nuclear - SMR - PWR modular",2095,"Zirconium","operation_demand","kt",0.0551275185185185
"3058","USA","Current Trade","Current","Reactor - Mod.","Fuel - Mod.","Nuclear - Large - PWR",2100,"Hafnium","operation_demand","kt",0.00388625333333333
"3059","USA","Current Trade","Current","Reactor - Mod.","Fuel - Mod.","Nuclear - Large - PWR",2100,"Zirconium","operation_demand","kt",0.663506666666667
"3060","USA","Current Trade","Current","Reactor - Mod.","Fuel - Mod.","Nuclear - SMR - BWR",2100,"Zirconium","operation_demand","kt",0.235529055555555
"3061","USA","Current Trade","Current","Reactor - Mod.","Fuel - Mod.","Nuclear - SMR - HTGR",2100,"Graphite","operation_demand","kt",390.694722222222
"3062","USA","Current Trade","Current","Reactor - Mod.","Fuel - Mod.","Nuclear - SMR - HTGR",2100,"Silicon carbide","operation_demand","kt",0.0781389444444444
"3063","USA","Current Trade","Current","Reactor - Mod.","Fuel - Mod.","Nuclear - SMR - PWR modular",2100,"Zirconium","operation_demand","kt",0.0562771111111111
"3064","USA","Current Trade - Lower Intl. Nuc","Current","Lower Int. Nuc","Fuel - Mod.","Nuclear - Legacy",2021,"Hafnium","operation_demand","kt",0.00332736853
"3065","USA","Current Trade - Lower Intl. Nuc","Current","Lower Int. Nuc","Fuel - Mod.","Nuclear - Legacy",2021,"Zirconium","operation_demand","kt",0.56808731
"3066","USA","Current Trade - Lower Intl. Nuc","Current","Lower Int. Nuc","Fuel - Mod.","Nuclear - Large - PWR",2025,"Hafnium","operation_demand","kt",7.51666666666665e-05
"3067","USA","Current Trade - Lower Intl. Nuc","Current","Lower Int. Nuc","Fuel - Mod.","Nuclear - Large - PWR",2025,"Zirconium","operation_demand","kt",0.0128333333333333
"3068","USA","Current Trade - Lower Intl. Nuc","Current","Lower Int. Nuc","Fuel - Mod.","Nuclear - Legacy",2025,"Hafnium","operation_demand","kt",0.00331470980277778
"3069","USA","Current Trade - Lower Intl. Nuc","Current","Lower Int. Nuc","Fuel - Mod.","Nuclear - Legacy",2025,"Zirconium","operation_demand","kt",0.565926063888889
"3070","USA","Current Trade - Lower Intl. Nuc","Current","Lower Int. Nuc","Fuel - Mod.","Nuclear - Large - PWR",2030,"Hafnium","operation_demand","kt",0.000127357275
"3071","USA","Current Trade - Lower Intl. Nuc","Current","Lower Int. Nuc","Fuel - Mod.","Nuclear - Large - PWR",2030,"Zirconium","operation_demand","kt",0.021743925
"3072","USA","Current Trade - Lower Intl. Nuc","Current","Lower Int. Nuc","Fuel - Mod.","Nuclear - Legacy",2030,"Hafnium","operation_demand","kt",0.00331418238333333
"3073","USA","Current Trade - Lower Intl. Nuc","Current","Lower Int. Nuc","Fuel - Mod.","Nuclear - Legacy",2030,"Zirconium","operation_demand","kt",0.565836016666667
"3074","USA","Current Trade - Lower Intl. Nuc","Current","Lower Int. Nuc","Fuel - Mod.","Nuclear - Large - PWR",2035,"Hafnium","operation_demand","kt",0.000224499827777778
"3075","USA","Current Trade - Lower Intl. Nuc","Current","Lower Int. Nuc","Fuel - Mod.","Nuclear - Large - PWR",2035,"Zirconium","operation_demand","kt",0.0383292388888889
"3076","USA","Current Trade - Lower Intl. Nuc","Current","Lower Int. Nuc","Fuel - Mod.","Nuclear - Legacy",2035,"Hafnium","operation_demand","kt",0.00323324029722222
"3077","USA","Current Trade - Lower Intl. Nuc","Current","Lower Int. Nuc","Fuel - Mod.","Nuclear - Legacy",2035,"Zirconium","operation_demand","kt",0.552016636111111
"3078","USA","Current Trade - Lower Intl. Nuc","Current","Lower Int. Nuc","Fuel - Mod.","Nuclear - SMR - BWR",2035,"Zirconium","operation_demand","kt",0.00235016666666667
"3079","USA","Current Trade - Lower Intl. Nuc","Current","Lower Int. Nuc","Fuel - Mod.","Nuclear - SMR - HTGR",2035,"Graphite","operation_demand","kt",5.98
"3080","USA","Current Trade - Lower Intl. Nuc","Current","Lower Int. Nuc","Fuel - Mod.","Nuclear - SMR - HTGR",2035,"Silicon carbide","operation_demand","kt",0.001196
"3081","USA","Current Trade - Lower Intl. Nuc","Current","Lower Int. Nuc","Fuel - Mod.","Nuclear - SMR - PWR modular",2035,"Zirconium","operation_demand","kt",0.00195162962962963
"3082","USA","Current Trade - Lower Intl. Nuc","Current","Lower Int. Nuc","Fuel - Mod.","Nuclear - Large - PWR",2040,"Hafnium","operation_demand","kt",0.000435745608333335
"3083","USA","Current Trade - Lower Intl. Nuc","Current","Lower Int. Nuc","Fuel - Mod.","Nuclear - Large - PWR",2040,"Zirconium","operation_demand","kt",0.0743955916666669
"3084","USA","Current Trade - Lower Intl. Nuc","Current","Lower Int. Nuc","Fuel - Mod.","Nuclear - Legacy",2040,"Hafnium","operation_demand","kt",0.00323320055
"3085","USA","Current Trade - Lower Intl. Nuc","Current","Lower Int. Nuc","Fuel - Mod.","Nuclear - Legacy",2040,"Zirconium","operation_demand","kt",0.55200985
"3086","USA","Current Trade - Lower Intl. Nuc","Current","Lower Int. Nuc","Fuel - Mod.","Nuclear - SMR - BWR",2040,"Zirconium","operation_demand","kt",0.0072511296296296
"3087","USA","Current Trade - Lower Intl. Nuc","Current","Lower Int. Nuc","Fuel - Mod.","Nuclear - SMR - HTGR",2040,"Graphite","operation_demand","kt",16.6261666666667
"3088","USA","Current Trade - Lower Intl. Nuc","Current","Lower Int. Nuc","Fuel - Mod.","Nuclear - SMR - HTGR",2040,"Silicon carbide","operation_demand","kt",0.00332523333333333
"3089","USA","Current Trade - Lower Intl. Nuc","Current","Lower Int. Nuc","Fuel - Mod.","Nuclear - SMR - PWR modular",2040,"Zirconium","operation_demand","kt",0.00508787037037037
"3090","USA","Current Trade - Lower Intl. Nuc","Current","Lower Int. Nuc","Fuel - Mod.","Nuclear - Large - PWR",2045,"Hafnium","operation_demand","kt",0.00069943665277778
"3091","USA","Current Trade - Lower Intl. Nuc","Current","Lower Int. Nuc","Fuel - Mod.","Nuclear - Large - PWR",2045,"Zirconium","operation_demand","kt",0.119416013888889
"3092","USA","Current Trade - Lower Intl. Nuc","Current","Lower Int. Nuc","Fuel - Mod.","Nuclear - Legacy",2045,"Hafnium","operation_demand","kt",0.00323302891944444
"3093","USA","Current Trade - Lower Intl. Nuc","Current","Lower Int. Nuc","Fuel - Mod.","Nuclear - Legacy",2045,"Zirconium","operation_demand","kt",0.551980547222222
"3094","USA","Current Trade - Lower Intl. Nuc","Current","Lower Int. Nuc","Fuel - Mod.","Nuclear - SMR - BWR",2045,"Zirconium","operation_demand","kt",0.0150331851851852
"3095","USA","Current Trade - Lower Intl. Nuc","Current","Lower Int. Nuc","Fuel - Mod.","Nuclear - SMR - HTGR",2045,"Graphite","operation_demand","kt",32.1889444444444
"3096","USA","Current Trade - Lower Intl. Nuc","Current","Lower Int. Nuc","Fuel - Mod.","Nuclear - SMR - HTGR",2045,"Silicon carbide","operation_demand","kt",0.00643778888888888
"3097","USA","Current Trade - Lower Intl. Nuc","Current","Lower Int. Nuc","Fuel - Mod.","Nuclear - SMR - PWR modular",2045,"Zirconium","operation_demand","kt",0.00883975925925926
"3098","USA","Current Trade - Lower Intl. Nuc","Current","Lower Int. Nuc","Fuel - Mod.","Nuclear - Large - PWR",2050,"Hafnium","operation_demand","kt",0.00121720253333333
"3099","USA","Current Trade - Lower Intl. Nuc","Current","Lower Int. Nuc","Fuel - Mod.","Nuclear - Large - PWR",2050,"Zirconium","operation_demand","kt",0.207815066666667
"3100","USA","Current Trade - Lower Intl. Nuc","Current","Lower Int. Nuc","Fuel - Mod.","Nuclear - Legacy",2050,"Hafnium","operation_demand","kt",0.00312123296666667
"3101","USA","Current Trade - Lower Intl. Nuc","Current","Lower Int. Nuc","Fuel - Mod.","Nuclear - Legacy",2050,"Zirconium","operation_demand","kt",0.532893433333333
"3102","USA","Current Trade - Lower Intl. Nuc","Current","Lower Int. Nuc","Fuel - Mod.","Nuclear - SMR - BWR",2050,"Zirconium","operation_demand","kt",0.0329166296296296
"3103","USA","Current Trade - Lower Intl. Nuc","Current","Lower Int. Nuc","Fuel - Mod.","Nuclear - SMR - HTGR",2050,"Graphite","operation_demand","kt",66.1271111111112
"3104","USA","Current Trade - Lower Intl. Nuc","Current","Lower Int. Nuc","Fuel - Mod.","Nuclear - SMR - HTGR",2050,"Silicon carbide","operation_demand","kt",0.0132254222222222
"3105","USA","Current Trade - Lower Intl. Nuc","Current","Lower Int. Nuc","Fuel - Mod.","Nuclear - SMR - PWR modular",2050,"Zirconium","operation_demand","kt",0.0164370185185185
"3106","USA","Current Trade - Lower Intl. Nuc","Current","Lower Int. Nuc","Fuel - Mod.","Nuclear - Large - PWR",2055,"Hafnium","operation_demand","kt",0.00173640090833333
"3107","USA","Current Trade - Lower Intl. Nuc","Current","Lower Int. Nuc","Fuel - Mod.","Nuclear - Large - PWR",2055,"Zirconium","operation_demand","kt",0.296458691666667
"3108","USA","Current Trade - Lower Intl. Nuc","Current","Lower Int. Nuc","Fuel - Mod.","Nuclear - Legacy",2055,"Hafnium","operation_demand","kt",0.00222189568888889
"3109","USA","Current Trade - Lower Intl. Nuc","Current","Lower Int. Nuc","Fuel - Mod.","Nuclear - Legacy",2055,"Zirconium","operation_demand","kt",0.379348044444445
"3110","USA","Current Trade - Lower Intl. Nuc","Current","Lower Int. Nuc","Fuel - Mod.","Nuclear - SMR - BWR",2055,"Zirconium","operation_demand","kt",0.0537201111111111
"3111","USA","Current Trade - Lower Intl. Nuc","Current","Lower Int. Nuc","Fuel - Mod.","Nuclear - SMR - HTGR",2055,"Graphite","operation_demand","kt",103.7805
"3112","USA","Current Trade - Lower Intl. Nuc","Current","Lower Int. Nuc","Fuel - Mod.","Nuclear - SMR - HTGR",2055,"Silicon carbide","operation_demand","kt",0.0207561
"3113","USA","Current Trade - Lower Intl. Nuc","Current","Lower Int. Nuc","Fuel - Mod.","Nuclear - SMR - PWR modular",2055,"Zirconium","operation_demand","kt",0.0243910555555555
"3114","USA","Current Trade - Lower Intl. Nuc","Current","Lower Int. Nuc","Fuel - Mod.","Nuclear - Large - PWR",2060,"Hafnium","operation_demand","kt",0.00222315518611111
"3115","USA","Current Trade - Lower Intl. Nuc","Current","Lower Int. Nuc","Fuel - Mod.","Nuclear - Large - PWR",2060,"Zirconium","operation_demand","kt",0.379563080555555
"3116","USA","Current Trade - Lower Intl. Nuc","Current","Lower Int. Nuc","Fuel - Mod.","Nuclear - Legacy",2060,"Hafnium","operation_demand","kt",0.00173352999722222
"3117","USA","Current Trade - Lower Intl. Nuc","Current","Lower Int. Nuc","Fuel - Mod.","Nuclear - Legacy",2060,"Zirconium","operation_demand","kt",0.295968536111111
"3118","USA","Current Trade - Lower Intl. Nuc","Current","Lower Int. Nuc","Fuel - Mod.","Nuclear - SMR - BWR",2060,"Zirconium","operation_demand","kt",0.0751084814814813
"3119","USA","Current Trade - Lower Intl. Nuc","Current","Lower Int. Nuc","Fuel - Mod.","Nuclear - SMR - HTGR",2060,"Graphite","operation_demand","kt",141.429888888889
"3120","USA","Current Trade - Lower Intl. Nuc","Current","Lower Int. Nuc","Fuel - Mod.","Nuclear - SMR - HTGR",2060,"Silicon carbide","operation_demand","kt",0.0282859777777778
"3121","USA","Current Trade - Lower Intl. Nuc","Current","Lower Int. Nuc","Fuel - Mod.","Nuclear - SMR - PWR modular",2060,"Zirconium","operation_demand","kt",0.0320797037037037
"3122","USA","Current Trade - Lower Intl. Nuc","Current","Lower Int. Nuc","Fuel - Mod.","Nuclear - Large - PWR",2065,"Hafnium","operation_demand","kt",0.00276483477222222
"3123","USA","Current Trade - Lower Intl. Nuc","Current","Lower Int. Nuc","Fuel - Mod.","Nuclear - Large - PWR",2065,"Zirconium","operation_demand","kt",0.472044961111111
"3124","USA","Current Trade - Lower Intl. Nuc","Current","Lower Int. Nuc","Fuel - Mod.","Nuclear - Legacy",2065,"Hafnium","operation_demand","kt",0.000992952691666665
"3125","USA","Current Trade - Lower Intl. Nuc","Current","Lower Int. Nuc","Fuel - Mod.","Nuclear - Legacy",2065,"Zirconium","operation_demand","kt",0.169528508333333
"3126","USA","Current Trade - Lower Intl. Nuc","Current","Lower Int. Nuc","Fuel - Mod.","Nuclear - SMR - BWR",2065,"Zirconium","operation_demand","kt",0.100403703703704
"3127","USA","Current Trade - Lower Intl. Nuc","Current","Lower Int. Nuc","Fuel - Mod.","Nuclear - SMR - HTGR",2065,"Graphite","operation_demand","kt",185.164055555556
"3128","USA","Current Trade - Lower Intl. Nuc","Current","Lower Int. Nuc","Fuel - Mod.","Nuclear - SMR - HTGR",2065,"Silicon carbide","operation_demand","kt",0.0370328111111111
"3129","USA","Current Trade - Lower Intl. Nuc","Current","Lower Int. Nuc","Fuel - Mod.","Nuclear - SMR - PWR modular",2065,"Zirconium","operation_demand","kt",0.040819
"3130","USA","Current Trade - Lower Intl. Nuc","Current","Lower Int. Nuc","Fuel - Mod.","Nuclear - Large - PWR",2070,"Hafnium","operation_demand","kt",0.003336410875
"3131","USA","Current Trade - Lower Intl. Nuc","Current","Lower Int. Nuc","Fuel - Mod.","Nuclear - Large - PWR",2070,"Zirconium","operation_demand","kt",0.569631125
"3132","USA","Current Trade - Lower Intl. Nuc","Current","Lower Int. Nuc","Fuel - Mod.","Nuclear - Legacy",2070,"Hafnium","operation_demand","kt",0.000192253669444444
"3133","USA","Current Trade - Lower Intl. Nuc","Current","Lower Int. Nuc","Fuel - Mod.","Nuclear - Legacy",2070,"Zirconium","operation_demand","kt",0.0328237972222222
"3134","USA","Current Trade - Lower Intl. Nuc","Current","Lower Int. Nuc","Fuel - Mod.","Nuclear - SMR - BWR",2070,"Zirconium","operation_demand","kt",0.128488925925926
"3135","USA","Current Trade - Lower Intl. Nuc","Current","Lower Int. Nuc","Fuel - Mod.","Nuclear - SMR - HTGR",2070,"Graphite","operation_demand","kt",233.027333333334
"3136","USA","Current Trade - Lower Intl. Nuc","Current","Lower Int. Nuc","Fuel - Mod.","Nuclear - SMR - HTGR",2070,"Silicon carbide","operation_demand","kt",0.0466054666666668
"3137","USA","Current Trade - Lower Intl. Nuc","Current","Lower Int. Nuc","Fuel - Mod.","Nuclear - SMR - PWR modular",2070,"Zirconium","operation_demand","kt",0.0502189444444445
"3138","USA","Current Trade - Lower Intl. Nuc","Current","Lower Int. Nuc","Fuel - Mod.","Nuclear - Large - PWR",2075,"Hafnium","operation_demand","kt",0.00389693895833333
"3139","USA","Current Trade - Lower Intl. Nuc","Current","Lower Int. Nuc","Fuel - Mod.","Nuclear - Large - PWR",2075,"Zirconium","operation_demand","kt",0.665331041666667
"3140","USA","Current Trade - Lower Intl. Nuc","Current","Lower Int. Nuc","Fuel - Mod.","Nuclear - Legacy",2075,"Hafnium","operation_demand","kt",7.51656416666665e-05
"3141","USA","Current Trade - Lower Intl. Nuc","Current","Lower Int. Nuc","Fuel - Mod.","Nuclear - Legacy",2075,"Zirconium","operation_demand","kt",0.0128331583333333
"3142","USA","Current Trade - Lower Intl. Nuc","Current","Lower Int. Nuc","Fuel - Mod.","Nuclear - SMR - BWR",2075,"Zirconium","operation_demand","kt",0.157376407407407
"3143","USA","Current Trade - Lower Intl. Nuc","Current","Lower Int. Nuc","Fuel - Mod.","Nuclear - SMR - HTGR",2075,"Graphite","operation_demand","kt",281.686388888888
"3144","USA","Current Trade - Lower Intl. Nuc","Current","Lower Int. Nuc","Fuel - Mod.","Nuclear - SMR - HTGR",2075,"Silicon carbide","operation_demand","kt",0.0563372777777776
"3145","USA","Current Trade - Lower Intl. Nuc","Current","Lower Int. Nuc","Fuel - Mod.","Nuclear - SMR - PWR modular",2075,"Zirconium","operation_demand","kt",0.0595839259259259
"3146","USA","Current Trade - Lower Intl. Nuc","Current","Lower Int. Nuc","Fuel - Mod.","Nuclear - Large - PWR",2080,"Hafnium","operation_demand","kt",0.00453602087777779
"3147","USA","Current Trade - Lower Intl. Nuc","Current","Lower Int. Nuc","Fuel - Mod.","Nuclear - Large - PWR",2080,"Zirconium","operation_demand","kt",0.774442588888892
"3148","USA","Current Trade - Lower Intl. Nuc","Current","Lower Int. Nuc","Fuel - Mod.","Nuclear - Legacy",2080,"Hafnium","operation_demand","kt",3.83323805555556e-05
"3149","USA","Current Trade - Lower Intl. Nuc","Current","Lower Int. Nuc","Fuel - Mod.","Nuclear - Legacy",2080,"Zirconium","operation_demand","kt",0.00654455277777778
"3150","USA","Current Trade - Lower Intl. Nuc","Current","Lower Int. Nuc","Fuel - Mod.","Nuclear - SMR - BWR",2080,"Zirconium","operation_demand","kt",0.192920388888889
"3151","USA","Current Trade - Lower Intl. Nuc","Current","Lower Int. Nuc","Fuel - Mod.","Nuclear - SMR - HTGR",2080,"Graphite","operation_demand","kt",340.762111111112
"3152","USA","Current Trade - Lower Intl. Nuc","Current","Lower Int. Nuc","Fuel - Mod.","Nuclear - SMR - HTGR",2080,"Silicon carbide","operation_demand","kt",0.0681524222222224
"3153","USA","Current Trade - Lower Intl. Nuc","Current","Lower Int. Nuc","Fuel - Mod.","Nuclear - SMR - PWR modular",2080,"Zirconium","operation_demand","kt",0.0703214629629627
"3154","USA","Current Trade - Lower Intl. Nuc","Current","Lower Int. Nuc","Fuel - Mod.","Nuclear - Large - PWR",2085,"Hafnium","operation_demand","kt",0.00489273864444445
"3155","USA","Current Trade - Lower Intl. Nuc","Current","Lower Int. Nuc","Fuel - Mod.","Nuclear - Large - PWR",2085,"Zirconium","operation_demand","kt",0.835345622222223
"3156","USA","Current Trade - Lower Intl. Nuc","Current","Lower Int. Nuc","Fuel - Mod.","Nuclear - Legacy",2085,"Hafnium","operation_demand","kt",3.82285138888889e-05
"3157","USA","Current Trade - Lower Intl. Nuc","Current","Lower Int. Nuc","Fuel - Mod.","Nuclear - Legacy",2085,"Zirconium","operation_demand","kt",0.00652681944444444
"3158","USA","Current Trade - Lower Intl. Nuc","Current","Lower Int. Nuc","Fuel - Mod.","Nuclear - SMR - BWR",2085,"Zirconium","operation_demand","kt",0.216725314814815
"3159","USA","Current Trade - Lower Intl. Nuc","Current","Lower Int. Nuc","Fuel - Mod.","Nuclear - SMR - HTGR",2085,"Graphite","operation_demand","kt",379.273333333334
"3160","USA","Current Trade - Lower Intl. Nuc","Current","Lower Int. Nuc","Fuel - Mod.","Nuclear - SMR - HTGR",2085,"Silicon carbide","operation_demand","kt",0.0758546666666668
"3161","USA","Current Trade - Lower Intl. Nuc","Current","Lower Int. Nuc","Fuel - Mod.","Nuclear - SMR - PWR modular",2085,"Zirconium","operation_demand","kt",0.076298703703704
"3162","USA","Current Trade - Lower Intl. Nuc","Current","Lower Int. Nuc","Fuel - Mod.","Nuclear - Large - PWR",2090,"Hafnium","operation_demand","kt",0.00511432200555555
"3163","USA","Current Trade - Lower Intl. Nuc","Current","Lower Int. Nuc","Fuel - Mod.","Nuclear - Large - PWR",2090,"Zirconium","operation_demand","kt",0.873176927777777
"3164","USA","Current Trade - Lower Intl. Nuc","Current","Lower Int. Nuc","Fuel - Mod.","Nuclear - Legacy",2090,"Hafnium","operation_demand","kt",3.812385e-05
"3165","USA","Current Trade - Lower Intl. Nuc","Current","Lower Int. Nuc","Fuel - Mod.","Nuclear - Legacy",2090,"Zirconium","operation_demand","kt",0.00650895
"3166","USA","Current Trade - Lower Intl. Nuc","Current","Lower Int. Nuc","Fuel - Mod.","Nuclear - SMR - BWR",2090,"Zirconium","operation_demand","kt",0.236567277777778
"3167","USA","Current Trade - Lower Intl. Nuc","Current","Lower Int. Nuc","Fuel - Mod.","Nuclear - SMR - HTGR",2090,"Graphite","operation_demand","kt",410.980277777778
"3168","USA","Current Trade - Lower Intl. Nuc","Current","Lower Int. Nuc","Fuel - Mod.","Nuclear - SMR - HTGR",2090,"Silicon carbide","operation_demand","kt",0.0821960555555556
"3169","USA","Current Trade - Lower Intl. Nuc","Current","Lower Int. Nuc","Fuel - Mod.","Nuclear - SMR - PWR modular",2090,"Zirconium","operation_demand","kt",0.0808317407407406
"3170","USA","Current Trade - Lower Intl. Nuc","Current","Lower Int. Nuc","Fuel - Mod.","Nuclear - Large - PWR",2095,"Hafnium","operation_demand","kt",0.0052998365277778
"3171","USA","Current Trade - Lower Intl. Nuc","Current","Lower Int. Nuc","Fuel - Mod.","Nuclear - Large - PWR",2095,"Zirconium","operation_demand","kt",0.904850138888892
"3172","USA","Current Trade - Lower Intl. Nuc","Current","Lower Int. Nuc","Fuel - Mod.","Nuclear - Legacy",2095,"Hafnium","operation_demand","kt",3.7983425e-05
"3173","USA","Current Trade - Lower Intl. Nuc","Current","Lower Int. Nuc","Fuel - Mod.","Nuclear - Legacy",2095,"Zirconium","operation_demand","kt",0.006484975
"3174","USA","Current Trade - Lower Intl. Nuc","Current","Lower Int. Nuc","Fuel - Mod.","Nuclear - SMR - BWR",2095,"Zirconium","operation_demand","kt",0.256156759259259
"3175","USA","Current Trade - Lower Intl. Nuc","Current","Lower Int. Nuc","Fuel - Mod.","Nuclear - SMR - HTGR",2095,"Graphite","operation_demand","kt",439.735944444444
"3176","USA","Current Trade - Lower Intl. Nuc","Current","Lower Int. Nuc","Fuel - Mod.","Nuclear - SMR - HTGR",2095,"Silicon carbide","operation_demand","kt",0.0879471888888888
"3177","USA","Current Trade - Lower Intl. Nuc","Current","Lower Int. Nuc","Fuel - Mod.","Nuclear - SMR - PWR modular",2095,"Zirconium","operation_demand","kt",0.0835336111111113
"3178","USA","Current Trade - Lower Intl. Nuc","Current","Lower Int. Nuc","Fuel - Mod.","Nuclear - Large - PWR",2100,"Hafnium","operation_demand","kt",0.00535625594444445
"3179","USA","Current Trade - Lower Intl. Nuc","Current","Lower Int. Nuc","Fuel - Mod.","Nuclear - Large - PWR",2100,"Zirconium","operation_demand","kt",0.914482722222223
"3180","USA","Current Trade - Lower Intl. Nuc","Current","Lower Int. Nuc","Fuel - Mod.","Nuclear - SMR - BWR",2100,"Zirconium","operation_demand","kt",0.272329388888889
"3181","USA","Current Trade - Lower Intl. Nuc","Current","Lower Int. Nuc","Fuel - Mod.","Nuclear - SMR - HTGR",2100,"Graphite","operation_demand","kt",462.328
"3182","USA","Current Trade - Lower Intl. Nuc","Current","Lower Int. Nuc","Fuel - Mod.","Nuclear - SMR - HTGR",2100,"Silicon carbide","operation_demand","kt",0.0924656
"3183","USA","Current Trade - Lower Intl. Nuc","Current","Lower Int. Nuc","Fuel - Mod.","Nuclear - SMR - PWR modular",2100,"Zirconium","operation_demand","kt",0.084760777777778
"3184","USA","Limited Trade","Limited","Reactor - Mod.","Fuel - Mod.","Nuclear - Legacy",2021,"Hafnium","operation_demand","kt",0.00332736853
"3185","USA","Limited Trade","Limited","Reactor - Mod.","Fuel - Mod.","Nuclear - Legacy",2021,"Zirconium","operation_demand","kt",0.56808731
"3186","USA","Limited Trade","Limited","Reactor - Mod.","Fuel - Mod.","Nuclear - Large - PWR",2025,"Hafnium","operation_demand","kt",7.51666666666665e-05
"3187","USA","Limited Trade","Limited","Reactor - Mod.","Fuel - Mod.","Nuclear - Large - PWR",2025,"Zirconium","operation_demand","kt",0.0128333333333333
"3188","USA","Limited Trade","Limited","Reactor - Mod.","Fuel - Mod.","Nuclear - Legacy",2025,"Hafnium","operation_demand","kt",0.00331470980277778
"3189","USA","Limited Trade","Limited","Reactor - Mod.","Fuel - Mod.","Nuclear - Legacy",2025,"Zirconium","operation_demand","kt",0.565926063888889
"3190","USA","Limited Trade","Limited","Reactor - Mod.","Fuel - Mod.","Nuclear - Large - PWR",2030,"Hafnium","operation_demand","kt",0.000127387
"3191","USA","Limited Trade","Limited","Reactor - Mod.","Fuel - Mod.","Nuclear - Large - PWR",2030,"Zirconium","operation_demand","kt",0.021749
"3192","USA","Limited Trade","Limited","Reactor - Mod.","Fuel - Mod.","Nuclear - Legacy",2030,"Hafnium","operation_demand","kt",0.00331418933055555
"3193","USA","Limited Trade","Limited","Reactor - Mod.","Fuel - Mod.","Nuclear - Legacy",2030,"Zirconium","operation_demand","kt",0.565837202777778
"3194","USA","Limited Trade","Limited","Reactor - Mod.","Fuel - Mod.","Nuclear - Large - PWR",2035,"Hafnium","operation_demand","kt",0.000224062266666667
"3195","USA","Limited Trade","Limited","Reactor - Mod.","Fuel - Mod.","Nuclear - Large - PWR",2035,"Zirconium","operation_demand","kt",0.0382545333333333
"3196","USA","Limited Trade","Limited","Reactor - Mod.","Fuel - Mod.","Nuclear - Legacy",2035,"Hafnium","operation_demand","kt",0.00323316353611111
"3197","USA","Limited Trade","Limited","Reactor - Mod.","Fuel - Mod.","Nuclear - Legacy",2035,"Zirconium","operation_demand","kt",0.552003530555555
"3198","USA","Limited Trade","Limited","Reactor - Mod.","Fuel - Mod.","Nuclear - SMR - BWR",2035,"Zirconium","operation_demand","kt",0.00234507407407407
"3199","USA","Limited Trade","Limited","Reactor - Mod.","Fuel - Mod.","Nuclear - SMR - HTGR",2035,"Graphite","operation_demand","kt",5.96322222222222
"3200","USA","Limited Trade","Limited","Reactor - Mod.","Fuel - Mod.","Nuclear - SMR - HTGR",2035,"Silicon carbide","operation_demand","kt",0.00119264444444444
"3201","USA","Limited Trade","Limited","Reactor - Mod.","Fuel - Mod.","Nuclear - SMR - PWR modular",2035,"Zirconium","operation_demand","kt",0.00194079629629629
"3202","USA","Limited Trade","Limited","Reactor - Mod.","Fuel - Mod.","Nuclear - Large - PWR",2040,"Hafnium","operation_demand","kt",0.00041156005
"3203","USA","Limited Trade","Limited","Reactor - Mod.","Fuel - Mod.","Nuclear - Large - PWR",2040,"Zirconium","operation_demand","kt",0.07026635
"3204","USA","Limited Trade","Limited","Reactor - Mod.","Fuel - Mod.","Nuclear - Legacy",2040,"Hafnium","operation_demand","kt",0.00323066971111111
"3205","USA","Limited Trade","Limited","Reactor - Mod.","Fuel - Mod.","Nuclear - Legacy",2040,"Zirconium","operation_demand","kt",0.551577755555555
"3206","USA","Limited Trade","Limited","Reactor - Mod.","Fuel - Mod.","Nuclear - SMR - BWR",2040,"Zirconium","operation_demand","kt",0.00701555555555553
"3207","USA","Limited Trade","Limited","Reactor - Mod.","Fuel - Mod.","Nuclear - SMR - HTGR",2040,"Graphite","operation_demand","kt",15.9981666666667
"3208","USA","Limited Trade","Limited","Reactor - Mod.","Fuel - Mod.","Nuclear - SMR - HTGR",2040,"Silicon carbide","operation_demand","kt",0.00319963333333333
"3209","USA","Limited Trade","Limited","Reactor - Mod.","Fuel - Mod.","Nuclear - SMR - PWR modular",2040,"Zirconium","operation_demand","kt",0.00471514814814815
"3210","USA","Limited Trade","Limited","Reactor - Mod.","Fuel - Mod.","Nuclear - Large - PWR",2045,"Hafnium","operation_demand","kt",0.000615444394444445
"3211","USA","Limited Trade","Limited","Reactor - Mod.","Fuel - Mod.","Nuclear - Large - PWR",2045,"Zirconium","operation_demand","kt",0.105075872222222
"3212","USA","Limited Trade","Limited","Reactor - Mod.","Fuel - Mod.","Nuclear - Legacy",2045,"Hafnium","operation_demand","kt",0.00322630480555555
"3213","USA","Limited Trade","Limited","Reactor - Mod.","Fuel - Mod.","Nuclear - Legacy",2045,"Zirconium","operation_demand","kt",0.550832527777778
"3214","USA","Limited Trade","Limited","Reactor - Mod.","Fuel - Mod.","Nuclear - SMR - BWR",2045,"Zirconium","operation_demand","kt",0.0139767962962963
"3215","USA","Limited Trade","Limited","Reactor - Mod.","Fuel - Mod.","Nuclear - SMR - HTGR",2045,"Graphite","operation_demand","kt",29.6208888888888
"3216","USA","Limited Trade","Limited","Reactor - Mod.","Fuel - Mod.","Nuclear - SMR - HTGR",2045,"Silicon carbide","operation_demand","kt",0.00592417777777776
"3217","USA","Limited Trade","Limited","Reactor - Mod.","Fuel - Mod.","Nuclear - SMR - PWR modular",2045,"Zirconium","operation_demand","kt",0.00754953703703707
"3218","USA","Limited Trade","Limited","Reactor - Mod.","Fuel - Mod.","Nuclear - Large - PWR",2050,"Hafnium","operation_demand","kt",0.000995349369444445
"3219","USA","Limited Trade","Limited","Reactor - Mod.","Fuel - Mod.","Nuclear - Large - PWR",2050,"Zirconium","operation_demand","kt",0.169937697222222
"3220","USA","Limited Trade","Limited","Reactor - Mod.","Fuel - Mod.","Nuclear - Legacy",2050,"Hafnium","operation_demand","kt",0.00311162495833333
"3221","USA","Limited Trade","Limited","Reactor - Mod.","Fuel - Mod.","Nuclear - Legacy",2050,"Zirconium","operation_demand","kt",0.531253041666667
"3222","USA","Limited Trade","Limited","Reactor - Mod.","Fuel - Mod.","Nuclear - SMR - BWR",2050,"Zirconium","operation_demand","kt",0.0296306111111111
"3223","USA","Limited Trade","Limited","Reactor - Mod.","Fuel - Mod.","Nuclear - SMR - HTGR",2050,"Graphite","operation_demand","kt",58.5790555555556
"3224","USA","Limited Trade","Limited","Reactor - Mod.","Fuel - Mod.","Nuclear - SMR - HTGR",2050,"Silicon carbide","operation_demand","kt",0.0117158111111111
"3225","USA","Limited Trade","Limited","Reactor - Mod.","Fuel - Mod.","Nuclear - SMR - PWR modular",2050,"Zirconium","operation_demand","kt",0.0128849629629629
"3226","USA","Limited Trade","Limited","Reactor - Mod.","Fuel - Mod.","Nuclear - Large - PWR",2055,"Hafnium","operation_demand","kt",0.00132581255833333
"3227","USA","Limited Trade","Limited","Reactor - Mod.","Fuel - Mod.","Nuclear - Large - PWR",2055,"Zirconium","operation_demand","kt",0.226358241666667
"3228","USA","Limited Trade","Limited","Reactor - Mod.","Fuel - Mod.","Nuclear - Legacy",2055,"Hafnium","operation_demand","kt",0.00220992084166667
"3229","USA","Limited Trade","Limited","Reactor - Mod.","Fuel - Mod.","Nuclear - Legacy",2055,"Zirconium","operation_demand","kt",0.377303558333333
"3230","USA","Limited Trade","Limited","Reactor - Mod.","Fuel - Mod.","Nuclear - SMR - BWR",2055,"Zirconium","operation_demand","kt",0.0466198518518519
"3231","USA","Limited Trade","Limited","Reactor - Mod.","Fuel - Mod.","Nuclear - SMR - HTGR",2055,"Graphite","operation_demand","kt",88.2630555555556
"3232","USA","Limited Trade","Limited","Reactor - Mod.","Fuel - Mod.","Nuclear - SMR - HTGR",2055,"Silicon carbide","operation_demand","kt",0.0176526111111111
"3233","USA","Limited Trade","Limited","Reactor - Mod.","Fuel - Mod.","Nuclear - SMR - PWR modular",2055,"Zirconium","operation_demand","kt",0.0175955
"3234","USA","Limited Trade","Limited","Reactor - Mod.","Fuel - Mod.","Nuclear - Large - PWR",2060,"Hafnium","operation_demand","kt",0.00161112962222222
"3235","USA","Limited Trade","Limited","Reactor - Mod.","Fuel - Mod.","Nuclear - Large - PWR",2060,"Zirconium","operation_demand","kt",0.275070911111111
"3236","USA","Limited Trade","Limited","Reactor - Mod.","Fuel - Mod.","Nuclear - Legacy",2060,"Hafnium","operation_demand","kt",0.00171910904444444
"3237","USA","Limited Trade","Limited","Reactor - Mod.","Fuel - Mod.","Nuclear - Legacy",2060,"Zirconium","operation_demand","kt",0.293506422222222
"3238","USA","Limited Trade","Limited","Reactor - Mod.","Fuel - Mod.","Nuclear - SMR - BWR",2060,"Zirconium","operation_demand","kt",0.0635194444444445
"3239","USA","Limited Trade","Limited","Reactor - Mod.","Fuel - Mod.","Nuclear - SMR - HTGR",2060,"Graphite","operation_demand","kt",116.801555555556
"3240","USA","Limited Trade","Limited","Reactor - Mod.","Fuel - Mod.","Nuclear - SMR - HTGR",2060,"Silicon carbide","operation_demand","kt",0.0233603111111111
"3241","USA","Limited Trade","Limited","Reactor - Mod.","Fuel - Mod.","Nuclear - SMR - PWR modular",2060,"Zirconium","operation_demand","kt",0.0216832037037037
"3242","USA","Limited Trade","Limited","Reactor - Mod.","Fuel - Mod.","Nuclear - Large - PWR",2065,"Hafnium","operation_demand","kt",0.00192254853888889
"3243","USA","Limited Trade","Limited","Reactor - Mod.","Fuel - Mod.","Nuclear - Large - PWR",2065,"Zirconium","operation_demand","kt",0.328239994444445
"3244","USA","Limited Trade","Limited","Reactor - Mod.","Fuel - Mod.","Nuclear - Legacy",2065,"Hafnium","operation_demand","kt",0.00098339912222222
"3245","USA","Limited Trade","Limited","Reactor - Mod.","Fuel - Mod.","Nuclear - Legacy",2065,"Zirconium","operation_demand","kt",0.167897411111111
"3246","USA","Limited Trade","Limited","Reactor - Mod.","Fuel - Mod.","Nuclear - SMR - BWR",2065,"Zirconium","operation_demand","kt",0.083182703703704
"3247","USA","Limited Trade","Limited","Reactor - Mod.","Fuel - Mod.","Nuclear - SMR - HTGR",2065,"Graphite","operation_demand","kt",149.426944444444
"3248","USA","Limited Trade","Limited","Reactor - Mod.","Fuel - Mod.","Nuclear - SMR - HTGR",2065,"Silicon carbide","operation_demand","kt",0.0298853888888889
"3249","USA","Limited Trade","Limited","Reactor - Mod.","Fuel - Mod.","Nuclear - SMR - PWR modular",2065,"Zirconium","operation_demand","kt",0.0261553333333333
"3250","USA","Limited Trade","Limited","Reactor - Mod.","Fuel - Mod.","Nuclear - Large - PWR",2070,"Hafnium","operation_demand","kt",0.002247235625
"3251","USA","Limited Trade","Limited","Reactor - Mod.","Fuel - Mod.","Nuclear - Large - PWR",2070,"Zirconium","operation_demand","kt",0.383674375
"3252","USA","Limited Trade","Limited","Reactor - Mod.","Fuel - Mod.","Nuclear - Legacy",2070,"Hafnium","operation_demand","kt",0.000190287036111111
"3253","USA","Limited Trade","Limited","Reactor - Mod.","Fuel - Mod.","Nuclear - Legacy",2070,"Zirconium","operation_demand","kt",0.0324880305555555
"3254","USA","Limited Trade","Limited","Reactor - Mod.","Fuel - Mod.","Nuclear - SMR - BWR",2070,"Zirconium","operation_demand","kt",0.104850851851852
"3255","USA","Limited Trade","Limited","Reactor - Mod.","Fuel - Mod.","Nuclear - SMR - HTGR",2070,"Graphite","operation_demand","kt",184.864722222222
"3256","USA","Limited Trade","Limited","Reactor - Mod.","Fuel - Mod.","Nuclear - SMR - HTGR",2070,"Silicon carbide","operation_demand","kt",0.0369729444444444
"3257","USA","Limited Trade","Limited","Reactor - Mod.","Fuel - Mod.","Nuclear - SMR - PWR modular",2070,"Zirconium","operation_demand","kt",0.0308334074074074
"3258","USA","Limited Trade","Limited","Reactor - Mod.","Fuel - Mod.","Nuclear - Large - PWR",2075,"Hafnium","operation_demand","kt",0.00256599445277778
"3259","USA","Limited Trade","Limited","Reactor - Mod.","Fuel - Mod.","Nuclear - Large - PWR",2075,"Zirconium","operation_demand","kt",0.438096613888889
"3260","USA","Limited Trade","Limited","Reactor - Mod.","Fuel - Mod.","Nuclear - Legacy",2075,"Hafnium","operation_demand","kt",7.43866416666665e-05
"3261","USA","Limited Trade","Limited","Reactor - Mod.","Fuel - Mod.","Nuclear - Legacy",2075,"Zirconium","operation_demand","kt",0.0127001583333333
"3262","USA","Limited Trade","Limited","Reactor - Mod.","Fuel - Mod.","Nuclear - SMR - BWR",2075,"Zirconium","operation_demand","kt",0.127103407407407
"3263","USA","Limited Trade","Limited","Reactor - Mod.","Fuel - Mod.","Nuclear - SMR - HTGR",2075,"Graphite","operation_demand","kt",220.866111111112
"3264","USA","Limited Trade","Limited","Reactor - Mod.","Fuel - Mod.","Nuclear - SMR - HTGR",2075,"Silicon carbide","operation_demand","kt",0.0441732222222224
"3265","USA","Limited Trade","Limited","Reactor - Mod.","Fuel - Mod.","Nuclear - SMR - PWR modular",2075,"Zirconium","operation_demand","kt",0.0354403333333333
"3266","USA","Limited Trade","Limited","Reactor - Mod.","Fuel - Mod.","Nuclear - Large - PWR",2080,"Hafnium","operation_demand","kt",0.00296656957777778
"3267","USA","Limited Trade","Limited","Reactor - Mod.","Fuel - Mod.","Nuclear - Large - PWR",2080,"Zirconium","operation_demand","kt",0.506487488888889
"3268","USA","Limited Trade","Limited","Reactor - Mod.","Fuel - Mod.","Nuclear - Legacy",2080,"Hafnium","operation_demand","kt",3.79425388888889e-05
"3269","USA","Limited Trade","Limited","Reactor - Mod.","Fuel - Mod.","Nuclear - Legacy",2080,"Zirconium","operation_demand","kt",0.00647799444444445
"3270","USA","Limited Trade","Limited","Reactor - Mod.","Fuel - Mod.","Nuclear - SMR - BWR",2080,"Zirconium","operation_demand","kt",0.156171851851852
"3271","USA","Limited Trade","Limited","Reactor - Mod.","Fuel - Mod.","Nuclear - SMR - HTGR",2080,"Graphite","operation_demand","kt",267.498888888888
"3272","USA","Limited Trade","Limited","Reactor - Mod.","Fuel - Mod.","Nuclear - SMR - HTGR",2080,"Silicon carbide","operation_demand","kt",0.0534997777777776
"3273","USA","Limited Trade","Limited","Reactor - Mod.","Fuel - Mod.","Nuclear - SMR - PWR modular",2080,"Zirconium","operation_demand","kt",0.0412459259259259
"3274","USA","Limited Trade","Limited","Reactor - Mod.","Fuel - Mod.","Nuclear - Large - PWR",2085,"Hafnium","operation_demand","kt",0.00325625348333333
"3275","USA","Limited Trade","Limited","Reactor - Mod.","Fuel - Mod.","Nuclear - Large - PWR",2085,"Zirconium","operation_demand","kt",0.555945716666667
"3276","USA","Limited Trade","Limited","Reactor - Mod.","Fuel - Mod.","Nuclear - Legacy",2085,"Hafnium","operation_demand","kt",3.78863916666667e-05
"3277","USA","Limited Trade","Limited","Reactor - Mod.","Fuel - Mod.","Nuclear - Legacy",2085,"Zirconium","operation_demand","kt",0.00646840833333333
"3278","USA","Limited Trade","Limited","Reactor - Mod.","Fuel - Mod.","Nuclear - SMR - BWR",2085,"Zirconium","operation_demand","kt",0.178771481481481
"3279","USA","Limited Trade","Limited","Reactor - Mod.","Fuel - Mod.","Nuclear - SMR - HTGR",2085,"Graphite","operation_demand","kt",303.231777777778
"3280","USA","Limited Trade","Limited","Reactor - Mod.","Fuel - Mod.","Nuclear - SMR - HTGR",2085,"Silicon carbide","operation_demand","kt",0.0606463555555556
"3281","USA","Limited Trade","Limited","Reactor - Mod.","Fuel - Mod.","Nuclear - SMR - PWR modular",2085,"Zirconium","operation_demand","kt",0.0454704259259259
"3282","USA","Limited Trade","Limited","Reactor - Mod.","Fuel - Mod.","Nuclear - Large - PWR",2090,"Hafnium","operation_demand","kt",0.00345588669722222
"3283","USA","Limited Trade","Limited","Reactor - Mod.","Fuel - Mod.","Nuclear - Large - PWR",2090,"Zirconium","operation_demand","kt",0.590029436111111
"3284","USA","Limited Trade","Limited","Reactor - Mod.","Fuel - Mod.","Nuclear - Legacy",2090,"Hafnium","operation_demand","kt",3.78456194444445e-05
"3285","USA","Limited Trade","Limited","Reactor - Mod.","Fuel - Mod.","Nuclear - Legacy",2090,"Zirconium","operation_demand","kt",0.00646144722222222
"3286","USA","Limited Trade","Limited","Reactor - Mod.","Fuel - Mod.","Nuclear - SMR - BWR",2090,"Zirconium","operation_demand","kt",0.198605388888889
"3287","USA","Limited Trade","Limited","Reactor - Mod.","Fuel - Mod.","Nuclear - SMR - HTGR",2090,"Graphite","operation_demand","kt",334.450722222222
"3288","USA","Limited Trade","Limited","Reactor - Mod.","Fuel - Mod.","Nuclear - SMR - HTGR",2090,"Silicon carbide","operation_demand","kt",0.0668901444444444
"3289","USA","Limited Trade","Limited","Reactor - Mod.","Fuel - Mod.","Nuclear - SMR - PWR modular",2090,"Zirconium","operation_demand","kt",0.049160037037037
"3290","USA","Limited Trade","Limited","Reactor - Mod.","Fuel - Mod.","Nuclear - Large - PWR",2095,"Hafnium","operation_demand","kt",0.00364627919444445
"3291","USA","Limited Trade","Limited","Reactor - Mod.","Fuel - Mod.","Nuclear - Large - PWR",2095,"Zirconium","operation_demand","kt",0.622535472222222
"3292","USA","Limited Trade","Limited","Reactor - Mod.","Fuel - Mod.","Nuclear - Legacy",2095,"Hafnium","operation_demand","kt",3.77909527777778e-05
"3293","USA","Limited Trade","Limited","Reactor - Mod.","Fuel - Mod.","Nuclear - Legacy",2095,"Zirconium","operation_demand","kt",0.00645211388888888
"3294","USA","Limited Trade","Limited","Reactor - Mod.","Fuel - Mod.","Nuclear - SMR - BWR",2095,"Zirconium","operation_demand","kt",0.219045703703704
"3295","USA","Limited Trade","Limited","Reactor - Mod.","Fuel - Mod.","Nuclear - SMR - HTGR",2095,"Graphite","operation_demand","kt",364.2925
"3296","USA","Limited Trade","Limited","Reactor - Mod.","Fuel - Mod.","Nuclear - SMR - HTGR",2095,"Silicon carbide","operation_demand","kt",0.0728585
"3297","USA","Limited Trade","Limited","Reactor - Mod.","Fuel - Mod.","Nuclear - SMR - PWR modular",2095,"Zirconium","operation_demand","kt",0.0514935925925926
"3298","USA","Limited Trade","Limited","Reactor - Mod.","Fuel - Mod.","Nuclear - Large - PWR",2100,"Hafnium","operation_demand","kt",0.00373394516666667
"3299","USA","Limited Trade","Limited","Reactor - Mod.","Fuel - Mod.","Nuclear - Large - PWR",2100,"Zirconium","operation_demand","kt",0.637502833333333
"3300","USA","Limited Trade","Limited","Reactor - Mod.","Fuel - Mod.","Nuclear - SMR - BWR",2100,"Zirconium","operation_demand","kt",0.236380907407407
"3301","USA","Limited Trade","Limited","Reactor - Mod.","Fuel - Mod.","Nuclear - SMR - HTGR",2100,"Graphite","operation_demand","kt",388.7115
"3302","USA","Limited Trade","Limited","Reactor - Mod.","Fuel - Mod.","Nuclear - SMR - HTGR",2100,"Silicon carbide","operation_demand","kt",0.0777423
"3303","USA","Limited Trade","Limited","Reactor - Mod.","Fuel - Mod.","Nuclear - SMR - PWR modular",2100,"Zirconium","operation_demand","kt",0.0528268518518519
"3304","USA","Limited Trade - Adv. Fuel","Limited","Reactor - Mod.","Fuel - Adv.","Nuclear - Legacy",2021,"Hafnium","operation_demand","kt",0.00332736853
"3305","USA","Limited Trade - Adv. Fuel","Limited","Reactor - Mod.","Fuel - Adv.","Nuclear - Legacy",2021,"Zirconium","operation_demand","kt",0.56808731
"3306","USA","Limited Trade - Adv. Fuel","Limited","Reactor - Mod.","Fuel - Adv.","Nuclear - Large - PWR",2025,"Hafnium","operation_demand","kt",7.51666666666665e-05
"3307","USA","Limited Trade - Adv. Fuel","Limited","Reactor - Mod.","Fuel - Adv.","Nuclear - Large - PWR",2025,"Zirconium","operation_demand","kt",0.0128333333333333
"3308","USA","Limited Trade - Adv. Fuel","Limited","Reactor - Mod.","Fuel - Adv.","Nuclear - Legacy",2025,"Hafnium","operation_demand","kt",0.00331470968888889
"3309","USA","Limited Trade - Adv. Fuel","Limited","Reactor - Mod.","Fuel - Adv.","Nuclear - Legacy",2025,"Zirconium","operation_demand","kt",0.565926044444445
"3310","USA","Limited Trade - Adv. Fuel","Limited","Reactor - Mod.","Fuel - Adv.","Nuclear - Large - PWR",2030,"Hafnium","operation_demand","kt",0.000127558858333333
"3311","USA","Limited Trade - Adv. Fuel","Limited","Reactor - Mod.","Fuel - Adv.","Nuclear - Large - PWR",2030,"Zirconium","operation_demand","kt",0.0217783416666667
"3312","USA","Limited Trade - Adv. Fuel","Limited","Reactor - Mod.","Fuel - Adv.","Nuclear - Legacy",2030,"Hafnium","operation_demand","kt",0.00331424331388889
"3313","USA","Limited Trade - Adv. Fuel","Limited","Reactor - Mod.","Fuel - Adv.","Nuclear - Legacy",2030,"Zirconium","operation_demand","kt",0.565846419444445
"3314","USA","Limited Trade - Adv. Fuel","Limited","Reactor - Mod.","Fuel - Adv.","Nuclear - Large - PWR",2035,"Hafnium","operation_demand","kt",0.000224929530555556
"3315","USA","Limited Trade - Adv. Fuel","Limited","Reactor - Mod.","Fuel - Adv.","Nuclear - Large - PWR",2035,"Zirconium","operation_demand","kt",0.0384026027777778
"3316","USA","Limited Trade - Adv. Fuel","Limited","Reactor - Mod.","Fuel - Adv.","Nuclear - Legacy",2035,"Hafnium","operation_demand","kt",0.00323328255
"3317","USA","Limited Trade - Adv. Fuel","Limited","Reactor - Mod.","Fuel - Adv.","Nuclear - Legacy",2035,"Zirconium","operation_demand","kt",0.55202385
"3318","USA","Limited Trade - Adv. Fuel","Limited","Reactor - Mod.","Fuel - Adv.","Nuclear - SMR - BWR",2035,"Zirconium","operation_demand","kt",0.00233359259259259
"3319","USA","Limited Trade - Adv. Fuel","Limited","Reactor - Mod.","Fuel - Adv.","Nuclear - SMR - HTGR",2035,"Graphite","operation_demand","kt",6.023
"3320","USA","Limited Trade - Adv. Fuel","Limited","Reactor - Mod.","Fuel - Adv.","Nuclear - SMR - HTGR",2035,"Silicon carbide","operation_demand","kt",0.0012046
"3321","USA","Limited Trade - Adv. Fuel","Limited","Reactor - Mod.","Fuel - Adv.","Nuclear - SMR - PWR modular",2035,"Zirconium","operation_demand","kt",0.00194168518518519
"3322","USA","Limited Trade - Adv. Fuel","Limited","Reactor - Mod.","Fuel - Adv.","Nuclear - Large - PWR",2040,"Hafnium","operation_demand","kt",0.000422601805555555
"3323","USA","Limited Trade - Adv. Fuel","Limited","Reactor - Mod.","Fuel - Adv.","Nuclear - Large - PWR",2040,"Zirconium","operation_demand","kt",0.0721515277777777
"3324","USA","Limited Trade - Adv. Fuel","Limited","Reactor - Mod.","Fuel - Adv.","Nuclear - Legacy",2040,"Hafnium","operation_demand","kt",0.00323200858888889
"3325","USA","Limited Trade - Adv. Fuel","Limited","Reactor - Mod.","Fuel - Adv.","Nuclear - Legacy",2040,"Zirconium","operation_demand","kt",0.551806344444445
"3326","USA","Limited Trade - Adv. Fuel","Limited","Reactor - Mod.","Fuel - Adv.","Nuclear - SMR - BWR",2040,"Zirconium","operation_demand","kt",0.00702385185185187
"3327","USA","Limited Trade - Adv. Fuel","Limited","Reactor - Mod.","Fuel - Adv.","Nuclear - SMR - HTGR",2040,"Graphite","operation_demand","kt",16.4659444444444
"3328","USA","Limited Trade - Adv. Fuel","Limited","Reactor - Mod.","Fuel - Adv.","Nuclear - SMR - HTGR",2040,"Silicon carbide","operation_demand","kt",0.00329318888888889
"3329","USA","Limited Trade - Adv. Fuel","Limited","Reactor - Mod.","Fuel - Adv.","Nuclear - SMR - PWR modular",2040,"Zirconium","operation_demand","kt",0.00483409259259259
"3330","USA","Limited Trade - Adv. Fuel","Limited","Reactor - Mod.","Fuel - Adv.","Nuclear - Large - PWR",2045,"Hafnium","operation_demand","kt",0.00065780821388889
"3331","USA","Limited Trade - Adv. Fuel","Limited","Reactor - Mod.","Fuel - Adv.","Nuclear - Large - PWR",2045,"Zirconium","operation_demand","kt",0.112308719444445
"3332","USA","Limited Trade - Adv. Fuel","Limited","Reactor - Mod.","Fuel - Adv.","Nuclear - Legacy",2045,"Hafnium","operation_demand","kt",0.00323103643333333
"3333","USA","Limited Trade - Adv. Fuel","Limited","Reactor - Mod.","Fuel - Adv.","Nuclear - Legacy",2045,"Zirconium","operation_demand","kt",0.551640366666667
"3334","USA","Limited Trade - Adv. Fuel","Limited","Reactor - Mod.","Fuel - Adv.","Nuclear - SMR - BWR",2045,"Zirconium","operation_demand","kt",0.0142358703703704
"3335","USA","Limited Trade - Adv. Fuel","Limited","Reactor - Mod.","Fuel - Adv.","Nuclear - SMR - HTGR",2045,"Graphite","operation_demand","kt",31.4362777777778
"3336","USA","Limited Trade - Adv. Fuel","Limited","Reactor - Mod.","Fuel - Adv.","Nuclear - SMR - HTGR",2045,"Silicon carbide","operation_demand","kt",0.00628725555555556
"3337","USA","Limited Trade - Adv. Fuel","Limited","Reactor - Mod.","Fuel - Adv.","Nuclear - SMR - PWR modular",2045,"Zirconium","operation_demand","kt",0.0080661296296296
"3338","USA","Limited Trade - Adv. Fuel","Limited","Reactor - Mod.","Fuel - Adv.","Nuclear - Large - PWR",2050,"Hafnium","operation_demand","kt",0.00111522220833333
"3339","USA","Limited Trade - Adv. Fuel","Limited","Reactor - Mod.","Fuel - Adv.","Nuclear - Large - PWR",2050,"Zirconium","operation_demand","kt",0.190403791666667
"3340","USA","Limited Trade - Adv. Fuel","Limited","Reactor - Mod.","Fuel - Adv.","Nuclear - Legacy",2050,"Hafnium","operation_demand","kt",0.00311892762777778
"3341","USA","Limited Trade - Adv. Fuel","Limited","Reactor - Mod.","Fuel - Adv.","Nuclear - Legacy",2050,"Zirconium","operation_demand","kt",0.532499838888889
"3342","USA","Limited Trade - Adv. Fuel","Limited","Reactor - Mod.","Fuel - Adv.","Nuclear - SMR - BWR",2050,"Zirconium","operation_demand","kt",0.0306393888888889
"3343","USA","Limited Trade - Adv. Fuel","Limited","Reactor - Mod.","Fuel - Adv.","Nuclear - SMR - HTGR",2050,"Graphite","operation_demand","kt",64.2402777777778
"3344","USA","Limited Trade - Adv. Fuel","Limited","Reactor - Mod.","Fuel - Adv.","Nuclear - SMR - HTGR",2050,"Silicon carbide","operation_demand","kt",0.0128480555555556
"3345","USA","Limited Trade - Adv. Fuel","Limited","Reactor - Mod.","Fuel - Adv.","Nuclear - SMR - PWR modular",2050,"Zirconium","operation_demand","kt",0.0144420555555555
"3346","USA","Limited Trade - Adv. Fuel","Limited","Reactor - Mod.","Fuel - Adv.","Nuclear - Large - PWR",2055,"Hafnium","operation_demand","kt",0.00157303595277778
"3347","USA","Limited Trade - Adv. Fuel","Limited","Reactor - Mod.","Fuel - Adv.","Nuclear - Large - PWR",2055,"Zirconium","operation_demand","kt",0.268567113888889
"3348","USA","Limited Trade - Adv. Fuel","Limited","Reactor - Mod.","Fuel - Adv.","Nuclear - Legacy",2055,"Hafnium","operation_demand","kt",0.00222039953055555
"3349","USA","Limited Trade - Adv. Fuel","Limited","Reactor - Mod.","Fuel - Adv.","Nuclear - Legacy",2055,"Zirconium","operation_demand","kt",0.379092602777778
"3350","USA","Limited Trade - Adv. Fuel","Limited","Reactor - Mod.","Fuel - Adv.","Nuclear - SMR - BWR",2055,"Zirconium","operation_demand","kt",0.0495282777777778
"3351","USA","Limited Trade - Adv. Fuel","Limited","Reactor - Mod.","Fuel - Adv.","Nuclear - SMR - HTGR",2055,"Graphite","operation_demand","kt",100.963833333333
"3352","USA","Limited Trade - Adv. Fuel","Limited","Reactor - Mod.","Fuel - Adv.","Nuclear - SMR - HTGR",2055,"Silicon carbide","operation_demand","kt",0.0201927666666667
"3353","USA","Limited Trade - Adv. Fuel","Limited","Reactor - Mod.","Fuel - Adv.","Nuclear - SMR - PWR modular",2055,"Zirconium","operation_demand","kt",0.0209857962962963
"3354","USA","Limited Trade - Adv. Fuel","Limited","Reactor - Mod.","Fuel - Adv.","Nuclear - Large - PWR",2060,"Hafnium","operation_demand","kt",0.00200147183055555
"3355","USA","Limited Trade - Adv. Fuel","Limited","Reactor - Mod.","Fuel - Adv.","Nuclear - Large - PWR",2060,"Zirconium","operation_demand","kt",0.341714702777778
"3356","USA","Limited Trade - Adv. Fuel","Limited","Reactor - Mod.","Fuel - Adv.","Nuclear - Legacy",2060,"Hafnium","operation_demand","kt",0.00173221537777778
"3357","USA","Limited Trade - Adv. Fuel","Limited","Reactor - Mod.","Fuel - Adv.","Nuclear - Legacy",2060,"Zirconium","operation_demand","kt",0.295744088888889
"3358","USA","Limited Trade - Adv. Fuel","Limited","Reactor - Mod.","Fuel - Adv.","Nuclear - SMR - BWR",2060,"Zirconium","operation_demand","kt",0.0687980925925927
"3359","USA","Limited Trade - Adv. Fuel","Limited","Reactor - Mod.","Fuel - Adv.","Nuclear - SMR - HTGR",2060,"Graphite","operation_demand","kt",138.038888888889
"3360","USA","Limited Trade - Adv. Fuel","Limited","Reactor - Mod.","Fuel - Adv.","Nuclear - SMR - HTGR",2060,"Silicon carbide","operation_demand","kt",0.0276077777777778
"3361","USA","Limited Trade - Adv. Fuel","Limited","Reactor - Mod.","Fuel - Adv.","Nuclear - SMR - PWR modular",2060,"Zirconium","operation_demand","kt",0.027215
"3362","USA","Limited Trade - Adv. Fuel","Limited","Reactor - Mod.","Fuel - Adv.","Nuclear - Large - PWR",2065,"Hafnium","operation_demand","kt",0.00246347634444444
"3363","USA","Limited Trade - Adv. Fuel","Limited","Reactor - Mod.","Fuel - Adv.","Nuclear - Large - PWR",2065,"Zirconium","operation_demand","kt",0.420593522222222
"3364","USA","Limited Trade - Adv. Fuel","Limited","Reactor - Mod.","Fuel - Adv.","Nuclear - Legacy",2065,"Hafnium","operation_demand","kt",0.00099190901388889
"3365","USA","Limited Trade - Adv. Fuel","Limited","Reactor - Mod.","Fuel - Adv.","Nuclear - Legacy",2065,"Zirconium","operation_demand","kt",0.169350319444445
"3366","USA","Limited Trade - Adv. Fuel","Limited","Reactor - Mod.","Fuel - Adv.","Nuclear - SMR - BWR",2065,"Zirconium","operation_demand","kt",0.0910573148148147
"3367","USA","Limited Trade - Adv. Fuel","Limited","Reactor - Mod.","Fuel - Adv.","Nuclear - SMR - HTGR",2065,"Graphite","operation_demand","kt",180.693
"3368","USA","Limited Trade - Adv. Fuel","Limited","Reactor - Mod.","Fuel - Adv.","Nuclear - SMR - HTGR",2065,"Silicon carbide","operation_demand","kt",0.0361386
"3369","USA","Limited Trade - Adv. Fuel","Limited","Reactor - Mod.","Fuel - Adv.","Nuclear - SMR - PWR modular",2065,"Zirconium","operation_demand","kt",0.0339882777777778
"3370","USA","Limited Trade - Adv. Fuel","Limited","Reactor - Mod.","Fuel - Adv.","Nuclear - Large - PWR",2070,"Hafnium","operation_demand","kt",0.00293873855
"3371","USA","Limited Trade - Adv. Fuel","Limited","Reactor - Mod.","Fuel - Adv.","Nuclear - Large - PWR",2070,"Zirconium","operation_demand","kt",0.50173585
"3372","USA","Limited Trade - Adv. Fuel","Limited","Reactor - Mod.","Fuel - Adv.","Nuclear - Legacy",2070,"Hafnium","operation_demand","kt",0.000191997305555556
"3373","USA","Limited Trade - Adv. Fuel","Limited","Reactor - Mod.","Fuel - Adv.","Nuclear - Legacy",2070,"Zirconium","operation_demand","kt",0.0327800277777778
"3374","USA","Limited Trade - Adv. Fuel","Limited","Reactor - Mod.","Fuel - Adv.","Nuclear - SMR - BWR",2070,"Zirconium","operation_demand","kt",0.115301481481481
"3375","USA","Limited Trade - Adv. Fuel","Limited","Reactor - Mod.","Fuel - Adv.","Nuclear - SMR - HTGR",2070,"Graphite","operation_demand","kt",227.138
"3376","USA","Limited Trade - Adv. Fuel","Limited","Reactor - Mod.","Fuel - Adv.","Nuclear - SMR - HTGR",2070,"Silicon carbide","operation_demand","kt",0.0454276
"3377","USA","Limited Trade - Adv. Fuel","Limited","Reactor - Mod.","Fuel - Adv.","Nuclear - SMR - PWR modular",2070,"Zirconium","operation_demand","kt",0.0409919814814815
"3378","USA","Limited Trade - Adv. Fuel","Limited","Reactor - Mod.","Fuel - Adv.","Nuclear - Large - PWR",2075,"Hafnium","operation_demand","kt",0.00340318620833333
"3379","USA","Limited Trade - Adv. Fuel","Limited","Reactor - Mod.","Fuel - Adv.","Nuclear - Large - PWR",2075,"Zirconium","operation_demand","kt",0.581031791666667
"3380","USA","Limited Trade - Adv. Fuel","Limited","Reactor - Mod.","Fuel - Adv.","Nuclear - Legacy",2075,"Hafnium","operation_demand","kt",7.5058472222222e-05
"3381","USA","Limited Trade - Adv. Fuel","Limited","Reactor - Mod.","Fuel - Adv.","Nuclear - Legacy",2075,"Zirconium","operation_demand","kt",0.0128148611111111
"3382","USA","Limited Trade - Adv. Fuel","Limited","Reactor - Mod.","Fuel - Adv.","Nuclear - SMR - BWR",2075,"Zirconium","operation_demand","kt",0.140006018518519
"3383","USA","Limited Trade - Adv. Fuel","Limited","Reactor - Mod.","Fuel - Adv.","Nuclear - SMR - HTGR",2075,"Graphite","operation_demand","kt",274.647611111112
"3384","USA","Limited Trade - Adv. Fuel","Limited","Reactor - Mod.","Fuel - Adv.","Nuclear - SMR - HTGR",2075,"Silicon carbide","operation_demand","kt",0.0549295222222224
"3385","USA","Limited Trade - Adv. Fuel","Limited","Reactor - Mod.","Fuel - Adv.","Nuclear - SMR - PWR modular",2075,"Zirconium","operation_demand","kt",0.0478573518518519
"3386","USA","Limited Trade - Adv. Fuel","Limited","Reactor - Mod.","Fuel - Adv.","Nuclear - Large - PWR",2080,"Hafnium","operation_demand","kt",0.00398411953611111
"3387","USA","Limited Trade - Adv. Fuel","Limited","Reactor - Mod.","Fuel - Adv.","Nuclear - Large - PWR",2080,"Zirconium","operation_demand","kt",0.680215530555555
"3388","USA","Limited Trade - Adv. Fuel","Limited","Reactor - Mod.","Fuel - Adv.","Nuclear - Legacy",2080,"Hafnium","operation_demand","kt",3.82937722222222e-05
"3389","USA","Limited Trade - Adv. Fuel","Limited","Reactor - Mod.","Fuel - Adv.","Nuclear - Legacy",2080,"Zirconium","operation_demand","kt",0.00653796111111111
"3390","USA","Limited Trade - Adv. Fuel","Limited","Reactor - Mod.","Fuel - Adv.","Nuclear - SMR - BWR",2080,"Zirconium","operation_demand","kt",0.171889055555555
"3391","USA","Limited Trade - Adv. Fuel","Limited","Reactor - Mod.","Fuel - Adv.","Nuclear - SMR - HTGR",2080,"Graphite","operation_demand","kt",336.346222222222
"3392","USA","Limited Trade - Adv. Fuel","Limited","Reactor - Mod.","Fuel - Adv.","Nuclear - SMR - HTGR",2080,"Silicon carbide","operation_demand","kt",0.0672692444444444
"3393","USA","Limited Trade - Adv. Fuel","Limited","Reactor - Mod.","Fuel - Adv.","Nuclear - SMR - PWR modular",2080,"Zirconium","operation_demand","kt",0.0564569074074074
"3394","USA","Limited Trade - Adv. Fuel","Limited","Reactor - Mod.","Fuel - Adv.","Nuclear - Large - PWR",2085,"Hafnium","operation_demand","kt",0.00441370535
"3395","USA","Limited Trade - Adv. Fuel","Limited","Reactor - Mod.","Fuel - Adv.","Nuclear - Large - PWR",2085,"Zirconium","operation_demand","kt",0.75355945
"3396","USA","Limited Trade - Adv. Fuel","Limited","Reactor - Mod.","Fuel - Adv.","Nuclear - Legacy",2085,"Hafnium","operation_demand","kt",3.82803333333334e-05
"3397","USA","Limited Trade - Adv. Fuel","Limited","Reactor - Mod.","Fuel - Adv.","Nuclear - Legacy",2085,"Zirconium","operation_demand","kt",0.00653566666666667
"3398","USA","Limited Trade - Adv. Fuel","Limited","Reactor - Mod.","Fuel - Adv.","Nuclear - SMR - BWR",2085,"Zirconium","operation_demand","kt",0.196390370370371
"3399","USA","Limited Trade - Adv. Fuel","Limited","Reactor - Mod.","Fuel - Adv.","Nuclear - SMR - HTGR",2085,"Graphite","operation_demand","kt",384.095611111112
"3400","USA","Limited Trade - Adv. Fuel","Limited","Reactor - Mod.","Fuel - Adv.","Nuclear - SMR - HTGR",2085,"Silicon carbide","operation_demand","kt",0.0768191222222224
"3401","USA","Limited Trade - Adv. Fuel","Limited","Reactor - Mod.","Fuel - Adv.","Nuclear - SMR - PWR modular",2085,"Zirconium","operation_demand","kt",0.0628499629629629
"3402","USA","Limited Trade - Adv. Fuel","Limited","Reactor - Mod.","Fuel - Adv.","Nuclear - Large - PWR",2090,"Hafnium","operation_demand","kt",0.0047123966138889
"3403","USA","Limited Trade - Adv. Fuel","Limited","Reactor - Mod.","Fuel - Adv.","Nuclear - Large - PWR",2090,"Zirconium","operation_demand","kt",0.804555519444446
"3404","USA","Limited Trade - Adv. Fuel","Limited","Reactor - Mod.","Fuel - Adv.","Nuclear - Legacy",2090,"Hafnium","operation_demand","kt",3.82600611111111e-05
"3405","USA","Limited Trade - Adv. Fuel","Limited","Reactor - Mod.","Fuel - Adv.","Nuclear - Legacy",2090,"Zirconium","operation_demand","kt",0.00653220555555555
"3406","USA","Limited Trade - Adv. Fuel","Limited","Reactor - Mod.","Fuel - Adv.","Nuclear - SMR - BWR",2090,"Zirconium","operation_demand","kt",0.216876481481481
"3407","USA","Limited Trade - Adv. Fuel","Limited","Reactor - Mod.","Fuel - Adv.","Nuclear - SMR - HTGR",2090,"Graphite","operation_demand","kt",424.390166666666
"3408","USA","Limited Trade - Adv. Fuel","Limited","Reactor - Mod.","Fuel - Adv.","Nuclear - SMR - HTGR",2090,"Silicon carbide","operation_demand","kt",0.0848780333333332
"3409","USA","Limited Trade - Adv. Fuel","Limited","Reactor - Mod.","Fuel - Adv.","Nuclear - SMR - PWR modular",2090,"Zirconium","operation_demand","kt",0.0680806851851853
"3410","USA","Limited Trade - Adv. Fuel","Limited","Reactor - Mod.","Fuel - Adv.","Nuclear - Large - PWR",2095,"Hafnium","operation_demand","kt",0.00501100405555555
"3411","USA","Limited Trade - Adv. Fuel","Limited","Reactor - Mod.","Fuel - Adv.","Nuclear - Large - PWR",2095,"Zirconium","operation_demand","kt",0.855537277777777
"3412","USA","Limited Trade - Adv. Fuel","Limited","Reactor - Mod.","Fuel - Adv.","Nuclear - Legacy",2095,"Hafnium","operation_demand","kt",3.82421805555556e-05
"3413","USA","Limited Trade - Adv. Fuel","Limited","Reactor - Mod.","Fuel - Adv.","Nuclear - Legacy",2095,"Zirconium","operation_demand","kt",0.00652915277777778
"3414","USA","Limited Trade - Adv. Fuel","Limited","Reactor - Mod.","Fuel - Adv.","Nuclear - SMR - BWR",2095,"Zirconium","operation_demand","kt",0.237697981481481
"3415","USA","Limited Trade - Adv. Fuel","Limited","Reactor - Mod.","Fuel - Adv.","Nuclear - SMR - HTGR",2095,"Graphite","operation_demand","kt",464.477611111112
"3416","USA","Limited Trade - Adv. Fuel","Limited","Reactor - Mod.","Fuel - Adv.","Nuclear - SMR - HTGR",2095,"Silicon carbide","operation_demand","kt",0.0928955222222224
"3417","USA","Limited Trade - Adv. Fuel","Limited","Reactor - Mod.","Fuel - Adv.","Nuclear - SMR - PWR modular",2095,"Zirconium","operation_demand","kt",0.072045148148148
"3418","USA","Limited Trade - Adv. Fuel","Limited","Reactor - Mod.","Fuel - Adv.","Nuclear - Large - PWR",2100,"Hafnium","operation_demand","kt",0.00519437769444445
"3419","USA","Limited Trade - Adv. Fuel","Limited","Reactor - Mod.","Fuel - Adv.","Nuclear - Large - PWR",2100,"Zirconium","operation_demand","kt",0.886844972222223
"3420","USA","Limited Trade - Adv. Fuel","Limited","Reactor - Mod.","Fuel - Adv.","Nuclear - SMR - BWR",2100,"Zirconium","operation_demand","kt",0.255326759259259
"3421","USA","Limited Trade - Adv. Fuel","Limited","Reactor - Mod.","Fuel - Adv.","Nuclear - SMR - HTGR",2100,"Graphite","operation_demand","kt",499.054222222222
"3422","USA","Limited Trade - Adv. Fuel","Limited","Reactor - Mod.","Fuel - Adv.","Nuclear - SMR - HTGR",2100,"Silicon carbide","operation_demand","kt",0.0998108444444444
"3423","USA","Limited Trade - Adv. Fuel","Limited","Reactor - Mod.","Fuel - Adv.","Nuclear - SMR - PWR modular",2100,"Zirconium","operation_demand","kt",0.0748292592592593
"3424","USA","Limited Trade - Adv. Nuc","Limited","Reactor - Adv.","Fuel - Adv.","Nuclear - Legacy",2021,"Hafnium","operation_demand","kt",0.00332736853
"3425","USA","Limited Trade - Adv. Nuc","Limited","Reactor - Adv.","Fuel - Adv.","Nuclear - Legacy",2021,"Zirconium","operation_demand","kt",0.56808731
"3426","USA","Limited Trade - Adv. Nuc","Limited","Reactor - Adv.","Fuel - Adv.","Nuclear - Large - PWR",2025,"Hafnium","operation_demand","kt",7.51666666666665e-05
"3427","USA","Limited Trade - Adv. Nuc","Limited","Reactor - Adv.","Fuel - Adv.","Nuclear - Large - PWR",2025,"Zirconium","operation_demand","kt",0.0128333333333333
"3428","USA","Limited Trade - Adv. Nuc","Limited","Reactor - Adv.","Fuel - Adv.","Nuclear - Legacy",2025,"Hafnium","operation_demand","kt",0.00331470968888889
"3429","USA","Limited Trade - Adv. Nuc","Limited","Reactor - Adv.","Fuel - Adv.","Nuclear - Legacy",2025,"Zirconium","operation_demand","kt",0.565926044444445
"3430","USA","Limited Trade - Adv. Nuc","Limited","Reactor - Adv.","Fuel - Adv.","Nuclear - Large - PWR",2030,"Hafnium","operation_demand","kt",0.000127558516666667
"3431","USA","Limited Trade - Adv. Nuc","Limited","Reactor - Adv.","Fuel - Adv.","Nuclear - Large - PWR",2030,"Zirconium","operation_demand","kt",0.0217782833333333
"3432","USA","Limited Trade - Adv. Nuc","Limited","Reactor - Adv.","Fuel - Adv.","Nuclear - Legacy",2030,"Hafnium","operation_demand","kt",0.00331424331388889
"3433","USA","Limited Trade - Adv. Nuc","Limited","Reactor - Adv.","Fuel - Adv.","Nuclear - Legacy",2030,"Zirconium","operation_demand","kt",0.565846419444445
"3434","USA","Limited Trade - Adv. Nuc","Limited","Reactor - Adv.","Fuel - Adv.","Nuclear - Large - PWR",2035,"Hafnium","operation_demand","kt",0.000230465213888889
"3435","USA","Limited Trade - Adv. Nuc","Limited","Reactor - Adv.","Fuel - Adv.","Nuclear - Large - PWR",2035,"Zirconium","operation_demand","kt",0.0393477194444445
"3436","USA","Limited Trade - Adv. Nuc","Limited","Reactor - Adv.","Fuel - Adv.","Nuclear - Legacy",2035,"Hafnium","operation_demand","kt",0.00323325430555556
"3437","USA","Limited Trade - Adv. Nuc","Limited","Reactor - Adv.","Fuel - Adv.","Nuclear - Legacy",2035,"Zirconium","operation_demand","kt",0.552019027777778
"3438","USA","Limited Trade - Adv. Nuc","Limited","Reactor - Adv.","Fuel - Adv.","Nuclear - SMR - BWR",2035,"Zirconium","operation_demand","kt",0.00233898148148148
"3439","USA","Limited Trade - Adv. Nuc","Limited","Reactor - Adv.","Fuel - Adv.","Nuclear - SMR - HTGR",2035,"Graphite","operation_demand","kt",6.03583333333334
"3440","USA","Limited Trade - Adv. Nuc","Limited","Reactor - Adv.","Fuel - Adv.","Nuclear - SMR - HTGR",2035,"Silicon carbide","operation_demand","kt",0.00120716666666667
"3441","USA","Limited Trade - Adv. Nuc","Limited","Reactor - Adv.","Fuel - Adv.","Nuclear - SMR - PWR modular",2035,"Zirconium","operation_demand","kt",0.00194398148148148
"3442","USA","Limited Trade - Adv. Nuc","Limited","Reactor - Adv.","Fuel - Adv.","Nuclear - Large - PWR",2040,"Hafnium","operation_demand","kt",0.000476224225
"3443","USA","Limited Trade - Adv. Nuc","Limited","Reactor - Adv.","Fuel - Adv.","Nuclear - Large - PWR",2040,"Zirconium","operation_demand","kt",0.081306575
"3444","USA","Limited Trade - Adv. Nuc","Limited","Reactor - Adv.","Fuel - Adv.","Nuclear - Legacy",2040,"Hafnium","operation_demand","kt",0.00323178286111111
"3445","USA","Limited Trade - Adv. Nuc","Limited","Reactor - Adv.","Fuel - Adv.","Nuclear - Legacy",2040,"Zirconium","operation_demand","kt",0.551767805555555
"3446","USA","Limited Trade - Adv. Nuc","Limited","Reactor - Adv.","Fuel - Adv.","Nuclear - SMR - BWR",2040,"Zirconium","operation_demand","kt",0.00771601851851853
"3447","USA","Limited Trade - Adv. Nuc","Limited","Reactor - Adv.","Fuel - Adv.","Nuclear - SMR - HTGR",2040,"Graphite","operation_demand","kt",16.9608888888889
"3448","USA","Limited Trade - Adv. Nuc","Limited","Reactor - Adv.","Fuel - Adv.","Nuclear - SMR - HTGR",2040,"Silicon carbide","operation_demand","kt",0.00339217777777778
"3449","USA","Limited Trade - Adv. Nuc","Limited","Reactor - Adv.","Fuel - Adv.","Nuclear - SMR - PWR modular",2040,"Zirconium","operation_demand","kt",0.00477842592592593
"3450","USA","Limited Trade - Adv. Nuc","Limited","Reactor - Adv.","Fuel - Adv.","Nuclear - Large - PWR",2045,"Hafnium","operation_demand","kt",0.000805083744444445
"3451","USA","Limited Trade - Adv. Nuc","Limited","Reactor - Adv.","Fuel - Adv.","Nuclear - Large - PWR",2045,"Zirconium","operation_demand","kt",0.137453322222222
"3452","USA","Limited Trade - Adv. Nuc","Limited","Reactor - Adv.","Fuel - Adv.","Nuclear - Legacy",2045,"Hafnium","operation_demand","kt",0.00323053873888889
"3453","USA","Limited Trade - Adv. Nuc","Limited","Reactor - Adv.","Fuel - Adv.","Nuclear - Legacy",2045,"Zirconium","operation_demand","kt",0.551555394444445
"3454","USA","Limited Trade - Adv. Nuc","Limited","Reactor - Adv.","Fuel - Adv.","Nuclear - SMR - BWR",2045,"Zirconium","operation_demand","kt",0.0189743518518519
"3455","USA","Limited Trade - Adv. Nuc","Limited","Reactor - Adv.","Fuel - Adv.","Nuclear - SMR - HTGR",2045,"Graphite","operation_demand","kt",36.2417222222222
"3456","USA","Limited Trade - Adv. Nuc","Limited","Reactor - Adv.","Fuel - Adv.","Nuclear - SMR - HTGR",2045,"Silicon carbide","operation_demand","kt",0.00724834444444444
"3457","USA","Limited Trade - Adv. Nuc","Limited","Reactor - Adv.","Fuel - Adv.","Nuclear - SMR - PWR modular",2045,"Zirconium","operation_demand","kt",0.00807675925925927
"3458","USA","Limited Trade - Adv. Nuc","Limited","Reactor - Adv.","Fuel - Adv.","Nuclear - Large - PWR",2050,"Hafnium","operation_demand","kt",0.00145910617777778
"3459","USA","Limited Trade - Adv. Nuc","Limited","Reactor - Adv.","Fuel - Adv.","Nuclear - Large - PWR",2050,"Zirconium","operation_demand","kt",0.249115688888889
"3460","USA","Limited Trade - Adv. Nuc","Limited","Reactor - Adv.","Fuel - Adv.","Nuclear - Legacy",2050,"Hafnium","operation_demand","kt",0.00311794727222222
"3461","USA","Limited Trade - Adv. Nuc","Limited","Reactor - Adv.","Fuel - Adv.","Nuclear - Legacy",2050,"Zirconium","operation_demand","kt",0.532332461111111
"3462","USA","Limited Trade - Adv. Nuc","Limited","Reactor - Adv.","Fuel - Adv.","Nuclear - SMR - BWR",2050,"Zirconium","operation_demand","kt",0.0506463333333333
"3463","USA","Limited Trade - Adv. Nuc","Limited","Reactor - Adv.","Fuel - Adv.","Nuclear - SMR - HTGR",2050,"Graphite","operation_demand","kt",84.0976111111112
"3464","USA","Limited Trade - Adv. Nuc","Limited","Reactor - Adv.","Fuel - Adv.","Nuclear - SMR - HTGR",2050,"Silicon carbide","operation_demand","kt",0.0168195222222222
"3465","USA","Limited Trade - Adv. Nuc","Limited","Reactor - Adv.","Fuel - Adv.","Nuclear - SMR - PWR modular",2050,"Zirconium","operation_demand","kt",0.0145484814814815
"3466","USA","Limited Trade - Adv. Nuc","Limited","Reactor - Adv.","Fuel - Adv.","Nuclear - Large - PWR",2055,"Hafnium","operation_demand","kt",0.00214029976666667
"3467","USA","Limited Trade - Adv. Nuc","Limited","Reactor - Adv.","Fuel - Adv.","Nuclear - Large - PWR",2055,"Zirconium","operation_demand","kt",0.365417033333333
"3468","USA","Limited Trade - Adv. Nuc","Limited","Reactor - Adv.","Fuel - Adv.","Nuclear - Legacy",2055,"Hafnium","operation_demand","kt",0.00221904379722222
"3469","USA","Limited Trade - Adv. Nuc","Limited","Reactor - Adv.","Fuel - Adv.","Nuclear - Legacy",2055,"Zirconium","operation_demand","kt",0.378861136111111
"3470","USA","Limited Trade - Adv. Nuc","Limited","Reactor - Adv.","Fuel - Adv.","Nuclear - SMR - BWR",2055,"Zirconium","operation_demand","kt",0.0964256666666667
"3471","USA","Limited Trade - Adv. Nuc","Limited","Reactor - Adv.","Fuel - Adv.","Nuclear - SMR - HTGR",2055,"Graphite","operation_demand","kt",146.578666666667
"3472","USA","Limited Trade - Adv. Nuc","Limited","Reactor - Adv.","Fuel - Adv.","Nuclear - SMR - HTGR",2055,"Silicon carbide","operation_demand","kt",0.0293157333333333
"3473","USA","Limited Trade - Adv. Nuc","Limited","Reactor - Adv.","Fuel - Adv.","Nuclear - SMR - PWR modular",2055,"Zirconium","operation_demand","kt",0.021347
"3474","USA","Limited Trade - Adv. Nuc","Limited","Reactor - Adv.","Fuel - Adv.","Nuclear - Large - PWR",2060,"Hafnium","operation_demand","kt",0.002741365575
"3475","USA","Limited Trade - Adv. Nuc","Limited","Reactor - Adv.","Fuel - Adv.","Nuclear - Large - PWR",2060,"Zirconium","operation_demand","kt",0.468038025
"3476","USA","Limited Trade - Adv. Nuc","Limited","Reactor - Adv.","Fuel - Adv.","Nuclear - Legacy",2060,"Hafnium","operation_demand","kt",0.00172982940555556
"3477","USA","Limited Trade - Adv. Nuc","Limited","Reactor - Adv.","Fuel - Adv.","Nuclear - Legacy",2060,"Zirconium","operation_demand","kt",0.295336727777778
"3478","USA","Limited Trade - Adv. Nuc","Limited","Reactor - Adv.","Fuel - Adv.","Nuclear - SMR - BWR",2060,"Zirconium","operation_demand","kt",0.146547259259259
"3479","USA","Limited Trade - Adv. Nuc","Limited","Reactor - Adv.","Fuel - Adv.","Nuclear - SMR - HTGR",2060,"Graphite","operation_demand","kt",211.893944444444
"3480","USA","Limited Trade - Adv. Nuc","Limited","Reactor - Adv.","Fuel - Adv.","Nuclear - SMR - HTGR",2060,"Silicon carbide","operation_demand","kt",0.0423787888888888
"3481","USA","Limited Trade - Adv. Nuc","Limited","Reactor - Adv.","Fuel - Adv.","Nuclear - SMR - PWR modular",2060,"Zirconium","operation_demand","kt",0.0274327777777778
"3482","USA","Limited Trade - Adv. Nuc","Limited","Reactor - Adv.","Fuel - Adv.","Nuclear - Large - PWR",2065,"Hafnium","operation_demand","kt",0.00337819374722222
"3483","USA","Limited Trade - Adv. Nuc","Limited","Reactor - Adv.","Fuel - Adv.","Nuclear - Large - PWR",2065,"Zirconium","operation_demand","kt",0.576764786111111
"3484","USA","Limited Trade - Adv. Nuc","Limited","Reactor - Adv.","Fuel - Adv.","Nuclear - Legacy",2065,"Hafnium","operation_demand","kt",0.000990193733333335
"3485","USA","Limited Trade - Adv. Nuc","Limited","Reactor - Adv.","Fuel - Adv.","Nuclear - Legacy",2065,"Zirconium","operation_demand","kt",0.169057466666667
"3486","USA","Limited Trade - Adv. Nuc","Limited","Reactor - Adv.","Fuel - Adv.","Nuclear - SMR - BWR",2065,"Zirconium","operation_demand","kt",0.199124888888889
"3487","USA","Limited Trade - Adv. Nuc","Limited","Reactor - Adv.","Fuel - Adv.","Nuclear - SMR - HTGR",2065,"Graphite","operation_demand","kt",290.463666666666
"3488","USA","Limited Trade - Adv. Nuc","Limited","Reactor - Adv.","Fuel - Adv.","Nuclear - SMR - HTGR",2065,"Silicon carbide","operation_demand","kt",0.0580927333333332
"3489","USA","Limited Trade - Adv. Nuc","Limited","Reactor - Adv.","Fuel - Adv.","Nuclear - SMR - PWR modular",2065,"Zirconium","operation_demand","kt",0.0340606481481481
"3490","USA","Limited Trade - Adv. Nuc","Limited","Reactor - Adv.","Fuel - Adv.","Nuclear - Large - PWR",2070,"Hafnium","operation_demand","kt",0.00401308079722222
"3491","USA","Limited Trade - Adv. Nuc","Limited","Reactor - Adv.","Fuel - Adv.","Nuclear - Large - PWR",2070,"Zirconium","operation_demand","kt",0.685160136111111
"3492","USA","Limited Trade - Adv. Nuc","Limited","Reactor - Adv.","Fuel - Adv.","Nuclear - Legacy",2070,"Hafnium","operation_demand","kt",0.000191669647222222
"3493","USA","Limited Trade - Adv. Nuc","Limited","Reactor - Adv.","Fuel - Adv.","Nuclear - Legacy",2070,"Zirconium","operation_demand","kt",0.0327240861111111
"3494","USA","Limited Trade - Adv. Nuc","Limited","Reactor - Adv.","Fuel - Adv.","Nuclear - SMR - BWR",2070,"Zirconium","operation_demand","kt",0.247168796296296
"3495","USA","Limited Trade - Adv. Nuc","Limited","Reactor - Adv.","Fuel - Adv.","Nuclear - SMR - HTGR",2070,"Graphite","operation_demand","kt",382.388611111112
"3496","USA","Limited Trade - Adv. Nuc","Limited","Reactor - Adv.","Fuel - Adv.","Nuclear - SMR - HTGR",2070,"Silicon carbide","operation_demand","kt",0.0764777222222224
"3497","USA","Limited Trade - Adv. Nuc","Limited","Reactor - Adv.","Fuel - Adv.","Nuclear - SMR - PWR modular",2070,"Zirconium","operation_demand","kt",0.0412443703703704
"3498","USA","Limited Trade - Adv. Nuc","Limited","Reactor - Adv.","Fuel - Adv.","Nuclear - Large - PWR",2075,"Hafnium","operation_demand","kt",0.00461556418055555
"3499","USA","Limited Trade - Adv. Nuc","Limited","Reactor - Adv.","Fuel - Adv.","Nuclear - Large - PWR",2075,"Zirconium","operation_demand","kt",0.788023152777777
"3500","USA","Limited Trade - Adv. Nuc","Limited","Reactor - Adv.","Fuel - Adv.","Nuclear - Legacy",2075,"Hafnium","operation_demand","kt",7.49333083333335e-05
"3501","USA","Limited Trade - Adv. Nuc","Limited","Reactor - Adv.","Fuel - Adv.","Nuclear - Legacy",2075,"Zirconium","operation_demand","kt",0.0127934916666667
"3502","USA","Limited Trade - Adv. Nuc","Limited","Reactor - Adv.","Fuel - Adv.","Nuclear - SMR - BWR",2075,"Zirconium","operation_demand","kt",0.289854425925926
"3503","USA","Limited Trade - Adv. Nuc","Limited","Reactor - Adv.","Fuel - Adv.","Nuclear - SMR - HTGR",2075,"Graphite","operation_demand","kt",483.103944444444
"3504","USA","Limited Trade - Adv. Nuc","Limited","Reactor - Adv.","Fuel - Adv.","Nuclear - SMR - HTGR",2075,"Silicon carbide","operation_demand","kt",0.0966207888888888
"3505","USA","Limited Trade - Adv. Nuc","Limited","Reactor - Adv.","Fuel - Adv.","Nuclear - SMR - PWR modular",2075,"Zirconium","operation_demand","kt",0.0486364444444445
"3506","USA","Limited Trade - Adv. Nuc","Limited","Reactor - Adv.","Fuel - Adv.","Nuclear - Large - PWR",2080,"Hafnium","operation_demand","kt",0.0053354312472222
"3507","USA","Limited Trade - Adv. Nuc","Limited","Reactor - Adv.","Fuel - Adv.","Nuclear - Large - PWR",2080,"Zirconium","operation_demand","kt",0.910927286111108
"3508","USA","Limited Trade - Adv. Nuc","Limited","Reactor - Adv.","Fuel - Adv.","Nuclear - Legacy",2080,"Hafnium","operation_demand","kt",3.82318166666667e-05
"3509","USA","Limited Trade - Adv. Nuc","Limited","Reactor - Adv.","Fuel - Adv.","Nuclear - Legacy",2080,"Zirconium","operation_demand","kt",0.00652738333333333
"3510","USA","Limited Trade - Adv. Nuc","Limited","Reactor - Adv.","Fuel - Adv.","Nuclear - SMR - BWR",2080,"Zirconium","operation_demand","kt",0.339045981481481
"3511","USA","Limited Trade - Adv. Nuc","Limited","Reactor - Adv.","Fuel - Adv.","Nuclear - SMR - HTGR",2080,"Graphite","operation_demand","kt",600.409055555556
"3512","USA","Limited Trade - Adv. Nuc","Limited","Reactor - Adv.","Fuel - Adv.","Nuclear - SMR - HTGR",2080,"Silicon carbide","operation_demand","kt",0.120081811111111
"3513","USA","Limited Trade - Adv. Nuc","Limited","Reactor - Adv.","Fuel - Adv.","Nuclear - SMR - PWR modular",2080,"Zirconium","operation_demand","kt",0.0582695740740741
"3514","USA","Limited Trade - Adv. Nuc","Limited","Reactor - Adv.","Fuel - Adv.","Nuclear - Large - PWR",2085,"Hafnium","operation_demand","kt",0.0058428258361111
"3515","USA","Limited Trade - Adv. Nuc","Limited","Reactor - Adv.","Fuel - Adv.","Nuclear - Large - PWR",2085,"Zirconium","operation_demand","kt",0.997555630555554
"3516","USA","Limited Trade - Adv. Nuc","Limited","Reactor - Adv.","Fuel - Adv.","Nuclear - Legacy",2085,"Hafnium","operation_demand","kt",3.82168972222222e-05
"3517","USA","Limited Trade - Adv. Nuc","Limited","Reactor - Adv.","Fuel - Adv.","Nuclear - Legacy",2085,"Zirconium","operation_demand","kt",0.00652483611111111
"3518","USA","Limited Trade - Adv. Nuc","Limited","Reactor - Adv.","Fuel - Adv.","Nuclear - SMR - BWR",2085,"Zirconium","operation_demand","kt",0.372791240740741
"3519","USA","Limited Trade - Adv. Nuc","Limited","Reactor - Adv.","Fuel - Adv.","Nuclear - SMR - HTGR",2085,"Graphite","operation_demand","kt",681.736444444444
"3520","USA","Limited Trade - Adv. Nuc","Limited","Reactor - Adv.","Fuel - Adv.","Nuclear - SMR - HTGR",2085,"Silicon carbide","operation_demand","kt",0.136347288888889
"3521","USA","Limited Trade - Adv. Nuc","Limited","Reactor - Adv.","Fuel - Adv.","Nuclear - SMR - PWR modular",2085,"Zirconium","operation_demand","kt",0.0657612592592593
"3522","USA","Limited Trade - Adv. Nuc","Limited","Reactor - Adv.","Fuel - Adv.","Nuclear - Large - PWR",2090,"Hafnium","operation_demand","kt",0.0061976965527778
"3523","USA","Limited Trade - Adv. Nuc","Limited","Reactor - Adv.","Fuel - Adv.","Nuclear - Large - PWR",2090,"Zirconium","operation_demand","kt",1.05814331388889
"3524","USA","Limited Trade - Adv. Nuc","Limited","Reactor - Adv.","Fuel - Adv.","Nuclear - Legacy",2090,"Hafnium","operation_demand","kt",3.82045972222222e-05
"3525","USA","Limited Trade - Adv. Nuc","Limited","Reactor - Adv.","Fuel - Adv.","Nuclear - Legacy",2090,"Zirconium","operation_demand","kt",0.00652273611111111
"3526","USA","Limited Trade - Adv. Nuc","Limited","Reactor - Adv.","Fuel - Adv.","Nuclear - SMR - BWR",2090,"Zirconium","operation_demand","kt",0.398912055555555
"3527","USA","Limited Trade - Adv. Nuc","Limited","Reactor - Adv.","Fuel - Adv.","Nuclear - SMR - HTGR",2090,"Graphite","operation_demand","kt",745.633444444444
"3528","USA","Limited Trade - Adv. Nuc","Limited","Reactor - Adv.","Fuel - Adv.","Nuclear - SMR - HTGR",2090,"Silicon carbide","operation_demand","kt",0.149126688888889
"3529","USA","Limited Trade - Adv. Nuc","Limited","Reactor - Adv.","Fuel - Adv.","Nuclear - SMR - PWR modular",2090,"Zirconium","operation_demand","kt",0.0721540370370373
"3530","USA","Limited Trade - Adv. Nuc","Limited","Reactor - Adv.","Fuel - Adv.","Nuclear - Large - PWR",2095,"Hafnium","operation_demand","kt",0.00654052158333335
"3531","USA","Limited Trade - Adv. Nuc","Limited","Reactor - Adv.","Fuel - Adv.","Nuclear - Large - PWR",2095,"Zirconium","operation_demand","kt",1.11667441666667
"3532","USA","Limited Trade - Adv. Nuc","Limited","Reactor - Adv.","Fuel - Adv.","Nuclear - Legacy",2095,"Hafnium","operation_demand","kt",3.81883111111111e-05
"3533","USA","Limited Trade - Adv. Nuc","Limited","Reactor - Adv.","Fuel - Adv.","Nuclear - Legacy",2095,"Zirconium","operation_demand","kt",0.00651995555555555
"3534","USA","Limited Trade - Adv. Nuc","Limited","Reactor - Adv.","Fuel - Adv.","Nuclear - SMR - BWR",2095,"Zirconium","operation_demand","kt",0.424299703703704
"3535","USA","Limited Trade - Adv. Nuc","Limited","Reactor - Adv.","Fuel - Adv.","Nuclear - SMR - HTGR",2095,"Graphite","operation_demand","kt",808.469611111112
"3536","USA","Limited Trade - Adv. Nuc","Limited","Reactor - Adv.","Fuel - Adv.","Nuclear - SMR - HTGR",2095,"Silicon carbide","operation_demand","kt",0.161693922222222
"3537","USA","Limited Trade - Adv. Nuc","Limited","Reactor - Adv.","Fuel - Adv.","Nuclear - SMR - PWR modular",2095,"Zirconium","operation_demand","kt",0.0775580185185187
"3538","USA","Limited Trade - Adv. Nuc","Limited","Reactor - Adv.","Fuel - Adv.","Nuclear - Large - PWR",2100,"Hafnium","operation_demand","kt",0.0067252083611111
"3539","USA","Limited Trade - Adv. Nuc","Limited","Reactor - Adv.","Fuel - Adv.","Nuclear - Large - PWR",2100,"Zirconium","operation_demand","kt",1.14820630555555
"3540","USA","Limited Trade - Adv. Nuc","Limited","Reactor - Adv.","Fuel - Adv.","Nuclear - SMR - BWR",2100,"Zirconium","operation_demand","kt",0.445031981481481
"3541","USA","Limited Trade - Adv. Nuc","Limited","Reactor - Adv.","Fuel - Adv.","Nuclear - SMR - HTGR",2100,"Graphite","operation_demand","kt",863.364555555556
"3542","USA","Limited Trade - Adv. Nuc","Limited","Reactor - Adv.","Fuel - Adv.","Nuclear - SMR - HTGR",2100,"Silicon carbide","operation_demand","kt",0.172672911111111
"3543","USA","Limited Trade - Adv. Nuc","Limited","Reactor - Adv.","Fuel - Adv.","Nuclear - SMR - PWR modular",2100,"Zirconium","operation_demand","kt",0.0822049444444446
"3544","USA","Limited Trade - Adv. Reactor","Limited","Reactor - Adv.","Fuel - Mod.","Nuclear - Legacy",2021,"Hafnium","operation_demand","kt",0.00332736853
"3545","USA","Limited Trade - Adv. Reactor","Limited","Reactor - Adv.","Fuel - Mod.","Nuclear - Legacy",2021,"Zirconium","operation_demand","kt",0.56808731
"3546","USA","Limited Trade - Adv. Reactor","Limited","Reactor - Adv.","Fuel - Mod.","Nuclear - Large - PWR",2025,"Hafnium","operation_demand","kt",7.51666666666665e-05
"3547","USA","Limited Trade - Adv. Reactor","Limited","Reactor - Adv.","Fuel - Mod.","Nuclear - Large - PWR",2025,"Zirconium","operation_demand","kt",0.0128333333333333
"3548","USA","Limited Trade - Adv. Reactor","Limited","Reactor - Adv.","Fuel - Mod.","Nuclear - Legacy",2025,"Hafnium","operation_demand","kt",0.00331470980277778
"3549","USA","Limited Trade - Adv. Reactor","Limited","Reactor - Adv.","Fuel - Mod.","Nuclear - Legacy",2025,"Zirconium","operation_demand","kt",0.565926063888889
"3550","USA","Limited Trade - Adv. Reactor","Limited","Reactor - Adv.","Fuel - Mod.","Nuclear - Large - PWR",2030,"Hafnium","operation_demand","kt",0.000127386772222222
"3551","USA","Limited Trade - Adv. Reactor","Limited","Reactor - Adv.","Fuel - Mod.","Nuclear - Large - PWR",2030,"Zirconium","operation_demand","kt",0.0217489611111111
"3552","USA","Limited Trade - Adv. Reactor","Limited","Reactor - Adv.","Fuel - Mod.","Nuclear - Legacy",2030,"Hafnium","operation_demand","kt",0.003314188875
"3553","USA","Limited Trade - Adv. Reactor","Limited","Reactor - Adv.","Fuel - Mod.","Nuclear - Legacy",2030,"Zirconium","operation_demand","kt",0.565837125
"3554","USA","Limited Trade - Adv. Reactor","Limited","Reactor - Adv.","Fuel - Mod.","Nuclear - Large - PWR",2035,"Hafnium","operation_demand","kt",0.000229473127777778
"3555","USA","Limited Trade - Adv. Reactor","Limited","Reactor - Adv.","Fuel - Mod.","Nuclear - Large - PWR",2035,"Zirconium","operation_demand","kt",0.0391783388888888
"3556","USA","Limited Trade - Adv. Reactor","Limited","Reactor - Adv.","Fuel - Mod.","Nuclear - Legacy",2035,"Hafnium","operation_demand","kt",0.00323313050833333
"3557","USA","Limited Trade - Adv. Reactor","Limited","Reactor - Adv.","Fuel - Mod.","Nuclear - Legacy",2035,"Zirconium","operation_demand","kt",0.551997891666667
"3558","USA","Limited Trade - Adv. Reactor","Limited","Reactor - Adv.","Fuel - Mod.","Nuclear - SMR - BWR",2035,"Zirconium","operation_demand","kt",0.00235022222222222
"3559","USA","Limited Trade - Adv. Reactor","Limited","Reactor - Adv.","Fuel - Mod.","Nuclear - SMR - HTGR",2035,"Graphite","operation_demand","kt",5.97511111111112
"3560","USA","Limited Trade - Adv. Reactor","Limited","Reactor - Adv.","Fuel - Mod.","Nuclear - SMR - HTGR",2035,"Silicon carbide","operation_demand","kt",0.00119502222222222
"3561","USA","Limited Trade - Adv. Reactor","Limited","Reactor - Adv.","Fuel - Mod.","Nuclear - SMR - PWR modular",2035,"Zirconium","operation_demand","kt",0.00194261111111111
"3562","USA","Limited Trade - Adv. Reactor","Limited","Reactor - Adv.","Fuel - Mod.","Nuclear - Large - PWR",2040,"Hafnium","operation_demand","kt",0.000456267019444445
"3563","USA","Limited Trade - Adv. Reactor","Limited","Reactor - Adv.","Fuel - Mod.","Nuclear - Large - PWR",2040,"Zirconium","operation_demand","kt",0.0778992472222223
"3564","USA","Limited Trade - Adv. Reactor","Limited","Reactor - Adv.","Fuel - Mod.","Nuclear - Legacy",2040,"Hafnium","operation_demand","kt",0.00322975996666667
"3565","USA","Limited Trade - Adv. Reactor","Limited","Reactor - Adv.","Fuel - Mod.","Nuclear - Legacy",2040,"Zirconium","operation_demand","kt",0.551422433333333
"3566","USA","Limited Trade - Adv. Reactor","Limited","Reactor - Adv.","Fuel - Mod.","Nuclear - SMR - BWR",2040,"Zirconium","operation_demand","kt",0.00765707407407407
"3567","USA","Limited Trade - Adv. Reactor","Limited","Reactor - Adv.","Fuel - Mod.","Nuclear - SMR - HTGR",2040,"Graphite","operation_demand","kt",16.3102777777778
"3568","USA","Limited Trade - Adv. Reactor","Limited","Reactor - Adv.","Fuel - Mod.","Nuclear - SMR - HTGR",2040,"Silicon carbide","operation_demand","kt",0.00326205555555556
"3569","USA","Limited Trade - Adv. Reactor","Limited","Reactor - Adv.","Fuel - Mod.","Nuclear - SMR - PWR modular",2040,"Zirconium","operation_demand","kt",0.00460414814814815
"3570","USA","Limited Trade - Adv. Reactor","Limited","Reactor - Adv.","Fuel - Mod.","Nuclear - Large - PWR",2045,"Hafnium","operation_demand","kt",0.000732158866666665
"3571","USA","Limited Trade - Adv. Reactor","Limited","Reactor - Adv.","Fuel - Mod.","Nuclear - Large - PWR",2045,"Zirconium","operation_demand","kt",0.125002733333333
"3572","USA","Limited Trade - Adv. Reactor","Limited","Reactor - Adv.","Fuel - Mod.","Nuclear - Legacy",2045,"Hafnium","operation_demand","kt",0.00322536601944445
"3573","USA","Limited Trade - Adv. Reactor","Limited","Reactor - Adv.","Fuel - Mod.","Nuclear - Legacy",2045,"Zirconium","operation_demand","kt",0.550672247222222
"3574","USA","Limited Trade - Adv. Reactor","Limited","Reactor - Adv.","Fuel - Mod.","Nuclear - SMR - BWR",2045,"Zirconium","operation_demand","kt",0.0183599074074074
"3575","USA","Limited Trade - Adv. Reactor","Limited","Reactor - Adv.","Fuel - Mod.","Nuclear - SMR - HTGR",2045,"Graphite","operation_demand","kt",33.4098333333334
"3576","USA","Limited Trade - Adv. Reactor","Limited","Reactor - Adv.","Fuel - Mod.","Nuclear - SMR - HTGR",2045,"Silicon carbide","operation_demand","kt",0.00668196666666668
"3577","USA","Limited Trade - Adv. Reactor","Limited","Reactor - Adv.","Fuel - Mod.","Nuclear - SMR - PWR modular",2045,"Zirconium","operation_demand","kt",0.00743570370370373
"3578","USA","Limited Trade - Adv. Reactor","Limited","Reactor - Adv.","Fuel - Mod.","Nuclear - Large - PWR",2050,"Hafnium","operation_demand","kt",0.00121495892222222
"3579","USA","Limited Trade - Adv. Reactor","Limited","Reactor - Adv.","Fuel - Mod.","Nuclear - Large - PWR",2050,"Zirconium","operation_demand","kt",0.207432011111111
"3580","USA","Limited Trade - Adv. Reactor","Limited","Reactor - Adv.","Fuel - Mod.","Nuclear - Legacy",2050,"Hafnium","operation_demand","kt",0.00310465302222222
"3581","USA","Limited Trade - Adv. Reactor","Limited","Reactor - Adv.","Fuel - Mod.","Nuclear - Legacy",2050,"Zirconium","operation_demand","kt",0.530062711111111
"3582","USA","Limited Trade - Adv. Reactor","Limited","Reactor - Adv.","Fuel - Mod.","Nuclear - SMR - BWR",2050,"Zirconium","operation_demand","kt",0.0466305
"3583","USA","Limited Trade - Adv. Reactor","Limited","Reactor - Adv.","Fuel - Mod.","Nuclear - SMR - HTGR",2050,"Graphite","operation_demand","kt",72.3605
"3584","USA","Limited Trade - Adv. Reactor","Limited","Reactor - Adv.","Fuel - Mod.","Nuclear - SMR - HTGR",2050,"Silicon carbide","operation_demand","kt",0.0144721
"3585","USA","Limited Trade - Adv. Reactor","Limited","Reactor - Adv.","Fuel - Mod.","Nuclear - SMR - PWR modular",2050,"Zirconium","operation_demand","kt",0.0123395
"3586","USA","Limited Trade - Adv. Reactor","Limited","Reactor - Adv.","Fuel - Mod.","Nuclear - Large - PWR",2055,"Hafnium","operation_demand","kt",0.00164333591944444
"3587","USA","Limited Trade - Adv. Reactor","Limited","Reactor - Adv.","Fuel - Mod.","Nuclear - Large - PWR",2055,"Zirconium","operation_demand","kt",0.280569547222222
"3588","USA","Limited Trade - Adv. Reactor","Limited","Reactor - Adv.","Fuel - Mod.","Nuclear - Legacy",2055,"Hafnium","operation_demand","kt",0.00220196900555555
"3589","USA","Limited Trade - Adv. Reactor","Limited","Reactor - Adv.","Fuel - Mod.","Nuclear - Legacy",2055,"Zirconium","operation_demand","kt",0.375945927777778
"3590","USA","Limited Trade - Adv. Reactor","Limited","Reactor - Adv.","Fuel - Mod.","Nuclear - SMR - BWR",2055,"Zirconium","operation_demand","kt",0.0834614444444447
"3591","USA","Limited Trade - Adv. Reactor","Limited","Reactor - Adv.","Fuel - Mod.","Nuclear - SMR - HTGR",2055,"Graphite","operation_demand","kt",117.266388888889
"3592","USA","Limited Trade - Adv. Reactor","Limited","Reactor - Adv.","Fuel - Mod.","Nuclear - SMR - HTGR",2055,"Silicon carbide","operation_demand","kt",0.0234532777777778
"3593","USA","Limited Trade - Adv. Reactor","Limited","Reactor - Adv.","Fuel - Mod.","Nuclear - SMR - PWR modular",2055,"Zirconium","operation_demand","kt",0.0166847592592593
"3594","USA","Limited Trade - Adv. Reactor","Limited","Reactor - Adv.","Fuel - Mod.","Nuclear - Large - PWR",2060,"Hafnium","operation_demand","kt",0.00202379701388889
"3595","USA","Limited Trade - Adv. Reactor","Limited","Reactor - Adv.","Fuel - Mod.","Nuclear - Large - PWR",2060,"Zirconium","operation_demand","kt",0.345526319444445
"3596","USA","Limited Trade - Adv. Reactor","Limited","Reactor - Adv.","Fuel - Mod.","Nuclear - Legacy",2060,"Hafnium","operation_demand","kt",0.00171242183055555
"3597","USA","Limited Trade - Adv. Reactor","Limited","Reactor - Adv.","Fuel - Mod.","Nuclear - Legacy",2060,"Zirconium","operation_demand","kt",0.292364702777778
"3598","USA","Limited Trade - Adv. Reactor","Limited","Reactor - Adv.","Fuel - Mod.","Nuclear - SMR - BWR",2060,"Zirconium","operation_demand","kt",0.123784592592593
"3599","USA","Limited Trade - Adv. Reactor","Limited","Reactor - Adv.","Fuel - Mod.","Nuclear - SMR - HTGR",2060,"Graphite","operation_demand","kt",163.496166666667
"3600","USA","Limited Trade - Adv. Reactor","Limited","Reactor - Adv.","Fuel - Mod.","Nuclear - SMR - HTGR",2060,"Silicon carbide","operation_demand","kt",0.0326992333333333
"3601","USA","Limited Trade - Adv. Reactor","Limited","Reactor - Adv.","Fuel - Mod.","Nuclear - SMR - PWR modular",2060,"Zirconium","operation_demand","kt",0.0205432037037037
"3602","USA","Limited Trade - Adv. Reactor","Limited","Reactor - Adv.","Fuel - Mod.","Nuclear - Large - PWR",2065,"Hafnium","operation_demand","kt",0.00244251008333333
"3603","USA","Limited Trade - Adv. Reactor","Limited","Reactor - Adv.","Fuel - Mod.","Nuclear - Large - PWR",2065,"Zirconium","operation_demand","kt",0.417013916666667
"3604","USA","Limited Trade - Adv. Reactor","Limited","Reactor - Adv.","Fuel - Mod.","Nuclear - Legacy",2065,"Hafnium","operation_demand","kt",0.00097924308888889
"3605","USA","Limited Trade - Adv. Reactor","Limited","Reactor - Adv.","Fuel - Mod.","Nuclear - Legacy",2065,"Zirconium","operation_demand","kt",0.167187844444445
"3606","USA","Limited Trade - Adv. Reactor","Limited","Reactor - Adv.","Fuel - Mod.","Nuclear - SMR - BWR",2065,"Zirconium","operation_demand","kt",0.172048888888889
"3607","USA","Limited Trade - Adv. Reactor","Limited","Reactor - Adv.","Fuel - Mod.","Nuclear - SMR - HTGR",2065,"Graphite","operation_demand","kt",218.614
"3608","USA","Limited Trade - Adv. Reactor","Limited","Reactor - Adv.","Fuel - Mod.","Nuclear - SMR - HTGR",2065,"Silicon carbide","operation_demand","kt",0.0437228
"3609","USA","Limited Trade - Adv. Reactor","Limited","Reactor - Adv.","Fuel - Mod.","Nuclear - SMR - PWR modular",2065,"Zirconium","operation_demand","kt",0.0248170555555555
"3610","USA","Limited Trade - Adv. Reactor","Limited","Reactor - Adv.","Fuel - Mod.","Nuclear - Large - PWR",2070,"Hafnium","operation_demand","kt",0.00287754081111111
"3611","USA","Limited Trade - Adv. Reactor","Limited","Reactor - Adv.","Fuel - Mod.","Nuclear - Large - PWR",2070,"Zirconium","operation_demand","kt",0.491287455555555
"3612","USA","Limited Trade - Adv. Reactor","Limited","Reactor - Adv.","Fuel - Mod.","Nuclear - Legacy",2070,"Hafnium","operation_demand","kt",0.000189471819444444
"3613","USA","Limited Trade - Adv. Reactor","Limited","Reactor - Adv.","Fuel - Mod.","Nuclear - Legacy",2070,"Zirconium","operation_demand","kt",0.0323488472222222
"3614","USA","Limited Trade - Adv. Reactor","Limited","Reactor - Adv.","Fuel - Mod.","Nuclear - SMR - BWR",2070,"Zirconium","operation_demand","kt",0.217198203703704
"3615","USA","Limited Trade - Adv. Reactor","Limited","Reactor - Adv.","Fuel - Mod.","Nuclear - SMR - HTGR",2070,"Graphite","operation_demand","kt",281.532888888888
"3616","USA","Limited Trade - Adv. Reactor","Limited","Reactor - Adv.","Fuel - Mod.","Nuclear - SMR - HTGR",2070,"Silicon carbide","operation_demand","kt",0.0563065777777776
"3617","USA","Limited Trade - Adv. Reactor","Limited","Reactor - Adv.","Fuel - Mod.","Nuclear - SMR - PWR modular",2070,"Zirconium","operation_demand","kt",0.0294239074074074
"3618","USA","Limited Trade - Adv. Reactor","Limited","Reactor - Adv.","Fuel - Mod.","Nuclear - Large - PWR",2075,"Hafnium","operation_demand","kt",0.00330480853055556
"3619","USA","Limited Trade - Adv. Reactor","Limited","Reactor - Adv.","Fuel - Mod.","Nuclear - Large - PWR",2075,"Zirconium","operation_demand","kt",0.564235602777778
"3620","USA","Limited Trade - Adv. Reactor","Limited","Reactor - Adv.","Fuel - Mod.","Nuclear - Legacy",2075,"Hafnium","operation_demand","kt",7.40620583333335e-05
"3621","USA","Limited Trade - Adv. Reactor","Limited","Reactor - Adv.","Fuel - Mod.","Nuclear - Legacy",2075,"Zirconium","operation_demand","kt",0.0126447416666667
"3622","USA","Limited Trade - Adv. Reactor","Limited","Reactor - Adv.","Fuel - Mod.","Nuclear - SMR - BWR",2075,"Zirconium","operation_demand","kt",0.258143962962963
"3623","USA","Limited Trade - Adv. Reactor","Limited","Reactor - Adv.","Fuel - Mod.","Nuclear - SMR - HTGR",2075,"Graphite","operation_demand","kt",348.818
"3624","USA","Limited Trade - Adv. Reactor","Limited","Reactor - Adv.","Fuel - Mod.","Nuclear - SMR - HTGR",2075,"Silicon carbide","operation_demand","kt",0.0697636
"3625","USA","Limited Trade - Adv. Reactor","Limited","Reactor - Adv.","Fuel - Mod.","Nuclear - SMR - PWR modular",2075,"Zirconium","operation_demand","kt",0.0341292962962963
"3626","USA","Limited Trade - Adv. Reactor","Limited","Reactor - Adv.","Fuel - Mod.","Nuclear - Large - PWR",2080,"Hafnium","operation_demand","kt",0.00382081255
"3627","USA","Limited Trade - Adv. Reactor","Limited","Reactor - Adv.","Fuel - Mod.","Nuclear - Large - PWR",2080,"Zirconium","operation_demand","kt",0.65233385
"3628","USA","Limited Trade - Adv. Reactor","Limited","Reactor - Adv.","Fuel - Mod.","Nuclear - Legacy",2080,"Hafnium","operation_demand","kt",3.77728444444444e-05
"3629","USA","Limited Trade - Adv. Reactor","Limited","Reactor - Adv.","Fuel - Mod.","Nuclear - Legacy",2080,"Zirconium","operation_demand","kt",0.00644902222222222
"3630","USA","Limited Trade - Adv. Reactor","Limited","Reactor - Adv.","Fuel - Mod.","Nuclear - SMR - BWR",2080,"Zirconium","operation_demand","kt",0.305780851851852
"3631","USA","Limited Trade - Adv. Reactor","Limited","Reactor - Adv.","Fuel - Mod.","Nuclear - SMR - HTGR",2080,"Graphite","operation_demand","kt",438.3115
"3632","USA","Limited Trade - Adv. Reactor","Limited","Reactor - Adv.","Fuel - Mod.","Nuclear - SMR - HTGR",2080,"Silicon carbide","operation_demand","kt",0.0876623
"3633","USA","Limited Trade - Adv. Reactor","Limited","Reactor - Adv.","Fuel - Mod.","Nuclear - SMR - PWR modular",2080,"Zirconium","operation_demand","kt",0.0401678148148148
"3634","USA","Limited Trade - Adv. Reactor","Limited","Reactor - Adv.","Fuel - Mod.","Nuclear - Large - PWR",2085,"Hafnium","operation_demand","kt",0.0042010835638889
"3635","USA","Limited Trade - Adv. Reactor","Limited","Reactor - Adv.","Fuel - Mod.","Nuclear - Large - PWR",2085,"Zirconium","operation_demand","kt",0.717258169444446
"3636","USA","Limited Trade - Adv. Reactor","Limited","Reactor - Adv.","Fuel - Mod.","Nuclear - Legacy",2085,"Hafnium","operation_demand","kt",3.77648722222222e-05
"3637","USA","Limited Trade - Adv. Reactor","Limited","Reactor - Adv.","Fuel - Mod.","Nuclear - Legacy",2085,"Zirconium","operation_demand","kt",0.00644766111111111
"3638","USA","Limited Trade - Adv. Reactor","Limited","Reactor - Adv.","Fuel - Mod.","Nuclear - SMR - BWR",2085,"Zirconium","operation_demand","kt",0.340128518518519
"3639","USA","Limited Trade - Adv. Reactor","Limited","Reactor - Adv.","Fuel - Mod.","Nuclear - SMR - HTGR",2085,"Graphite","operation_demand","kt",506.035444444444
"3640","USA","Limited Trade - Adv. Reactor","Limited","Reactor - Adv.","Fuel - Mod.","Nuclear - SMR - HTGR",2085,"Silicon carbide","operation_demand","kt",0.101207088888889
"3641","USA","Limited Trade - Adv. Reactor","Limited","Reactor - Adv.","Fuel - Mod.","Nuclear - SMR - PWR modular",2085,"Zirconium","operation_demand","kt",0.0450131851851852
"3642","USA","Limited Trade - Adv. Reactor","Limited","Reactor - Adv.","Fuel - Mod.","Nuclear - Large - PWR",2090,"Hafnium","operation_demand","kt",0.0044638593972222
"3643","USA","Limited Trade - Adv. Reactor","Limited","Reactor - Adv.","Fuel - Mod.","Nuclear - Large - PWR",2090,"Zirconium","operation_demand","kt",0.762122336111108
"3644","USA","Limited Trade - Adv. Reactor","Limited","Reactor - Adv.","Fuel - Mod.","Nuclear - Legacy",2090,"Hafnium","operation_demand","kt",3.77391333333333e-05
"3645","USA","Limited Trade - Adv. Reactor","Limited","Reactor - Adv.","Fuel - Mod.","Nuclear - Legacy",2090,"Zirconium","operation_demand","kt",0.00644326666666667
"3646","USA","Limited Trade - Adv. Reactor","Limited","Reactor - Adv.","Fuel - Mod.","Nuclear - SMR - BWR",2090,"Zirconium","operation_demand","kt",0.367963425925926
"3647","USA","Limited Trade - Adv. Reactor","Limited","Reactor - Adv.","Fuel - Mod.","Nuclear - SMR - HTGR",2090,"Graphite","operation_demand","kt",560.978333333334
"3648","USA","Limited Trade - Adv. Reactor","Limited","Reactor - Adv.","Fuel - Mod.","Nuclear - SMR - HTGR",2090,"Silicon carbide","operation_demand","kt",0.112195666666667
"3649","USA","Limited Trade - Adv. Reactor","Limited","Reactor - Adv.","Fuel - Mod.","Nuclear - SMR - PWR modular",2090,"Zirconium","operation_demand","kt",0.0492784259259259
"3650","USA","Limited Trade - Adv. Reactor","Limited","Reactor - Adv.","Fuel - Mod.","Nuclear - Large - PWR",2095,"Hafnium","operation_demand","kt",0.00471237258333335
"3651","USA","Limited Trade - Adv. Reactor","Limited","Reactor - Adv.","Fuel - Mod.","Nuclear - Large - PWR",2095,"Zirconium","operation_demand","kt",0.804551416666669
"3652","USA","Limited Trade - Adv. Reactor","Limited","Reactor - Adv.","Fuel - Mod.","Nuclear - Legacy",2095,"Hafnium","operation_demand","kt",3.76875416666666e-05
"3653","USA","Limited Trade - Adv. Reactor","Limited","Reactor - Adv.","Fuel - Mod.","Nuclear - Legacy",2095,"Zirconium","operation_demand","kt",0.00643445833333333
"3654","USA","Limited Trade - Adv. Reactor","Limited","Reactor - Adv.","Fuel - Mod.","Nuclear - SMR - BWR",2095,"Zirconium","operation_demand","kt",0.396004888888889
"3655","USA","Limited Trade - Adv. Reactor","Limited","Reactor - Adv.","Fuel - Mod.","Nuclear - SMR - HTGR",2095,"Graphite","operation_demand","kt",615.170111111112
"3656","USA","Limited Trade - Adv. Reactor","Limited","Reactor - Adv.","Fuel - Mod.","Nuclear - SMR - HTGR",2095,"Silicon carbide","operation_demand","kt",0.123034022222222
"3657","USA","Limited Trade - Adv. Reactor","Limited","Reactor - Adv.","Fuel - Mod.","Nuclear - SMR - PWR modular",2095,"Zirconium","operation_demand","kt",0.0523831481481481
"3658","USA","Limited Trade - Adv. Reactor","Limited","Reactor - Adv.","Fuel - Mod.","Nuclear - Large - PWR",2100,"Hafnium","operation_demand","kt",0.0048225635
"3659","USA","Limited Trade - Adv. Reactor","Limited","Reactor - Adv.","Fuel - Mod.","Nuclear - Large - PWR",2100,"Zirconium","operation_demand","kt",0.8233645
"3660","USA","Limited Trade - Adv. Reactor","Limited","Reactor - Adv.","Fuel - Mod.","Nuclear - SMR - BWR",2100,"Zirconium","operation_demand","kt",0.419124555555555
"3661","USA","Limited Trade - Adv. Reactor","Limited","Reactor - Adv.","Fuel - Mod.","Nuclear - SMR - HTGR",2100,"Graphite","operation_demand","kt",661.117611111112
"3662","USA","Limited Trade - Adv. Reactor","Limited","Reactor - Adv.","Fuel - Mod.","Nuclear - SMR - HTGR",2100,"Silicon carbide","operation_demand","kt",0.132223522222222
"3663","USA","Limited Trade - Adv. Reactor","Limited","Reactor - Adv.","Fuel - Mod.","Nuclear - SMR - PWR modular",2100,"Zirconium","operation_demand","kt",0.0547868703703703
"3664","USA","Unrestricted Trade","Unrestricted","Reactor - Mod.","Fuel - Mod.","Nuclear - Legacy",2021,"Hafnium","operation_demand","kt",0.00332736853
"3665","USA","Unrestricted Trade","Unrestricted","Reactor - Mod.","Fuel - Mod.","Nuclear - Legacy",2021,"Zirconium","operation_demand","kt",0.56808731
"3666","USA","Unrestricted Trade","Unrestricted","Reactor - Mod.","Fuel - Mod.","Nuclear - Large - PWR",2025,"Hafnium","operation_demand","kt",7.51666666666665e-05
"3667","USA","Unrestricted Trade","Unrestricted","Reactor - Mod.","Fuel - Mod.","Nuclear - Large - PWR",2025,"Zirconium","operation_demand","kt",0.0128333333333333
"3668","USA","Unrestricted Trade","Unrestricted","Reactor - Mod.","Fuel - Mod.","Nuclear - Legacy",2025,"Hafnium","operation_demand","kt",0.00331470980277778
"3669","USA","Unrestricted Trade","Unrestricted","Reactor - Mod.","Fuel - Mod.","Nuclear - Legacy",2025,"Zirconium","operation_demand","kt",0.565926063888889
"3670","USA","Unrestricted Trade","Unrestricted","Reactor - Mod.","Fuel - Mod.","Nuclear - Large - PWR",2030,"Hafnium","operation_demand","kt",0.00012723735
"3671","USA","Unrestricted Trade","Unrestricted","Reactor - Mod.","Fuel - Mod.","Nuclear - Large - PWR",2030,"Zirconium","operation_demand","kt",0.02172345
"3672","USA","Unrestricted Trade","Unrestricted","Reactor - Mod.","Fuel - Mod.","Nuclear - Legacy",2030,"Hafnium","operation_demand","kt",0.00331414491388889
"3673","USA","Unrestricted Trade","Unrestricted","Reactor - Mod.","Fuel - Mod.","Nuclear - Legacy",2030,"Zirconium","operation_demand","kt",0.565829619444445
"3674","USA","Unrestricted Trade","Unrestricted","Reactor - Mod.","Fuel - Mod.","Nuclear - Large - PWR",2035,"Hafnium","operation_demand","kt",0.000223640308333333
"3675","USA","Unrestricted Trade","Unrestricted","Reactor - Mod.","Fuel - Mod.","Nuclear - Large - PWR",2035,"Zirconium","operation_demand","kt",0.0381824916666667
"3676","USA","Unrestricted Trade","Unrestricted","Reactor - Mod.","Fuel - Mod.","Nuclear - Legacy",2035,"Hafnium","operation_demand","kt",0.00323312936944445
"3677","USA","Unrestricted Trade","Unrestricted","Reactor - Mod.","Fuel - Mod.","Nuclear - Legacy",2035,"Zirconium","operation_demand","kt",0.551997697222222
"3678","USA","Unrestricted Trade","Unrestricted","Reactor - Mod.","Fuel - Mod.","Nuclear - SMR - BWR",2035,"Zirconium","operation_demand","kt",0.00234287037037037
"3679","USA","Unrestricted Trade","Unrestricted","Reactor - Mod.","Fuel - Mod.","Nuclear - SMR - HTGR",2035,"Graphite","operation_demand","kt",5.95677777777778
"3680","USA","Unrestricted Trade","Unrestricted","Reactor - Mod.","Fuel - Mod.","Nuclear - SMR - HTGR",2035,"Silicon carbide","operation_demand","kt",0.00119135555555556
"3681","USA","Unrestricted Trade","Unrestricted","Reactor - Mod.","Fuel - Mod.","Nuclear - SMR - PWR modular",2035,"Zirconium","operation_demand","kt",0.00193612962962963
"3682","USA","Unrestricted Trade","Unrestricted","Reactor - Mod.","Fuel - Mod.","Nuclear - Large - PWR",2040,"Hafnium","operation_demand","kt",0.00043035331111111
"3683","USA","Unrestricted Trade","Unrestricted","Reactor - Mod.","Fuel - Mod.","Nuclear - Large - PWR",2040,"Zirconium","operation_demand","kt",0.0734749555555554
"3684","USA","Unrestricted Trade","Unrestricted","Reactor - Mod.","Fuel - Mod.","Nuclear - Legacy",2040,"Hafnium","operation_demand","kt",0.00323289350555556
"3685","USA","Unrestricted Trade","Unrestricted","Reactor - Mod.","Fuel - Mod.","Nuclear - Legacy",2040,"Zirconium","operation_demand","kt",0.551957427777778
"3686","USA","Unrestricted Trade","Unrestricted","Reactor - Mod.","Fuel - Mod.","Nuclear - SMR - BWR",2040,"Zirconium","operation_demand","kt",0.00719479629629627
"3687","USA","Unrestricted Trade","Unrestricted","Reactor - Mod.","Fuel - Mod.","Nuclear - SMR - HTGR",2040,"Graphite","operation_demand","kt",16.4742777777778
"3688","USA","Unrestricted Trade","Unrestricted","Reactor - Mod.","Fuel - Mod.","Nuclear - SMR - HTGR",2040,"Silicon carbide","operation_demand","kt",0.00329485555555556
"3689","USA","Unrestricted Trade","Unrestricted","Reactor - Mod.","Fuel - Mod.","Nuclear - SMR - PWR modular",2040,"Zirconium","operation_demand","kt",0.00500985185185185
"3690","USA","Unrestricted Trade","Unrestricted","Reactor - Mod.","Fuel - Mod.","Nuclear - Large - PWR",2045,"Hafnium","operation_demand","kt",0.00068170472222222
"3691","USA","Unrestricted Trade","Unrestricted","Reactor - Mod.","Fuel - Mod.","Nuclear - Large - PWR",2045,"Zirconium","operation_demand","kt",0.116388611111111
"3692","USA","Unrestricted Trade","Unrestricted","Reactor - Mod.","Fuel - Mod.","Nuclear - Legacy",2045,"Hafnium","operation_demand","kt",0.00323233567777778
"3693","USA","Unrestricted Trade","Unrestricted","Reactor - Mod.","Fuel - Mod.","Nuclear - Legacy",2045,"Zirconium","operation_demand","kt",0.551862188888889
"3694","USA","Unrestricted Trade","Unrestricted","Reactor - Mod.","Fuel - Mod.","Nuclear - SMR - BWR",2045,"Zirconium","operation_demand","kt",0.0148063148148148
"3695","USA","Unrestricted Trade","Unrestricted","Reactor - Mod.","Fuel - Mod.","Nuclear - SMR - HTGR",2045,"Graphite","operation_demand","kt",31.6361666666666
"3696","USA","Unrestricted Trade","Unrestricted","Reactor - Mod.","Fuel - Mod.","Nuclear - SMR - HTGR",2045,"Silicon carbide","operation_demand","kt",0.00632723333333332
"3697","USA","Unrestricted Trade","Unrestricted","Reactor - Mod.","Fuel - Mod.","Nuclear - SMR - PWR modular",2045,"Zirconium","operation_demand","kt",0.0085713703703704
"3698","USA","Unrestricted Trade","Unrestricted","Reactor - Mod.","Fuel - Mod.","Nuclear - Large - PWR",2050,"Hafnium","operation_demand","kt",0.00114702579444444
"3699","USA","Unrestricted Trade","Unrestricted","Reactor - Mod.","Fuel - Mod.","Nuclear - Large - PWR",2050,"Zirconium","operation_demand","kt",0.195833672222222
"3700","USA","Unrestricted Trade","Unrestricted","Reactor - Mod.","Fuel - Mod.","Nuclear - Legacy",2050,"Hafnium","operation_demand","kt",0.00311922738333333
"3701","USA","Unrestricted Trade","Unrestricted","Reactor - Mod.","Fuel - Mod.","Nuclear - Legacy",2050,"Zirconium","operation_demand","kt",0.532551016666667
"3702","USA","Unrestricted Trade","Unrestricted","Reactor - Mod.","Fuel - Mod.","Nuclear - SMR - BWR",2050,"Zirconium","operation_demand","kt",0.0318567777777778
"3703","USA","Unrestricted Trade","Unrestricted","Reactor - Mod.","Fuel - Mod.","Nuclear - SMR - HTGR",2050,"Graphite","operation_demand","kt",63.7291666666666
"3704","USA","Unrestricted Trade","Unrestricted","Reactor - Mod.","Fuel - Mod.","Nuclear - SMR - HTGR",2050,"Silicon carbide","operation_demand","kt",0.0127458333333333
"3705","USA","Unrestricted Trade","Unrestricted","Reactor - Mod.","Fuel - Mod.","Nuclear - SMR - PWR modular",2050,"Zirconium","operation_demand","kt",0.0153256296296296
"3706","USA","Unrestricted Trade","Unrestricted","Reactor - Mod.","Fuel - Mod.","Nuclear - Large - PWR",2055,"Hafnium","operation_demand","kt",0.00149395230555556
"3707","USA","Unrestricted Trade","Unrestricted","Reactor - Mod.","Fuel - Mod.","Nuclear - Large - PWR",2055,"Zirconium","operation_demand","kt",0.255065027777778
"3708","USA","Unrestricted Trade","Unrestricted","Reactor - Mod.","Fuel - Mod.","Nuclear - Legacy",2055,"Hafnium","operation_demand","kt",0.0022123477
"3709","USA","Unrestricted Trade","Unrestricted","Reactor - Mod.","Fuel - Mod.","Nuclear - Legacy",2055,"Zirconium","operation_demand","kt",0.3777179
"3710","USA","Unrestricted Trade","Unrestricted","Reactor - Mod.","Fuel - Mod.","Nuclear - SMR - BWR",2055,"Zirconium","operation_demand","kt",0.0490494074074074
"3711","USA","Unrestricted Trade","Unrestricted","Reactor - Mod.","Fuel - Mod.","Nuclear - SMR - HTGR",2055,"Graphite","operation_demand","kt",93.9941111111112
"3712","USA","Unrestricted Trade","Unrestricted","Reactor - Mod.","Fuel - Mod.","Nuclear - SMR - HTGR",2055,"Silicon carbide","operation_demand","kt",0.0187988222222222
"3713","USA","Unrestricted Trade","Unrestricted","Reactor - Mod.","Fuel - Mod.","Nuclear - SMR - PWR modular",2055,"Zirconium","operation_demand","kt",0.0204531296296296
"3714","USA","Unrestricted Trade","Unrestricted","Reactor - Mod.","Fuel - Mod.","Nuclear - Large - PWR",2060,"Hafnium","operation_demand","kt",0.00178250051111111
"3715","USA","Unrestricted Trade","Unrestricted","Reactor - Mod.","Fuel - Mod.","Nuclear - Large - PWR",2060,"Zirconium","operation_demand","kt",0.304329355555555
"3716","USA","Unrestricted Trade","Unrestricted","Reactor - Mod.","Fuel - Mod.","Nuclear - Legacy",2060,"Hafnium","operation_demand","kt",0.00171968315833333
"3717","USA","Unrestricted Trade","Unrestricted","Reactor - Mod.","Fuel - Mod.","Nuclear - Legacy",2060,"Zirconium","operation_demand","kt",0.293604441666667
"3718","USA","Unrestricted Trade","Unrestricted","Reactor - Mod.","Fuel - Mod.","Nuclear - SMR - BWR",2060,"Zirconium","operation_demand","kt",0.0658411481481481
"3719","USA","Unrestricted Trade","Unrestricted","Reactor - Mod.","Fuel - Mod.","Nuclear - SMR - HTGR",2060,"Graphite","operation_demand","kt",122.512055555556
"3720","USA","Unrestricted Trade","Unrestricted","Reactor - Mod.","Fuel - Mod.","Nuclear - SMR - HTGR",2060,"Silicon carbide","operation_demand","kt",0.0245024111111111
"3721","USA","Unrestricted Trade","Unrestricted","Reactor - Mod.","Fuel - Mod.","Nuclear - SMR - PWR modular",2060,"Zirconium","operation_demand","kt",0.0247132222222222
"3722","USA","Unrestricted Trade","Unrestricted","Reactor - Mod.","Fuel - Mod.","Nuclear - Large - PWR",2065,"Hafnium","operation_demand","kt",0.00209514259444444
"3723","USA","Unrestricted Trade","Unrestricted","Reactor - Mod.","Fuel - Mod.","Nuclear - Large - PWR",2065,"Zirconium","operation_demand","kt",0.357707272222222
"3724","USA","Unrestricted Trade","Unrestricted","Reactor - Mod.","Fuel - Mod.","Nuclear - Legacy",2065,"Hafnium","operation_demand","kt",0.00098330937777778
"3725","USA","Unrestricted Trade","Unrestricted","Reactor - Mod.","Fuel - Mod.","Nuclear - Legacy",2065,"Zirconium","operation_demand","kt",0.167882088888889
"3726","USA","Unrestricted Trade","Unrestricted","Reactor - Mod.","Fuel - Mod.","Nuclear - SMR - BWR",2065,"Zirconium","operation_demand","kt",0.085277722222222
"3727","USA","Unrestricted Trade","Unrestricted","Reactor - Mod.","Fuel - Mod.","Nuclear - SMR - HTGR",2065,"Graphite","operation_demand","kt",154.941
"3728","USA","Unrestricted Trade","Unrestricted","Reactor - Mod.","Fuel - Mod.","Nuclear - SMR - HTGR",2065,"Silicon carbide","operation_demand","kt",0.0309882
"3729","USA","Unrestricted Trade","Unrestricted","Reactor - Mod.","Fuel - Mod.","Nuclear - SMR - PWR modular",2065,"Zirconium","operation_demand","kt",0.0293207592592593
"3730","USA","Unrestricted Trade","Unrestricted","Reactor - Mod.","Fuel - Mod.","Nuclear - Large - PWR",2070,"Hafnium","operation_demand","kt",0.00241894487777778
"3731","USA","Unrestricted Trade","Unrestricted","Reactor - Mod.","Fuel - Mod.","Nuclear - Large - PWR",2070,"Zirconium","operation_demand","kt",0.412990588888889
"3732","USA","Unrestricted Trade","Unrestricted","Reactor - Mod.","Fuel - Mod.","Nuclear - Legacy",2070,"Hafnium","operation_demand","kt",0.000190226447222222
"3733","USA","Unrestricted Trade","Unrestricted","Reactor - Mod.","Fuel - Mod.","Nuclear - Legacy",2070,"Zirconium","operation_demand","kt",0.0324776861111111
"3734","USA","Unrestricted Trade","Unrestricted","Reactor - Mod.","Fuel - Mod.","Nuclear - SMR - BWR",2070,"Zirconium","operation_demand","kt",0.106576648148148
"3735","USA","Unrestricted Trade","Unrestricted","Reactor - Mod.","Fuel - Mod.","Nuclear - SMR - HTGR",2070,"Graphite","operation_demand","kt",189.965555555556
"3736","USA","Unrestricted Trade","Unrestricted","Reactor - Mod.","Fuel - Mod.","Nuclear - SMR - HTGR",2070,"Silicon carbide","operation_demand","kt",0.0379931111111111
"3737","USA","Unrestricted Trade","Unrestricted","Reactor - Mod.","Fuel - Mod.","Nuclear - SMR - PWR modular",2070,"Zirconium","operation_demand","kt",0.0340953333333333
"3738","USA","Unrestricted Trade","Unrestricted","Reactor - Mod.","Fuel - Mod.","Nuclear - Large - PWR",2075,"Hafnium","operation_demand","kt",0.00273321557222222
"3739","USA","Unrestricted Trade","Unrestricted","Reactor - Mod.","Fuel - Mod.","Nuclear - Large - PWR",2075,"Zirconium","operation_demand","kt",0.466646561111111
"3740","USA","Unrestricted Trade","Unrestricted","Reactor - Mod.","Fuel - Mod.","Nuclear - Legacy",2075,"Hafnium","operation_demand","kt",7.43394916666665e-05
"3741","USA","Unrestricted Trade","Unrestricted","Reactor - Mod.","Fuel - Mod.","Nuclear - Legacy",2075,"Zirconium","operation_demand","kt",0.0126921083333333
"3742","USA","Unrestricted Trade","Unrestricted","Reactor - Mod.","Fuel - Mod.","Nuclear - SMR - BWR",2075,"Zirconium","operation_demand","kt",0.128307925925926
"3743","USA","Unrestricted Trade","Unrestricted","Reactor - Mod.","Fuel - Mod.","Nuclear - SMR - HTGR",2075,"Graphite","operation_demand","kt",225.290111111112
"3744","USA","Unrestricted Trade","Unrestricted","Reactor - Mod.","Fuel - Mod.","Nuclear - SMR - HTGR",2075,"Silicon carbide","operation_demand","kt",0.0450580222222224
"3745","USA","Unrestricted Trade","Unrestricted","Reactor - Mod.","Fuel - Mod.","Nuclear - SMR - PWR modular",2075,"Zirconium","operation_demand","kt",0.0387300555555555
"3746","USA","Unrestricted Trade","Unrestricted","Reactor - Mod.","Fuel - Mod.","Nuclear - Large - PWR",2080,"Hafnium","operation_demand","kt",0.00312905736111111
"3747","USA","Unrestricted Trade","Unrestricted","Reactor - Mod.","Fuel - Mod.","Nuclear - Large - PWR",2080,"Zirconium","operation_demand","kt",0.534229305555555
"3748","USA","Unrestricted Trade","Unrestricted","Reactor - Mod.","Fuel - Mod.","Nuclear - Legacy",2080,"Hafnium","operation_demand","kt",3.79231777777778e-05
"3749","USA","Unrestricted Trade","Unrestricted","Reactor - Mod.","Fuel - Mod.","Nuclear - Legacy",2080,"Zirconium","operation_demand","kt",0.00647468888888889
"3750","USA","Unrestricted Trade","Unrestricted","Reactor - Mod.","Fuel - Mod.","Nuclear - SMR - BWR",2080,"Zirconium","operation_demand","kt",0.156609851851852
"3751","USA","Unrestricted Trade","Unrestricted","Reactor - Mod.","Fuel - Mod.","Nuclear - SMR - HTGR",2080,"Graphite","operation_demand","kt",270.936666666666
"3752","USA","Unrestricted Trade","Unrestricted","Reactor - Mod.","Fuel - Mod.","Nuclear - SMR - HTGR",2080,"Silicon carbide","operation_demand","kt",0.0541873333333332
"3753","USA","Unrestricted Trade","Unrestricted","Reactor - Mod.","Fuel - Mod.","Nuclear - SMR - PWR modular",2080,"Zirconium","operation_demand","kt",0.0445782222222222
"3754","USA","Unrestricted Trade","Unrestricted","Reactor - Mod.","Fuel - Mod.","Nuclear - Large - PWR",2085,"Hafnium","operation_demand","kt",0.00342326698333333
"3755","USA","Unrestricted Trade","Unrestricted","Reactor - Mod.","Fuel - Mod.","Nuclear - Large - PWR",2085,"Zirconium","operation_demand","kt",0.584460216666667
"3756","USA","Unrestricted Trade","Unrestricted","Reactor - Mod.","Fuel - Mod.","Nuclear - Legacy",2085,"Hafnium","operation_demand","kt",3.78949333333333e-05
"3757","USA","Unrestricted Trade","Unrestricted","Reactor - Mod.","Fuel - Mod.","Nuclear - Legacy",2085,"Zirconium","operation_demand","kt",0.00646986666666667
"3758","USA","Unrestricted Trade","Unrestricted","Reactor - Mod.","Fuel - Mod.","Nuclear - SMR - BWR",2085,"Zirconium","operation_demand","kt",0.178877833333333
"3759","USA","Unrestricted Trade","Unrestricted","Reactor - Mod.","Fuel - Mod.","Nuclear - SMR - HTGR",2085,"Graphite","operation_demand","kt",306.403722222222
"3760","USA","Unrestricted Trade","Unrestricted","Reactor - Mod.","Fuel - Mod.","Nuclear - SMR - HTGR",2085,"Silicon carbide","operation_demand","kt",0.0612807444444444
"3761","USA","Unrestricted Trade","Unrestricted","Reactor - Mod.","Fuel - Mod.","Nuclear - SMR - PWR modular",2085,"Zirconium","operation_demand","kt",0.0489568703703704
"3762","USA","Unrestricted Trade","Unrestricted","Reactor - Mod.","Fuel - Mod.","Nuclear - Large - PWR",2090,"Hafnium","operation_demand","kt",0.00362492286388889
"3763","USA","Unrestricted Trade","Unrestricted","Reactor - Mod.","Fuel - Mod.","Nuclear - Large - PWR",2090,"Zirconium","operation_demand","kt",0.618889269444445
"3764","USA","Unrestricted Trade","Unrestricted","Reactor - Mod.","Fuel - Mod.","Nuclear - Legacy",2090,"Hafnium","operation_demand","kt",3.78572361111111e-05
"3765","USA","Unrestricted Trade","Unrestricted","Reactor - Mod.","Fuel - Mod.","Nuclear - Legacy",2090,"Zirconium","operation_demand","kt",0.00646343055555555
"3766","USA","Unrestricted Trade","Unrestricted","Reactor - Mod.","Fuel - Mod.","Nuclear - SMR - BWR",2090,"Zirconium","operation_demand","kt",0.198468685185185
"3767","USA","Unrestricted Trade","Unrestricted","Reactor - Mod.","Fuel - Mod.","Nuclear - SMR - HTGR",2090,"Graphite","operation_demand","kt",337.414944444444
"3768","USA","Unrestricted Trade","Unrestricted","Reactor - Mod.","Fuel - Mod.","Nuclear - SMR - HTGR",2090,"Silicon carbide","operation_demand","kt",0.0674829888888888
"3769","USA","Unrestricted Trade","Unrestricted","Reactor - Mod.","Fuel - Mod.","Nuclear - SMR - PWR modular",2090,"Zirconium","operation_demand","kt",0.052744537037037
"3770","USA","Unrestricted Trade","Unrestricted","Reactor - Mod.","Fuel - Mod.","Nuclear - Large - PWR",2095,"Hafnium","operation_demand","kt",0.00381598388888889
"3771","USA","Unrestricted Trade","Unrestricted","Reactor - Mod.","Fuel - Mod.","Nuclear - Large - PWR",2095,"Zirconium","operation_demand","kt",0.651509444444444
"3772","USA","Unrestricted Trade","Unrestricted","Reactor - Mod.","Fuel - Mod.","Nuclear - Legacy",2095,"Hafnium","operation_demand","kt",3.78035944444445e-05
"3773","USA","Unrestricted Trade","Unrestricted","Reactor - Mod.","Fuel - Mod.","Nuclear - Legacy",2095,"Zirconium","operation_demand","kt",0.00645427222222222
"3774","USA","Unrestricted Trade","Unrestricted","Reactor - Mod.","Fuel - Mod.","Nuclear - SMR - BWR",2095,"Zirconium","operation_demand","kt",0.218552370370371
"3775","USA","Unrestricted Trade","Unrestricted","Reactor - Mod.","Fuel - Mod.","Nuclear - SMR - HTGR",2095,"Graphite","operation_demand","kt",366.881277777778
"3776","USA","Unrestricted Trade","Unrestricted","Reactor - Mod.","Fuel - Mod.","Nuclear - SMR - HTGR",2095,"Silicon carbide","operation_demand","kt",0.0733762555555556
"3777","USA","Unrestricted Trade","Unrestricted","Reactor - Mod.","Fuel - Mod.","Nuclear - SMR - PWR modular",2095,"Zirconium","operation_demand","kt",0.0551645555555555
"3778","USA","Unrestricted Trade","Unrestricted","Reactor - Mod.","Fuel - Mod.","Nuclear - Large - PWR",2100,"Hafnium","operation_demand","kt",0.00388744916666667
"3779","USA","Unrestricted Trade","Unrestricted","Reactor - Mod.","Fuel - Mod.","Nuclear - Large - PWR",2100,"Zirconium","operation_demand","kt",0.663710833333333
"3780","USA","Unrestricted Trade","Unrestricted","Reactor - Mod.","Fuel - Mod.","Nuclear - SMR - BWR",2100,"Zirconium","operation_demand","kt",0.235506907407407
"3781","USA","Unrestricted Trade","Unrestricted","Reactor - Mod.","Fuel - Mod.","Nuclear - SMR - HTGR",2100,"Graphite","operation_demand","kt",390.684833333334
"3782","USA","Unrestricted Trade","Unrestricted","Reactor - Mod.","Fuel - Mod.","Nuclear - SMR - HTGR",2100,"Silicon carbide","operation_demand","kt",0.0781369666666668
"3783","USA","Unrestricted Trade","Unrestricted","Reactor - Mod.","Fuel - Mod.","Nuclear - SMR - PWR modular",2100,"Zirconium","operation_demand","kt",0.0563111296296296
